CAB,PROPINSI,KOTA/KABUPATEN,KECAMATAN,KELURAHAN
YOGYAKARTA, JAWA TENGAH , BANJARNEGARA , BANJARNEGARA , KRANDEGAN 
YOGYAKARTA, JAWA TENGAH , BANJARNEGARA , BANJARNEGARA , KUTABANJARNEGARA (KUTA BANJARNEGARA) 
YOGYAKARTA, JAWA TENGAH , BANJARNEGARA , PURWOREJA KLAMPOK (PURWOREJO KLAMPOK) , PURWAREJA (PURWOREJO) 
YOGYAKARTA, JAWA TENGAH , BANJARNEGARA , BANJARNEGARA , SEMARANG 
YOGYAKARTA, JAWA TENGAH , BANJARNEGARA , BANJARNEGARA , WANGON 
YOGYAKARTA, JAWA TENGAH , BANJARNEGARA , WANADADI (WONODADI) , WWANADADI 
YOGYAKARTA, JAWA TENGAH , BANJARNEGARA , KARANGKOBAR , LEKSANA 
YOGYAKARTA, JAWA TENGAH , BANJARNEGARA , BATUR , DIENG KULON 
YOGYAKARTA, JAWA TENGAH , BANJARNEGARA , BAWANG , PUCANG 
YOGYAKARTA, JAWA TENGAH , BANJARNEGARA , WANADADI (WONODADI) , LINGGASARI 
YOGYAKARTA, JAWA TENGAH , BANJARNEGARA , WANAYASA , WANAYASA 
YOGYAKARTA, JAWA TENGAH , BANJARNEGARA , WANADADI (WONODADI) , TAPEN 
YOGYAKARTA, JAWA TENGAH , BANJARNEGARA , BANJARNEGARA , PARAKANCANGGAH 
YOGYAKARTA, JAWA TENGAH , BANJARNEGARA , BAWANG , GEMURUH 
YOGYAKARTA, JAWA TENGAH , BANJARNEGARA , BAWANG , MANTRIANOM 
YOGYAKARTA, JAWA TENGAH , BANJARNEGARA , MADUKARA , REJASA 
YOGYAKARTA, JAWA TENGAH , BANJARNEGARA , SUSUKAN , SUSUKAN 
YOGYAKARTA, JAWA TENGAH , BANJARNEGARA , MADUKARA , PETAMBAKAN 
YOGYAKARTA, JAWA TENGAH , BANJARNEGARA , PURWANEGARA (PURWONEGORO) , PURWONEGORO 
YOGYAKARTA, JAWA TENGAH , BANJARNEGARA , PURWOREJA KLAMPOK (PURWOREJO KLAMPOK) , KALIWINASUH 
YOGYAKARTA, JAWA TENGAH , BANJARNEGARA , PURWANEGARA (PURWONEGORO) , GUMIWANG 
YOGYAKARTA, JAWA TENGAH , BANJARNEGARA , BATUR , KARANGTENGAH 
YOGYAKARTA, JAWA TENGAH , BANJARNEGARA , PURWOREJA KLAMPOK (PURWOREJO KLAMPOK) , KALIMANDI 
YOGYAKARTA, DI YOGYAKARTA , BANTUL , PIYUNGAN , SRIMULYO 
YOGYAKARTA, DI YOGYAKARTA , BANTUL , BANTUL , BANTUL 
YOGYAKARTA, DI YOGYAKARTA , BANTUL , SEWON , BANGUNHARJO 
YOGYAKARTA, DI YOGYAKARTA , BANTUL , KASIHAN , NGESTIHARJO 
YOGYAKARTA, DI YOGYAKARTA , BANTUL , BANGUNTAPAN , BANGUNTAPAN 
YOGYAKARTA, DI YOGYAKARTA , BANTUL , IMOGIRI , IMOGIRI 
YOGYAKARTA, DI YOGYAKARTA , BANTUL , KASIHAN , TAMANTIRTO 
YOGYAKARTA, DI YOGYAKARTA , BANTUL , SEWON , PANGGUNGHARJO 
YOGYAKARTA, DI YOGYAKARTA , BANTUL , KASIHAN , BANGUNJIWO 
YOGYAKARTA, DI YOGYAKARTA , BANTUL , IMOGIRI , WUKIRSARI 
YOGYAKARTA, DI YOGYAKARTA , BANTUL , BANGUNTAPAN , BATURETNO 
YOGYAKARTA, DI YOGYAKARTA , BANTUL , BANGUNTAPAN , TAMANAN 
YOGYAKARTA, DI YOGYAKARTA , BANTUL , KRETEK , PARANGTRITIS 
YOGYAKARTA, DI YOGYAKARTA , BANTUL , SEWON , PENDOWOHARJO 
YOGYAKARTA, DI YOGYAKARTA , BANTUL , PAJANGAN , SENDANGSARI 
YOGYAKARTA, DI YOGYAKARTA , BANTUL , KASIHAN , TIRTONIRMOLO 
YOGYAKARTA, DI YOGYAKARTA , BANTUL , PAJANGAN , GUWOSARI 
YOGYAKARTA, JAWA TENGAH , BANYUMAS , WANGON , BANTERAN 
YOGYAKARTA, JAWA TENGAH , BANYUMAS , AJIBARANG , AJIBARANG KULON 
YOGYAKARTA, JAWA TENGAH , BANYUMAS , SOKARAJA , SOKARAJA TENGAH 
YOGYAKARTA, JAWA TENGAH , BANYUMAS , PURWOKERTO UTARA , GRENDENG 
YOGYAKARTA, JAWA TENGAH , BANYUMAS , PURWOKERTO UTARA , PURWANEGARA 
YOGYAKARTA, JAWA TENGAH , BANYUMAS , PURWOKERTO BARAT , KEDUNGWULUH 
YOGYAKARTA, JAWA TENGAH , BANYUMAS , PURWOKERTO BARAT , BANTARSOKA 
YOGYAKARTA, JAWA TENGAH , BANYUMAS , PURWOKERTO TIMUR , PURWOKERTO WETAN 
YOGYAKARTA, JAWA TENGAH , BANYUMAS , PURWOKERTO TIMUR , PURWOKERTO LOR 
YOGYAKARTA, JAWA TENGAH , BANYUMAS , PURWOKERTO BARAT , KOBER 
YOGYAKARTA, JAWA TENGAH , BANYUMAS , BATURRADEN (BATURADEN) , REMPOAH 
YOGYAKARTA, JAWA TENGAH , BANYUMAS , KARANGLEWAS , PASIR KULON 
YOGYAKARTA, JAWA TENGAH , BANYUMAS , PURWOKERTO UTARA , BOBOSAN 
YOGYAKARTA, JAWA TENGAH , BANYUMAS , JATILAWANG , TUNJUNG (TANJUNG) 
YOGYAKARTA, JAWA TENGAH , BANYUMAS , SOKARAJA , SOKARAJA KIDUL 
YOGYAKARTA, JAWA TENGAH , BANYUMAS , PURWOKERTO UTARA , PABUARAN 
YOGYAKARTA, JAWA TENGAH , BANYUMAS , RAWALO , BANJARPARAKAN 
YOGYAKARTA, JAWA TENGAH , BANYUMAS , BATURRADEN (BATURADEN) , PURWOSARI 
YOGYAKARTA, JAWA TENGAH , BANYUMAS , WANGON , KLAPAGADING 
YOGYAKARTA, JAWA TENGAH , BANYUMAS , KEMBARAN , LEDUG 
YOGYAKARTA, JAWA TENGAH , BANYUMAS , CILONGOK , PERNASIDI 
YOGYAKARTA, JAWA TENGAH , BANYUMAS , PATIKRAJA , NOTOG 
YOGYAKARTA, JAWA TENGAH , BANYUMAS , PURWOKERTO SELATAN , KARANGKLESEM (KARANG KLESEM) 
YOGYAKARTA, JAWA TENGAH , BANYUMAS , PURWOKERTO TIMUR , ARCAWINANGUN 
YOGYAKARTA, JAWA TENGAH , BANYUMAS , KEMBARAN , DUKUHWALUH 
YOGYAKARTA, JAWA TENGAH , BANYUMAS , SUMPIUH , KRADENAN 
YOGYAKARTA, JAWA TENGAH , BANYUMAS , PURWOKERTO SELATAN , KARANGPUCUNG (KARANG PUCUNG) 
YOGYAKARTA, JAWA TENGAH , BANYUMAS , PURWOKERTO UTARA , BANCARKEMBAR 
YOGYAKARTA, JAWA TENGAH , BANYUMAS , PURWOKERTO BARAT , PASIRMUNCANG 
YOGYAKARTA, JAWA TENGAH , BANYUMAS , KEMBARAN , TAMBAKSARI KIDUL 
YOGYAKARTA, JAWA TENGAH , BANYUMAS , PURWOKERTO UTARA , SUMAMPIR 
YOGYAKARTA, JAWA TENGAH , BANYUMAS , PURWOKERTO SELATAN , TELUK 
YOGYAKARTA, JAWA TENGAH , BANYUMAS , PURWOKERTO BARAT , PASIR KIDUL 
YOGYAKARTA, JAWA TENGAH , BANYUMAS , PURWOKERTO SELATAN , PURWOKERTO KULON 
YOGYAKARTA, JAWA TENGAH , BANYUMAS , PURWOKERTO TIMUR , SOKANEGARA 
YOGYAKARTA, JAWA TENGAH , BANYUMAS , PURWOKERTO SELATAN , PURWOKERTO KIDUL 
YOGYAKARTA, JAWA TENGAH , BANYUMAS , SOKARAJA , KARANGKEDAWUNG 
YOGYAKARTA, JAWA TENGAH , BANYUMAS , SOKARAJA , PAMIJEN 
YOGYAKARTA, JAWA TENGAH , BANYUMAS , BANYUMAS , SUDAGARAN 
YOGYAKARTA, JAWA TENGAH , BANYUMAS , WANGON , KLAPAGADING KULON 
YOGYAKARTA, JAWA TENGAH , BANYUMAS , AJIBARANG , PANCURENDANG 
YOGYAKARTA, JAWA TENGAH , BANYUMAS , SOKARAJA , KARANGRAU 
YOGYAKARTA, JAWA TENGAH , CILACAP , CILACAP SELATAN , TAMBAKREJA 
YOGYAKARTA, JAWA TENGAH , CILACAP , CILACAP SELATAN , SIDAKAYA 
YOGYAKARTA, JAWA TENGAH , CILACAP , CILACAP TENGAH , GUNUNGSIMPING 
YOGYAKARTA, JAWA TENGAH , CILACAP , CILACAP SELATAN , TEGALREJA (TEGALREJO) 
YOGYAKARTA, JAWA TENGAH , CILACAP , CILACAP TENGAH , SIDANEGARA 
YOGYAKARTA, JAWA TENGAH , CILACAP , CILACAP UTARA , KEBONMANIS 
YOGYAKARTA, JAWA TENGAH , CILACAP , ADIPALA , ADIPALA 
YOGYAKARTA, JAWA TENGAH , CILACAP , KROYA , BAJING KULON 
YOGYAKARTA, JAWA TENGAH , CILACAP , CILACAP TENGAH , DONAN 
YOGYAKARTA, JAWA TENGAH , CILACAP , MAOS , MAOS LOR 
YOGYAKARTA, JAWA TENGAH , CILACAP , SAMPANG , SAMPANG 
YOGYAKARTA, JAWA TENGAH , CILACAP , CILACAP UTARA , MERTASINGA 
YOGYAKARTA, JAWA TENGAH , CILACAP , KROYA , KROYA 
YOGYAKARTA, JAWA TENGAH , CILACAP , KESUGIHAN , SLARANG 
YOGYAKARTA, JAWA TENGAH , CILACAP , CILACAP UTARA , GUMILIR 
YOGYAKARTA, JAWA TENGAH , CILACAP , CILACAP SELATAN , CILACAP 
YOGYAKARTA, JAWA TENGAH , CILACAP , CILACAP UTARA , TRITIH KULON 
YOGYAKARTA, JAWA TENGAH , CILACAP , KESUGIHAN , KARANGKANDRI 
YOGYAKARTA, JAWA TENGAH , CILACAP , BINANGUN , BINANGUN 
YOGYAKARTA, JAWA TENGAH , CILACAP , NUSAWUNGU , DANASRI 
YOGYAKARTA, JAWA TENGAH , CILACAP , NUSAWUNGU , JETIS 
YOGYAKARTA, JAWA TENGAH , CILACAP , NUSAWUNGU , NUSAWUNGU 
YOGYAKARTA, JAWA TENGAH , CILACAP , KESUGIHAN , PLANJAN 
YOGYAKARTA, JAWA TENGAH , CILACAP , KROYA , KARANGMANGU 
YOGYAKARTA, JAWA TENGAH , CILACAP , KROYA , MUJUR 
YOGYAKARTA, JAWA TENGAH , CILACAP , ADIPALA , KALIKUDI 
YOGYAKARTA, JAWA TENGAH , CILACAP , KROYA , BUNTU 
YOGYAKARTA, JAWA TENGAH , CILACAP , BINANGUN , WIDARAPAYUNG WETAN 
YOGYAKARTA, JAWA TENGAH , CILACAP , NUSAWUNGU , BANJARSARI 
YOGYAKARTA, JAWA TENGAH , CILACAP , SAMPANG , KARANGJATI 
YOGYAKARTA, JAWA TENGAH , CILACAP , NUSAWUNGU , KARANGTAWANG 
YOGYAKARTA, JAWA TENGAH , CILACAP , SAMPANG , KARANGTENGAH 
YOGYAKARTA, JAWA TENGAH , CILACAP , JERUKLEGI , TRITIH LOR 
YOGYAKARTA, JAWA TENGAH , KEBUMEN , GOMBONG , WONOKRIYO 
YOGYAKARTA, JAWA TENGAH , KEBUMEN , PREMBUN , PREMBUN 
YOGYAKARTA, JAWA TENGAH , KEBUMEN , GOMBONG , GOMBONG 
YOGYAKARTA, JAWA TENGAH , KEBUMEN , KUTOWINANGUN , KUTOWINANGUN 
YOGYAKARTA, JAWA TENGAH , KEBUMEN , PETANAHAN , PETANAHAN 
YOGYAKARTA, JAWA TENGAH , KEBUMEN , KARANGANYAR , KARANGANYAR 
YOGYAKARTA, JAWA TENGAH , KEBUMEN , KEBUMEN , BUMIREJO 
YOGYAKARTA, JAWA TENGAH , KEBUMEN , SEMPOR , JATINEGARA (JATINEGORO) 
YOGYAKARTA, JAWA TENGAH , KEBUMEN , KEBUMEN , KEBUMEN 
YOGYAKARTA, JAWA TENGAH , KEBUMEN , SEMPOR , SELOKERTO 
YOGYAKARTA, JAWA TENGAH , KEBUMEN , KEBUMEN , TAMANWINANGUN 
YOGYAKARTA, JAWA TENGAH , KEBUMEN , KEBUMEN , KAWEDUSAN 
YOGYAKARTA, JAWA TENGAH , KEBUMEN , KEBUMEN , KEMBARAN 
YOGYAKARTA, JAWA TENGAH , KEBUMEN , KEBUMEN , KUTOSARI 
YOGYAKARTA, JAWA TENGAH , KEBUMEN , KLIRONG , PODOLUHUR 
YOGYAKARTA, JAWA TENGAH , KEBUMEN , ROWOKELE , ROWOKELE 
YOGYAKARTA, JAWA TENGAH , KEBUMEN , KEBUMEN , PANJER 
YOGYAKARTA, JAWA TENGAH , KEBUMEN , AYAH , DEMANGSARI 
YOGYAKARTA, JAWA TENGAH , KEBUMEN , KEBUMEN , SELANG 
YOGYAKARTA, JAWA TENGAH , KEBUMEN , KEBUMEN , WONOSARI 
YOGYAKARTA, JAWA TENGAH , KEBUMEN , ALIAN/ALIYAN , BOJONGSARI 
YOGYAKARTA, JAWA TENGAH , KEBUMEN , AMBAL , KEMBANGSAWIT 
YOGYAKARTA, JAWA TENGAH , KEBUMEN , SRUWENG , GIWANGRETNO 
YOGYAKARTA, JAWA TENGAH , KEBUMEN , PURING , KALENG 
YOGYAKARTA, JAWA TENGAH , KEBUMEN , BUAYAN , ROGODONO 
YOGYAKARTA, JAWA TENGAH , KEBUMEN , BULUSPESANTREN , AYAMPUTIH 
YOGYAKARTA, JAWA TENGAH , KEBUMEN , BUAYAN , PURBOWANGI 
YOGYAKARTA, JAWA TENGAH , KEBUMEN , ROWOKELE , JATILUHUR 
YOGYAKARTA, JAWA TENGAH , KEBUMEN , PURING , TAMBAKMULYO 
YOGYAKARTA, DI YOGYAKARTA , KULON PROGO , WATES , WATES 
YOGYAKARTA, DI YOGYAKARTA , KULON PROGO , SENTOLO , SENTOLO 
YOGYAKARTA, DI YOGYAKARTA , KULON PROGO , TEMON , TEMON WETAN 
YOGYAKARTA, DI YOGYAKARTA , KULON PROGO , TEMON , GLAGAH 
YOGYAKARTA, DI YOGYAKARTA , KULON PROGO , WATES , GIRIPENI (GIRI PENI) 
YOGYAKARTA, DI YOGYAKARTA , KULON PROGO , PENGASIH , PENGASIH 
YOGYAKARTA, DI YOGYAKARTA , KULON PROGO , WATES , SOGAN 
YOGYAKARTA, DI YOGYAKARTA , KULON PROGO , PENGASIH , TAWANGSARI 
YOGYAKARTA, DI YOGYAKARTA , KULON PROGO , NANGGULAN , JATISARONO (JATI SARONO) 
YOGYAKARTA, DI YOGYAKARTA , KULON PROGO , GALUR , BROSOT 
YOGYAKARTA, DI YOGYAKARTA , KULON PROGO , TEMON , KEDUNDANG 
YOGYAKARTA, DI YOGYAKARTA , KULON PROGO , WATES , TRIHARJO 
YOGYAKARTA, DI YOGYAKARTA , KULON PROGO , SENTOLO , SUKORENO 
YOGYAKARTA, JAWA TENGAH , MAGELANG , MAGELANG TENGAH , REJOWINANGUN UTARA 
YOGYAKARTA, JAWA TENGAH , MAGELANG , MUNTILAN , PUCUNGREJO 
YOGYAKARTA, JAWA TENGAH , MAGELANG , SECANG , SECANG 
YOGYAKARTA, JAWA TENGAH , MAGELANG , BOROBUDUR , BOROBUDUR 
YOGYAKARTA, JAWA TENGAH , MAGELANG , GRABAG , GRABAG 
YOGYAKARTA, JAWA TENGAH , MAGELANG , MAGELANG TENGAH , MAGELANG 
YOGYAKARTA, JAWA TENGAH , MAGELANG , MAGELANG UTARA , KEDUNGSARI 
YOGYAKARTA, JAWA TENGAH , MAGELANG , MAGELANG UTARA , POTROBANGSAN 
YOGYAKARTA, JAWA TENGAH , MAGELANG , MAGELANG SELATAN , MAGERSARI 
YOGYAKARTA, JAWA TENGAH , MAGELANG , MERTOYUDAN , SUMBERREJO 
YOGYAKARTA, JAWA TENGAH , MAGELANG , MERTOYUDAN , BANYUROJO 
YOGYAKARTA, JAWA TENGAH , MAGELANG , MERTOYUDAN , BULUREJO 
YOGYAKARTA, JAWA TENGAH , MAGELANG , MAGELANG UTARA , KRAMAT SELATAN 
YOGYAKARTA, JAWA TENGAH , MAGELANG , MUNGKID , MUNGKID 
YOGYAKARTA, JAWA TENGAH , MAGELANG , MAGELANG TENGAH , PANJANG 
YOGYAKARTA, JAWA TENGAH , MAGELANG , MAGELANG SELATAN , JURANGOMBO SELATAN 
YOGYAKARTA, JAWA TENGAH , MAGELANG , MERTOYUDAN , DEYANGAN 
YOGYAKARTA, JAWA TENGAH , MAGELANG , MERTOYUDAN , MERTOYUDAN 
YOGYAKARTA, JAWA TENGAH , MAGELANG , SALAM , JUMOYO 
YOGYAKARTA, JAWA TENGAH , MAGELANG , MUNTILAN , GUNUNGPRING 
YOGYAKARTA, JAWA TENGAH , MAGELANG , MUNGKID , PABELAN 
YOGYAKARTA, JAWA TENGAH , MAGELANG , TEGALREJO , BANYUURIP 
YOGYAKARTA, JAWA TENGAH , MAGELANG , BOROBUDUR , TUKSONGO 
YOGYAKARTA, JAWA TENGAH , MAGELANG , CANDIMULYO , SUROJOYO 
YOGYAKARTA, JAWA TENGAH , MAGELANG , MERTOYUDAN , BANJARNEGORO 
YOGYAKARTA, JAWA TENGAH , MAGELANG , SECANG , PANCURANMAS 
YOGYAKARTA, JAWA TENGAH , MAGELANG , MUNGKID , BUMIREJO 
YOGYAKARTA, JAWA TENGAH , MAGELANG , MUNGKID , NGRAJEK 
YOGYAKARTA, JAWA TENGAH , MAGELANG , BOROBUDUR , WRINGINPUTIH 
YOGYAKARTA, JAWA TENGAH , MAGELANG , MERTOYUDAN , KALINEGORO 
YOGYAKARTA, JAWA TENGAH , MAGELANG , SAWANGAN , SAWANGAN 
YOGYAKARTA, JAWA TENGAH , PURBALINGGA , BOBOTSARI , BOBOTSARI 
YOGYAKARTA, JAWA TENGAH , PURBALINGGA , KALIMANAH , KALIKABONG 
YOGYAKARTA, JAWA TENGAH , PURBALINGGA , PURBALINGGA , KEDUNGMENJANGAN (KEDUNG MENJANGAN) 
YOGYAKARTA, JAWA TENGAH , PURBALINGGA , PURBALINGGA , PURBALINGGA WETAN 
YOGYAKARTA, JAWA TENGAH , PURBALINGGA , KARANGMONCOL , PEKIRINGAN 
YOGYAKARTA, JAWA TENGAH , PURBALINGGA , BUKATEJA , BUKATEJA 
YOGYAKARTA, JAWA TENGAH , PURBALINGGA , REMBANG , MAKAM 
YOGYAKARTA, JAWA TENGAH , PURBALINGGA , PURBALINGGA , PURBALINGGA KULON 
YOGYAKARTA, JAWA TENGAH , PURBALINGGA , PURBALINGGA , KEMBARAN KULON 
YOGYAKARTA, JAWA TENGAH , PURBALINGGA , PURBALINGGA , PURBALINGGA LOR 
YOGYAKARTA, JAWA TENGAH , PURBALINGGA , KEMANGKON , PANICAN 
YOGYAKARTA, JAWA TENGAH , PURBALINGGA , BOJONGSARI , BOJONGSARI 
YOGYAKARTA, JAWA TENGAH , PURBALINGGA , KKALIGONDANG , KKALIGONDANG 
YOGYAKARTA, JAWA TENGAH , PURBALINGGA , KKALIGONDANG , KALIKAJAR 
YOGYAKARTA, JAWA TENGAH , PURBALINGGA , KALIMANAH , MEWEK 
YOGYAKARTA, JAWA TENGAH , PURBALINGGA , PADAMARA , BOJANEGARA 
YOGYAKARTA, JAWA TENGAH , PURBALINGGA , KKALIGONDANG , PENARUBAN 
YOGYAKARTA, JAWA TENGAH , PURBALINGGA , BOJONGSARI , GEMBONG 
YOGYAKARTA, JAWA TENGAH , PURBALINGGA , KALIMANAH , BABAKAN 
YOGYAKARTA, JAWA TENGAH , PURBALINGGA , BOBOTSARI , KARANGDUREN 
YOGYAKARTA, JAWA TENGAH , PURBALINGGA , PADAMARA , PADAMARA 
YOGYAKARTA, JAWA TENGAH , PURBALINGGA , KEMANGKON , JETIS 
YOGYAKARTA, JAWA TENGAH , PURBALINGGA , KUTASARI , MUNJUL 
YOGYAKARTA, JAWA TENGAH , PURBALINGGA , KALIMANAH , JOMPO 
YOGYAKARTA, JAWA TENGAH , PURBALINGGA , PENGADEGAN , PENGADEGAN (PANGADEGAN) 
YOGYAKARTA, JAWA TENGAH , PURBALINGGA , KARANGMONCOL , PEPEDAN 
YOGYAKARTA, JAWA TENGAH , PURBALINGGA , KALIMANAH , KARANGMANYAR 
YOGYAKARTA, JAWA TENGAH , PURBALINGGA , BUKATEJA , BAJONG 
YOGYAKARTA, JAWA TENGAH , PURBALINGGA , KERTANEGARA , KASIH 
YOGYAKARTA, JAWA TENGAH , PURBALINGGA , BOBOTSARI , TLAGAYASA 
YOGYAKARTA, JAWA TENGAH , PURBALINGGA , BUKATEJA , KARANGCENGIS 
YOGYAKARTA, JAWA TENGAH , PURBALINGGA , PURBALINGGA , BANCAR 
YOGYAKARTA, JAWA TENGAH , PURBALINGGA , KEJOBONG , TIMBANG 
YOGYAKARTA, JAWA TENGAH , PURWOREJO , KUTOARJO , KUTOARJO 
YOGYAKARTA, JAWA TENGAH , PURWOREJO , PURWODADI , PURWODADI 
YOGYAKARTA, JAWA TENGAH , PURWOREJO , PURWOREJO , PANGENREJO 
YOGYAKARTA, JAWA TENGAH , PURWOREJO , KUTOARJO , BANDUNG 
YOGYAKARTA, JAWA TENGAH , PURWOREJO , PURWOREJO , PURWOREJO 
YOGYAKARTA, JAWA TENGAH , PURWOREJO , PURWOREJO , SINDURJAN 
YOGYAKARTA, JAWA TENGAH , PURWOREJO , PURWOREJO , PANGENJURUTENGAH (PANGENJURU TENGAH) 
YOGYAKARTA, JAWA TENGAH , PURWOREJO , BAYAN , DUKUHREJO 
YOGYAKARTA, JAWA TENGAH , PURWOREJO , GRABAG , UKIRSARI 
YOGYAKARTA, JAWA TENGAH , PURWOREJO , KUTOARJO , KATERBAN 
YOGYAKARTA, JAWA TENGAH , PURWOREJO , BUTUH , KALIWATUBUMI 
YOGYAKARTA, JAWA TENGAH , PURWOREJO , NGOMBOL , DEPOKREJO 
YOGYAKARTA, JAWA TENGAH , PURWOREJO , BAYAN , BESOLE 
YOGYAKARTA, JAWA TENGAH , PURWOREJO , PURWOREJO , CANGKREPLOR (CANGKREP LOR) 
YOGYAKARTA, JAWA TENGAH , PURWOREJO , BAGELEN , BAGELEN 
YOGYAKARTA, JAWA TENGAH , PURWOREJO , BAYAN , SUCENJURUTENGAH (SUCENJURU TENGAH) 
YOGYAKARTA, JAWA TENGAH , PURWOREJO , LOANO , LOANO 
YOGYAKARTA, JAWA TENGAH , PURWOREJO , BANYUURIP , BOROKULON (BORO KULON) 
YOGYAKARTA, JAWA TENGAH , PURWOREJO , KUTOARJO , SEMAWUNG DALEMAN 
YOGYAKARTA, JAWA TENGAH , PURWOREJO , PURWODADI , JOGORESAN 
YOGYAKARTA, JAWA TENGAH , PURWOREJO , KEMIRI , KEMIRI KIDUL 
YOGYAKARTA, JAWA TENGAH , PURWOREJO , BANYUURIP , CONDONGSARI 
YOGYAKARTA, JAWA TENGAH , PURWOREJO , LOANO , TRIREJO 
YOGYAKARTA, JAWA TENGAH , PURWOREJO , GRABAG , SANGUBANYU 
YOGYAKARTA, JAWA TENGAH , PURWOREJO , BENER , KALIBOTO 
YOGYAKARTA, DI YOGYAKARTA , SLEMAN , NGAGLIK , SARIHARJO (SARI HARJO) 
YOGYAKARTA, DI YOGYAKARTA , SLEMAN , PAKEM , PAKEMBINANGUN (PAKEM BINANGUN) 
YOGYAKARTA, DI YOGYAKARTA , SLEMAN , GAMPING , AMBARKETAWANG 
YOGYAKARTA, DI YOGYAKARTA , SLEMAN , MLATI , SINDUADI 
YOGYAKARTA, DI YOGYAKARTA , SLEMAN , SLEMAN , TRIHARJO 
YOGYAKARTA, DI YOGYAKARTA , SLEMAN , MLATI , SENDANGADI 
YOGYAKARTA, DI YOGYAKARTA , SLEMAN , NGAGLIK , SARDONOHARJO 
YOGYAKARTA, DI YOGYAKARTA , SLEMAN , GAMPING , BANYURADEN 
YOGYAKARTA, DI YOGYAKARTA , SLEMAN , GODEAN , SIDOARUM 
YOGYAKARTA, DI YOGYAKARTA , SLEMAN , GAMPING , TRIHANGGO 
YOGYAKARTA, DI YOGYAKARTA , SLEMAN , NGAGLIK , MINOMARTANI 
YOGYAKARTA, DI YOGYAKARTA , SLEMAN , NGAGLIK , SINDUHARJO 
YOGYAKARTA, DI YOGYAKARTA , SLEMAN , MOYUDAN , SUMBERAGUNG (SUMBER AGUNG) 
YOGYAKARTA, DI YOGYAKARTA , SLEMAN , GAMPING , BALECATUR 
YOGYAKARTA, DI YOGYAKARTA , SLEMAN , GODEAN , SIDOKARTO 
YOGYAKARTA, DI YOGYAKARTA , SLEMAN , GODEAN , SIDOAGUNG 
YOGYAKARTA, DI YOGYAKARTA , SLEMAN , GODEAN , SIDOMOYO 
YOGYAKARTA, DI YOGYAKARTA , SLEMAN , MLATI , SUMBERADI 
YOGYAKARTA, DI YOGYAKARTA , SLEMAN , SLEMAN , PANDOWOHARJO (PANDOWO HARJO) 
YOGYAKARTA, DI YOGYAKARTA , SLEMAN , NGAGLIK , SUKOHARJO (SUKO HARJO) 
YOGYAKARTA, DI YOGYAKARTA , SLEMAN , GODEAN , SIDOLUHUR 
YOGYAKARTA, DI YOGYAKARTA , SLEMAN , SEYEGAN , MARGOLUWIH 
YOGYAKARTA, DI YOGYAKARTA , SLEMAN , MLATI , TLOGOADI 
YOGYAKARTA, DI YOGYAKARTA , SLEMAN , GAMPING , NOGOTIRTO 
YOGYAKARTA, DI YOGYAKARTA , SLEMAN , MOYUDAN , SUMBERSARI 
YOGYAKARTA, DI YOGYAKARTA , SLEMAN , SEYEGAN , MARGOMULYO 
YOGYAKARTA, DI YOGYAKARTA , SLEMAN , TEMPEL , MARGOREJO (MARGO REJO) 
YOGYAKARTA, DI YOGYAKARTA , SLEMAN , TEMPEL , LUMBUNGREJO (LUMBUNG REJO) 
YOGYAKARTA, DI YOGYAKARTA , SLEMAN , SLEMAN , TRIDADI 
YOGYAKARTA, DI YOGYAKARTA , SLEMAN , TURI , DONOKERTO 
YOGYAKARTA, DI YOGYAKARTA , SLEMAN , PAKEM , PURWOBINANGUN (PURWO BINANGUN) 
YOGYAKARTA, JAWA TENGAH , TEMANGGUNG , TEMANGGUNG , JAMPIROSO 
YOGYAKARTA, JAWA TENGAH , TEMANGGUNG , KRANGGAN , KRANGGAN 
YOGYAKARTA, JAWA TENGAH , TEMANGGUNG , TEMANGGUNG , TEMANGGUNG II 
YOGYAKARTA, JAWA TENGAH , TEMANGGUNG , NGADIREJO , NGADIREJO 
YOGYAKARTA, JAWA TENGAH , TEMANGGUNG , TEMANGGUNG , MANDING 
YOGYAKARTA, JAWA TENGAH , TEMANGGUNG , PARAKAN , PARAKAN KAUMAN 
YOGYAKARTA, JAWA TENGAH , TEMANGGUNG , BULU , NGIMBRANG 
YOGYAKARTA, JAWA TENGAH , TEMANGGUNG , TEMANGGUNG , KOWANGAN 
YOGYAKARTA, JAWA TENGAH , TEMANGGUNG , TEMANGGUNG , BANYUURIP 
YOGYAKARTA, JAWA TENGAH , TEMANGGUNG , CANDIROTO , MUNTUNG 
YOGYAKARTA, JAWA TENGAH , TEMANGGUNG , KRANGGAN , PARE 
YOGYAKARTA, JAWA TENGAH , TEMANGGUNG , PRINGSURAT , REJOSARI 
YOGYAKARTA, JAWA TENGAH , TEMANGGUNG , PARAKAN , MANDISARI 
YOGYAKARTA, JAWA TENGAH , TEMANGGUNG , JUMO , GEDONGSARI 
YOGYAKARTA, JAWA TENGAH , TEMANGGUNG , PARAKAN , TRAJI 
YOGYAKARTA, JAWA TENGAH , TEMANGGUNG , BULU , CAMPURSARI 
YOGYAKARTA, JAWA TENGAH , TEMANGGUNG , PRINGSURAT , KUPEN 
YOGYAKARTA, JAWA TENGAH , TEMANGGUNG , TEMANGGUNG , GIYANTI 
YOGYAKARTA, JAWA TENGAH , TEMANGGUNG , PRINGSURAT , NGIPIK 
YOGYAKARTA, JAWA TENGAH , TEMANGGUNG , TEMANGGUNG , JURANG 
YOGYAKARTA, JAWA TENGAH , WONOSOBO , WONOSOBO , WONOSOBO BARAT 
YOGYAKARTA, JAWA TENGAH , WONOSOBO , WONOSOBO , WONOSOBO TIMUR 
YOGYAKARTA, JAWA TENGAH , WONOSOBO , SELOMERTO , SELOMERTO 
YOGYAKARTA, JAWA TENGAH , WONOSOBO , WONOSOBO , KALIANGET 
YOGYAKARTA, JAWA TENGAH , WONOSOBO , LEKSONO , SELOKROMO 
YOGYAKARTA, JAWA TENGAH , WONOSOBO , WONOSOBO , ROJOIMO 
YOGYAKARTA, JAWA TENGAH , WONOSOBO , WONOSOBO , BUMIROSO (BUMIRESO) 
YOGYAKARTA, JAWA TENGAH , WONOSOBO , WONOSOBO , TAWANGSARI 
YOGYAKARTA, JAWA TENGAH , WONOSOBO , KALIKAJAR , KALIKAJAR 
YOGYAKARTA, JAWA TENGAH , WONOSOBO , MOJOTENGAH , BUMIREJO 
YOGYAKARTA, JAWA TENGAH , WONOSOBO , KERTEK , SUDUNGDEWO 
YOGYAKARTA, JAWA TENGAH , WONOSOBO , WONOSOBO , JARAKSARI 
YOGYAKARTA, JAWA TENGAH , WONOSOBO , MOJOTENGAH , KRASAK 
YOGYAKARTA, JAWA TENGAH , WONOSOBO , MOJOTENGAH , KALIBEBER 
YOGYAKARTA, JAWA TENGAH , WONOSOBO , KERTEK , CANDIMULYO 
YOGYAKARTA, JAWA TENGAH , WONOSOBO , SAPURAN , SEDAYU 
YOGYAKARTA, JAWA TENGAH , WONOSOBO , KEJAJAR , PATAKBANTENG 
YOGYAKARTA, JAWA TENGAH , WONOSOBO , KEJAJAR , KEJAJAR 
YOGYAKARTA, JAWA TENGAH , WONOSOBO , WONOSOBO , KRAMATAN 
YOGYAKARTA, JAWA TENGAH , WONOSOBO , KEJAJAR , TAMBI 
YOGYAKARTA, JAWA TENGAH , WONOSOBO , GARUNG , KURIPAN 
YOGYAKARTA, JAWA TENGAH , WONOSOBO , KERTEK , KAPENCAR 
YOGYAKARTA, JAWA TENGAH , WONOSOBO , KERTEK , NGADIKUSUMAN 
YOGYAKARTA, JAWA TENGAH , WONOSOBO , KERTEK , BOJASARI 
YOGYAKARTA, JAWA TENGAH , WONOSOBO , WONOSOBO , WONOSOBO BARAT 
YOGYAKARTA, JAWA TENGAH , WONOSOBO , SAPURAN , PECEKELAN 
YOGYAKARTA, JAWA TENGAH , WONOSOBO , KALIKAJAR , MADURETNO 
YOGYAKARTA, DI YOGYAKARTA , YOGYAKARTA , GONDOKUSUMAN , BACIRO 
YOGYAKARTA, DI YOGYAKARTA , YOGYAKARTA , MERGANGSAN , BRONTOKUSUMAN 
YOGYAKARTA, DI YOGYAKARTA , YOGYAKARTA , MANTRIJERON , GEDONGKIWO 
YOGYAKARTA, DI YOGYAKARTA , YOGYAKARTA , MERGANGSAN , WIROGUNAN 
YOGYAKARTA, DI YOGYAKARTA , YOGYAKARTA , UMBULHARJO , SOROSUTAN 
YOGYAKARTA, DI YOGYAKARTA , YOGYAKARTA , UMBULHARJO , GIWANGAN 
YOGYAKARTA, DI YOGYAKARTA , YOGYAKARTA , GONDOKUSUMAN , TERBAN 
YOGYAKARTA, DI YOGYAKARTA , YOGYAKARTA , GEDONGTENGEN (GEDONG TENGEN) , SOSROMENDURAN 
YOGYAKARTA, DI YOGYAKARTA , YOGYAKARTA , TEGALREJO , KRICAK 
YOGYAKARTA, DI YOGYAKARTA , YOGYAKARTA , NGAMPILAN , NGAMPILAN 
YOGYAKARTA, DI YOGYAKARTA , YOGYAKARTA , GONDOMANAN , PRAWIRODIRJAN 
YOGYAKARTA, DI YOGYAKARTA , YOGYAKARTA , KOTAGEDE , PURBAYAN 
YOGYAKARTA, DI YOGYAKARTA , YOGYAKARTA , GONDOKUSUMAN , DEMANGAN 
YOGYAKARTA, DI YOGYAKARTA , YOGYAKARTA , WIROBRAJAN , WIROBRAJAN 
YOGYAKARTA, DI YOGYAKARTA , YOGYAKARTA , NGAMPILAN , NOTOPRAJAN 
YOGYAKARTA, DI YOGYAKARTA , YOGYAKARTA , UMBULHARJO , WARUNGBOTO 
YOGYAKARTA, DI YOGYAKARTA , YOGYAKARTA , DANUREJAN , BAUSASRAN 
YOGYAKARTA, DI YOGYAKARTA , YOGYAKARTA , WIROBRAJAN , PAKUNCEN 
YOGYAKARTA, DI YOGYAKARTA , YOGYAKARTA , JETIS , COKRODININGRATAN 
YOGYAKARTA, DI YOGYAKARTA , YOGYAKARTA , KOTAGEDE , PRENGGAN 
YOGYAKARTA, DI YOGYAKARTA , YOGYAKARTA , PAKUALAMAN , PURWOKINANTI (PURWO KINANTI) 
YOGYAKARTA, DI YOGYAKARTA , YOGYAKARTA , UMBULHARJO , PANDEYAN 
YOGYAKARTA, DI YOGYAKARTA , YOGYAKARTA , MANTRIJERON , MANTRIJERON 
YOGYAKARTA, DI YOGYAKARTA , YOGYAKARTA , KRATON , KADIPATEN 
YOGYAKARTA, DI YOGYAKARTA , YOGYAKARTA , UMBULHARJO , MUJA MUJU 
YOGYAKARTA, DI YOGYAKARTA , YOGYAKARTA , KOTAGEDE , REJOWINANGUN 
YOGYAKARTA, DI YOGYAKARTA , YOGYAKARTA , UMBULHARJO , SEMAKI 
YOGYAKARTA, DI YOGYAKARTA , YOGYAKARTA , GONDOKUSUMAN , KLITREN 
YOGYAKARTA, DI YOGYAKARTA , YOGYAKARTA , TEGALREJO , TEGALREJO 
YOGYAKARTA, DI YOGYAKARTA , YOGYAKARTA , JETIS , GOWONGAN 
YOGYAKARTA, DI YOGYAKARTA , YOGYAKARTA , GONDOMANAN , NGUPASAN 
YOGYAKARTA, DI YOGYAKARTA , YOGYAKARTA , GONDOKUSUMAN , KOTABARU 
YOGYAKARTA, DI YOGYAKARTA , YOGYAKARTA , DANUREJAN , SURYATMAJAN 
YOGYAKARTA, DI YOGYAKARTA , YOGYAKARTA , JETIS , BUMIJO 
TANGERANG 2, DKI JAKARTA , JAKARTA BARAT , CENGKARENG , RAWA BUAYA 
TANGERANG 2, DKI JAKARTA , JAKARTA BARAT , CENGKARENG , DURI KOSAMBI 
TANGERANG 2, DKI JAKARTA , JAKARTA BARAT , KEMBANGAN , KEMBANGAN SELATAN 
TANGERANG 2, DKI JAKARTA , JAKARTA BARAT , CENGKARENG , CENGKARENG TIMUR 
TANGERANG 2, DKI JAKARTA , JAKARTA BARAT , KEBON JERUK , SUKABUMI UTARA (ILIR) 
TANGERANG 2, DKI JAKARTA , JAKARTA BARAT , CENGKARENG , KAPUK 
TANGERANG 2, DKI JAKARTA , JAKARTA BARAT , KALIDERES , TEGAL ALUR 
TANGERANG 2, DKI JAKARTA , JAKARTA BARAT , KEBON JERUK , DURI KEPA 
TANGERANG 2, DKI JAKARTA , JAKARTA BARAT , KALIDERES , PEGADUNGAN 
TANGERANG 2, DKI JAKARTA , JAKARTA BARAT , KEMBANGAN , MERUYA UTARA (ILIR) 
TANGERANG 2, DKI JAKARTA , JAKARTA BARAT , KEBON JERUK , KEBON JERUK 
TANGERANG 2, DKI JAKARTA , JAKARTA BARAT , KALIDERES , KALIDERES 
TANGERANG 2, DKI JAKARTA , JAKARTA BARAT , KEBON JERUK , SUKABUMI SELATAN (UDIK) 
TANGERANG 2, DKI JAKARTA , JAKARTA BARAT , KEMBANGAN , KEMBANGAN UTARA 
TANGERANG 2, DKI JAKARTA , JAKARTA BARAT , KALIDERES , SEMANAN 
TANGERANG 2, DKI JAKARTA , JAKARTA BARAT , CENGKARENG , CENGKARENG BARAT 
TANGERANG 2, DKI JAKARTA , JAKARTA BARAT , KEMBANGAN , SRENGSENG 
TANGERANG 2, DKI JAKARTA , JAKARTA BARAT , KEBON JERUK , KEDOYA UTARA 
TANGERANG 2, DKI JAKARTA , JAKARTA BARAT , KEBON JERUK , KEDOYA SELATAN 
TANGERANG 2, DKI JAKARTA , JAKARTA BARAT , KEMBANGAN , JOGLO 
TANGERANG 2, DKI JAKARTA , JAKARTA BARAT , KALIDERES , KAMAL 
TANGERANG 2, DKI JAKARTA , JAKARTA BARAT , CENGKARENG , KEDAUNG KALI ANGKE 
TANGERANG 2, DKI JAKARTA , JAKARTA BARAT , KEBON JERUK , KELAPA DUA 
TANGERANG 2, DKI JAKARTA , JAKARTA BARAT , KEMBANGAN , MERUYA SELATAN (UDIK) 
TANGERANG 2, DKI JAKARTA , JAKARTA SELATAN , PESANGGRAHAN , PETUKANGAN UTARA 
TANGERANG 2, DKI JAKARTA , JAKARTA SELATAN , PESANGGRAHAN , PESANGGRAHAN 
TANGERANG 2, DKI JAKARTA , JAKARTA SELATAN , PESANGGRAHAN , BINTARO 
TANGERANG 2, DKI JAKARTA , JAKARTA SELATAN , PESANGGRAHAN , ULUJAMI 
TANGERANG 2, DKI JAKARTA , JAKARTA SELATAN , PESANGGRAHAN , PETUKANGAN SELATAN 
TANGERANG 2, BANTEN , TANGERANG , KELAPA DUA , BOJONG NANGKA 
TANGERANG 2, BANTEN , TANGERANG , BENDA , JURUMUDI BARU 
TANGERANG 2, BANTEN , TANGERANG , KELAPA DUA , BENCONGAN INDAH 
TANGERANG 2, BANTEN , TANGERANG , CILEDUG , SUDIMARA JAYA 
TANGERANG 2, BANTEN , TANGERANG , KELAPA DUA , KELAPA DUA 
TANGERANG 2, BANTEN , TANGERANG , CILEDUG , PANINGGILAN 
TANGERANG 2, BANTEN , TANGERANG , PONDOK AREN , PONDOK KACANG TIMUR 
TANGERANG 2, BANTEN , TANGERANG , CILEDUG , SUDIMARA TIMUR 
TANGERANG 2, BANTEN , TANGERANG , KOSAMBI , DADAP 
TANGERANG 2, BANTEN , TANGERANG , LARANGAN , LARANGAN UTARA 
TANGERANG 2, BANTEN , TANGERANG , BENDA , BELENDUNG 
TANGERANG 2, BANTEN , TANGERANG , KELAPA DUA , PAKULONAN BARAT 
TANGERANG 2, BANTEN , TANGERANG , KOSAMBI , JATI MULYA (JATIMULYA) 
TANGERANG 2, BANTEN , TANGERANG , CILEDUG , SUDIMARA SELATAN 
TANGERANG 2, BANTEN , TANGERANG , LARANGAN , GAGA 
TANGERANG 2, BANTEN , TANGERANG , LARANGAN , KREO SELATAN 
TANGERANG 2, BANTEN , TANGERANG , BENDA , PAJANG 
TANGERANG 2, BANTEN , TANGERANG , BENDA , BENDA 
TANGERANG 2, BANTEN , TANGERANG , LEGOK , LEGOK 
TANGERANG 2, BANTEN , TANGERANG , CILEDUG , PANINGGILAN UTARA 
TANGERANG 2, BANTEN , TANGERANG , KOSAMBI , SALEMBARAN JAYA (SALEMBARAN RAYA) 
TANGERANG 2, BANTEN , TANGERANG , KELAPA DUA , BENCONGAN 
TANGERANG 2, BANTEN , TANGERANG , KELAPA DUA , CURUG SANGERANG (CURUG SANGERENG) 
TANGERANG 2, BANTEN , TANGERANG , PAGEDANGAN , LENGKONG KULON 
TANGERANG 2, BANTEN , TANGERANG , LARANGAN , KREO 
TANGERANG 2, BANTEN , TANGERANG , LEGOK , CIRARAB 
TANGERANG 2, BANTEN , TANGERANG , CILEDUG , PARUNG SERAB 
TANGERANG 2, BANTEN , TANGERANG , CURUG , KADU 
TANGERANG 2, BANTEN , TANGERANG , PAGEDANGAN , MEDANG 
TANGERANG 2, BANTEN , TANGERANG , CILEDUG , SUDIMARA BARAT 
TANGERANG 2, BANTEN , TANGERANG , LARANGAN , LARANGAN INDAH 
TANGERANG 2, BANTEN , TANGERANG , LEGOK , CARINGIN 
TANGERANG 2, BANTEN , TANGERANG , BENDA , JURUMUDI 
TANGERANG 2, BANTEN , TANGERANG , KOSAMBI , KOSAMBI TIMUR 
TANGERANG 2, BANTEN , TANGERANG , CILEDUG , TAJUR 
TANGERANG 2, BANTEN , TANGERANG , LEGOK , BABAKAN 
TANGERANG 2, BANTEN , TANGERANG , LEGOK , SERDANG WETAN 
TANGERANG 2, BANTEN , TANGERANG , PAGEDANGAN , JATAKE 
TANGERANG 2, BANTEN , TANGERANG , LARANGAN , LARANGAN SELATAN 
TANGERANG 2, BANTEN , TANGERANG , PAGEDANGAN , CIHUNI 
TANGERANG 2, BANTEN , TANGERANG , LARANGAN , CIPADU JAYA 
TANGERANG 2, BANTEN , TANGERANG , LEGOK , BABAT 
TANGERANG 2, BANTEN , TANGERANG , PAGEDANGAN , CIJANTRA 
TANGERANG 2, BANTEN , TANGERANG , KOSAMBI , CENGKLONG 
TANGERANG 2, BANTEN , TANGERANG , KOSAMBI , BELIMBING 
TANGERANG 2, BANTEN , TANGERANG , LEGOK , RANCAGONG 
TANGERANG 2, BANTEN , TANGERANG , KOSAMBI , RAWA BURUNG 
TANGERANG 2, BANTEN , TANGERANG , PAGEDANGAN , KADU SIRUNG 
TANGERANG 2, BANTEN , TANGERANG , PAGEDANGAN , PAGEDANGAN 
TANGERANG 2, BANTEN , TANGERANG , KOSAMBI , RANGA RENGAS (RAWA RENGAS) 
TANGERANG 2, BANTEN , TANGERANG , PAGEDANGAN , CICALENGKA 
TANGERANG 2, BANTEN , TANGERANG , LEGOK , KAMUNING (KEMUNING) 
TANGERANG 2, BANTEN , TANGERANG , KOSAMBI , SALEMBARAN JATI 
TANGERANG 2, BANTEN , TANGERANG , CIBODAS , PANUNGGANGAN BARAT 
TANGERANG 2, BANTEN , TANGERANG , CURUG , BINONG 
TANGERANG 2, BANTEN , TANGERANG SELAT , SERPONG UTARA , PONDOK JAGUNG TIMUR 
TANGERANG 2, BANTEN , TANGERANG SELAT , SERPONG UTARA , PAKUJAYA (PAKU JAYA) 
TANGERANG 2, BANTEN , TANGERANG SELAT , SERPONG UTARA , PAKULONAN 
TANGERANG 2, BANTEN , TANGERANG SELAT , SERPONG UTARA , LENGKONG KARYA 
TANGERANG 2, BANTEN , TANGERANG SELAT , SERPONG UTARA , PAKUALAM 
TANGERANG 1, JAWA BARAT , BOGOR , TENJO , TENJO 
TANGERANG 1, JAWA BARAT , BOGOR , TENJO , BATOK 
TANGERANG 1, JAWA BARAT , BOGOR , TENJO , SINGABANGSA 
TANGERANG 1, BANTEN , TANGERANG , KARAWACI , CIMONE 
TANGERANG 1, BANTEN , TANGERANG , CIPONDOH , PORIS PLAWAD INDAH 
TANGERANG 1, BANTEN , TANGERANG , CIBODAS , CIBODASARI (CIBODAS SARI) 
TANGERANG 1, BANTEN , TANGERANG , PASAR KEMIS , GELAM JAYA 
TANGERANG 1, BANTEN , TANGERANG , CURUG , BINONG 
TANGERANG 1, BANTEN , TANGERANG , PASAR KEMIS , KUTA BARU 
TANGERANG 1, BANTEN , TANGERANG , SOLEAR , PASANGGRAHAN 
TANGERANG 1, BANTEN , TANGERANG , BALARAJA , BALARAJA 
TANGERANG 1, BANTEN , TANGERANG , CIPONDOH , CIPONDOH INDAH 
TANGERANG 1, BANTEN , TANGERANG , CURUG , SUKABAKTI (SUKA BAKTI) 
TANGERANG 1, BANTEN , TANGERANG , JATIUWUNG , KERONCONG 
TANGERANG 1, BANTEN , TANGERANG , CIKUPA , CIKUPA 
TANGERANG 1, BANTEN , TANGERANG , JATIUWUNG , GANDASARI 
TANGERANG 1, BANTEN , TANGERANG , CIPONDOH , GONDRONG 
TANGERANG 1, BANTEN , TANGERANG , CIPONDOH , PETIR 
TANGERANG 1, BANTEN , TANGERANG , RAJEG , RAJEG 
TANGERANG 1, BANTEN , TANGERANG , PASAR KEMIS , KUTA JAYA 
TANGERANG 1, BANTEN , TANGERANG , CIKUPA , SUKANAGARA (SUKA NAGARA) 
TANGERANG 1, BANTEN , TANGERANG , TANGERANG , KELAPA INDAH 
TANGERANG 1, BANTEN , TANGERANG , CIKUPA , BUDI MULYA 
TANGERANG 1, BANTEN , TANGERANG , SEPATAN TIMUR , KEDAUNG BARAT 
TANGERANG 1, BANTEN , TANGERANG , KARANG TENGAH , KARANG MULYA 
TANGERANG 1, BANTEN , TANGERANG , CIBODAS , CIBODAS BARU 
TANGERANG 1, BANTEN , TANGERANG , TANGERANG , SUKAASIH (SUKA ASIH) 
TANGERANG 1, BANTEN , TANGERANG , JATIUWUNG , PASIR JAYA 
TANGERANG 1, BANTEN , TANGERANG , CIKUPA , SUKAMULYA (SUKA MULYA) 
TANGERANG 1, BANTEN , TANGERANG , TANGERANG , SUKASARI 
TANGERANG 1, BANTEN , TANGERANG , KARAWACI , KOANG JAYA 
TANGERANG 1, BANTEN , TANGERANG , PERIUK , PERIUK 
TANGERANG 1, BANTEN , TANGERANG , JATIUWUNG , MANIS JAYA 
TANGERANG 1, BANTEN , TANGERANG , CIPONDOH , CIPONDOH 
TANGERANG 1, BANTEN , TANGERANG , PINANG (PENANG) , KUNCIRAN INDAH 
TANGERANG 1, BANTEN , TANGERANG , KARAWACI , PASAR BARU 
TANGERANG 1, BANTEN , TANGERANG , PINANG (PENANG) , PANUNGGANGAN UTARA 
TANGERANG 1, BANTEN , TANGERANG , CIBODAS , PANUNGGANGAN BARAT 
TANGERANG 1, BANTEN , TANGERANG , NEGLASARI , NEGLASARI 
TANGERANG 1, BANTEN , TANGERANG , BATUCEPER , BATUSARI (BATU SARI) 
TANGERANG 1, BANTEN , TANGERANG , NEGLASARI , KARANG ANYAR 
TANGERANG 1, BANTEN , TANGERANG , KARAWACI , SUKAJADI (SUKA JADI) 
TANGERANG 1, BANTEN , TANGERANG , PANONGAN , CIAKAR 
TANGERANG 1, BANTEN , TANGERANG , TELUKNAGA , KAMPUNG MELAYU TIMUR 
TANGERANG 1, BANTEN , TANGERANG , RAJEG , DAON 
TANGERANG 1, BANTEN , TANGERANG , TANGERANG , BUARAN INDAH 
TANGERANG 1, BANTEN , TANGERANG , TIGARAKSA , TAPOS 
TANGERANG 1, BANTEN , TANGERANG , TANGERANG , CIKOKOL 
TANGERANG 1, BANTEN , TANGERANG , PASAR KEMIS , SUKAMANTRI 
TANGERANG 1, BANTEN , TANGERANG , CIPONDOH , PORIS PLAWAD UTARA 
TANGERANG 1, BANTEN , TANGERANG , CIBODAS , UWUNG JAYA 
TANGERANG 1, BANTEN , TANGERANG , CIKUPA , CIBADAK 
TANGERANG 1, BANTEN , TANGERANG , SUKAMULYA , SUKAMULYA (SUKA MULYA) 
TANGERANG 1, BANTEN , TANGERANG , JATIUWUNG , JATAKE 
TANGERANG 1, BANTEN , TANGERANG , NEGLASARI , SELAPAJANG JAYA 
TANGERANG 1, BANTEN , TANGERANG , CIKUPA , SUKADAMAI (SUKA DAMAI) 
TANGERANG 1, BANTEN , TANGERANG , TANGERANG , TANAH TINGGI 
TANGERANG 1, BANTEN , TANGERANG , NEGLASARI , KARANG SARI 
TANGERANG 1, BANTEN , TANGERANG , CIKUPA , BOJONG 
TANGERANG 1, BANTEN , TANGERANG , SEPATAN , SEPATAN 
TANGERANG 1, BANTEN , TANGERANG , TELUKNAGA , PANGKALAN 
TANGERANG 1, BANTEN , TANGERANG , SUKADIRI , BUARAN JATI 
TANGERANG 1, BANTEN , TANGERANG , PASAR KEMIS , KUTABUMI (KUTA BUMI) 
TANGERANG 1, BANTEN , TANGERANG , SEPATAN , PISANGAN JAYA 
TANGERANG 1, BANTEN , TANGERANG , KARANG TENGAH , PONDOK PUCUNG 
TANGERANG 1, BANTEN , TANGERANG , PAKUHAJI , SURYA BAHARI 
TANGERANG 1, BANTEN , TANGERANG , KARAWACI , KARAWACI BARU 
TANGERANG 1, BANTEN , TANGERANG , KARAWACI , NUSA JAYA 
TANGERANG 1, BANTEN , TANGERANG , CIKUPA , BUNDER 
TANGERANG 1, BANTEN , TANGERANG , KRONJO , KRONJO 
TANGERANG 1, BANTEN , TANGERANG , CIKUPA , PASIR JAYA 
TANGERANG 1, BANTEN , TANGERANG , BALARAJA , SAGA 
TANGERANG 1, BANTEN , TANGERANG , CURUG , KADU 
TANGERANG 1, BANTEN , TANGERANG , RAJEG , SUKATANI (SUKA TANI) 
TANGERANG 1, BANTEN , TANGERANG , BALARAJA , SENTUL JAYA 
TANGERANG 1, BANTEN , TANGERANG , RAJEG , MEKARSARI 
TANGERANG 1, BANTEN , TANGERANG , PINANG (PENANG) , PINANG 
TANGERANG 1, BANTEN , TANGERANG , PANONGAN , MEKAR BAKTI 
TANGERANG 1, BANTEN , TANGERANG , PERIUK , GEMBOR 
TANGERANG 1, BANTEN , TANGERANG , KARAWACI , BUGEL 
TANGERANG 1, BANTEN , TANGERANG , SINDANG JAYA , SUKAHARJA (SUKA HARJA) 
TANGERANG 1, BANTEN , TANGERANG , SEPATAN , KARET 
TANGERANG 1, BANTEN , TANGERANG , SUKAMULYA , MERAK 
TANGERANG 1, BANTEN , TANGERANG , CURUG , KADU JAYA 
TANGERANG 1, BANTEN , TANGERANG , RAJEG , SUKAMANAH (SUKA MANAH) 
TANGERANG 1, BANTEN , TANGERANG , NEGLASARI , MEKARSARI (MEKAR SARI) 
TANGERANG 1, BANTEN , TANGERANG , PINANG (PENANG) , KUNCIRAN JAYA 
TANGERANG 1, BANTEN , TANGERANG , BALARAJA , CANGKUDU 
TANGERANG 1, BANTEN , TANGERANG , TELUKNAGA , BOJONG RENGED 
TANGERANG 1, BANTEN , TANGERANG , CIKUPA , TALAGASARI (TALAGA SARI) 
TANGERANG 1, BANTEN , TANGERANG , TANGERANG , BABAKAN 
TANGERANG 1, BANTEN , TANGERANG , SINDANG JAYA , WANAKERTA (WANA KERTA) 
TANGERANG 1, BANTEN , TANGERANG , TELUKNAGA , TANJUNG PASIR 
TANGERANG 1, BANTEN , TANGERANG , KARAWACI , PABUARAN 
TANGERANG 1, BANTEN , TANGERANG , KARANG TENGAH , KARANG TIMUR 
TANGERANG 1, BANTEN , TANGERANG , BATUCEPER , BATUCEPER (BATU CEPER) 
TANGERANG 1, BANTEN , TANGERANG , TELUKNAGA , KAMPUNG MELAYU BARAT 
TANGERANG 1, BANTEN , TANGERANG , CIKUPA , PASIR GADUNG 
TANGERANG 1, BANTEN , TANGERANG , KARAWACI , PABUARAN TUMPENG 
TANGERANG 1, BANTEN , TANGERANG , TANGERANG , SUKARASA 
TANGERANG 1, BANTEN , TANGERANG , CIPONDOH , CIPONDOH MAKMUR 
TANGERANG 1, BANTEN , TANGERANG , BALARAJA , SENTUL 
TANGERANG 1, BANTEN , TANGERANG , PAKUHAJI , KRAMAT 
TANGERANG 1, BANTEN , TANGERANG , KEMIRI , KEMIRI 
TANGERANG 1, BANTEN , TANGERANG , KARANG TENGAH , KARANG TENGAH 
TANGERANG 1, BANTEN , TANGERANG , PINANG (PENANG) , PANUNGGANGAN TIMUR 
TANGERANG 1, BANTEN , TANGERANG , KARAWACI , GERENDENG 
TANGERANG 1, BANTEN , TANGERANG , TELUKNAGA , KAMPUNG BESAR 
TANGERANG 1, BANTEN , TANGERANG , PERIUK , GEBANG RAYA 
TANGERANG 1, BANTEN , TANGERANG , TIGARAKSA , PASIR BOLANG 
TANGERANG 1, BANTEN , TANGERANG , CIKUPA , TALAGA 
TANGERANG 1, BANTEN , TANGERANG , PERIUK , SANGIANG JAYA 
TANGERANG 1, BANTEN , TANGERANG , RAJEG , RAJEG MULYA (RAJEGMULYA) 
TANGERANG 1, BANTEN , TANGERANG , PINANG (PENANG) , SUDIMARA PINANG 
TANGERANG 1, BANTEN , TANGERANG , TIGARAKSA , PASIR NANGKA 
TANGERANG 1, BANTEN , TANGERANG , PANONGAN , RANCA IYUH 
TANGERANG 1, BANTEN , TANGERANG , PINANG (PENANG) , KUNCIRAN 
TANGERANG 1, BANTEN , TANGERANG , CURUG , CURUG KULON 
TANGERANG 1, BANTEN , TANGERANG , SOLEAR , CIKUYA 
TANGERANG 1, BANTEN , TANGERANG , SOLEAR , CIKASUNGKA 
TANGERANG 1, BANTEN , TANGERANG , MAUK , MAUK BARAT 
TANGERANG 1, BANTEN , TANGERANG , TIGARAKSA , KADU AGUNG 
TANGERANG 1, BANTEN , TANGERANG , TIGARAKSA , TIGARAKSA 
TANGERANG 1, BANTEN , TANGERANG , JAYANTI , JAYANTI 
TANGERANG 1, BANTEN , TANGERANG , KRESEK , KRESEK 
TANGERANG 1, BANTEN , TANGERANG , JATIUWUNG , ALAM JAYA 
TANGERANG 1, BANTEN , TANGERANG , KRESEK , RANCAILAT (RANCA ILAT) 
TANGERANG 1, BANTEN , TANGERANG , PASAR KEMIS , SINDANGSARI (SINDANG SARI) 
TANGERANG 1, BANTEN , TANGERANG , JAYANTI , DANGDEUR (DANG DEUR) 
TANGERANG 1, BANTEN , TANGERANG , TELUKNAGA , TEGAL ANGUS 
TANGERANG 1, BANTEN , TANGERANG , KARAWACI , KARAWACI 
TANGERANG 1, BANTEN , TANGERANG , CIPONDOH , KENANGA 
TANGERANG 1, BANTEN , TANGERANG , RAJEG , LEMBANGSARI (LEMBANG SARI) 
TANGERANG 1, BANTEN , TANGERANG , SEPATAN , KAYU AGUNG 
TANGERANG 1, BANTEN , TANGERANG , KARAWACI , BOJONG JAYA 
TANGERANG 1, BANTEN , TANGERANG , CISOKA , CISOKA 
TANGERANG 1, BANTEN , TANGERANG , JAYANTI , SUMUR BANDUNG 
TANGERANG 1, BANTEN , TANGERANG , SUKADIRI , KARANG SERANG 
TANGERANG 1, BANTEN , TANGERANG , TIGARAKSA , MARGASARI (MARGA SARI) 
TANGERANG 1, BANTEN , TANGERANG , BATUCEPER , KEBON BESAR 
TANGERANG 1, BANTEN , TANGERANG , CURUG , CURUG WETAN 
TANGERANG 1, BANTEN , TANGERANG , TIGARAKSA , PETE 
TANGERANG 1, BANTEN , TANGERANG , CIPONDOH , KETAPANG 
TANGERANG 1, BANTEN , TANGERANG , PINANG (PENANG) , NEROGTOG 
TANGERANG 1, BANTEN , TANGERANG , TIGARAKSA , SODONG 
TANGERANG 1, BANTEN , TANGERANG , PINANG (PENANG) , PAKOJAN 
TANGERANG 1, BANTEN , TANGERANG , PINANG (PENANG) , PANUNGGANGAN 
TANGERANG 1, BANTEN , TANGERANG , KARAWACI , MARGASARI (MARGA SARI) 
TANGERANG 1, BANTEN , TANGERANG , CIPONDOH , PORIS PLAWAD 
TANGERANG 1, BANTEN , TANGERANG , CISOKA , CEMPAKA 
TANGERANG 1, BANTEN , TANGERANG , PASAR KEMIS , PASAR KEMIS 
TANGERANG 1, BANTEN , TANGERANG , CIKUPA , DUKUH 
TANGERANG 1, BANTEN , TANGERANG , MAUK , MAUK TIMUR 
TANGERANG 1, BANTEN , TANGERANG , BATUCEPER , PORIS JAYA 
TANGERANG 1, BANTEN , TANGERANG , CISOKA , BOJONG LOA (BOJONGLOA) 
TANGERANG 1, BANTEN , TANGERANG , JAMBE , DARU 
TANGERANG 1, BANTEN , TANGERANG , PASAR KEMIS , SUKA ASIH (SUKAASIH) 
TANGERANG 1, BANTEN , TANGERANG , CISOKA , CIBUGEL 
TANGERANG 1, BANTEN , TANGERANG , SOLEAR , MUNJUL 
TANGERANG 1, BANTEN , TANGERANG , BATUCEPER , BATUJAYA (BATU JAYA) 
TANGERANG 1, BANTEN , TANGERANG , RAJEG , TANJAKAN 
TANGERANG 1, BANTEN , TANGERANG , JAYANTI , CIKANDE 
TANGERANG 1, BANTEN , TANGERANG , NEGLASARI , KEDAUNG WETAN 
TANGERANG 1, BANTEN , TANGERANG , CIBODAS , CIBODAS 
TANGERANG 1, BANTEN , TANGERANG , SINDANG JAYA , SINDANGPANON (SINDANG PANON) 
TANGERANG 1, BANTEN , TANGERANG , PANONGAN , PANONGAN 
TANGERANG 1, BANTEN , TANGERANG , BALARAJA , GEMBONG 
TANGERANG 1, BANTEN , TANGERANG , BALARAJA , TOBAT 
TANGERANG 1, BANTEN , TANGERANG , SINDANG JAYA , SINDANG JAYA 
TANGERANG 1, BANTEN , TANGERANG , BATUCEPER , PORIS GAGA 
TANGERANG 1, BANTEN , TANGERANG , SEPATAN TIMUR , LEBAK WANGI 
TANGERANG 1, BANTEN , TANGERANG , KEMIRI , RANCA LABUH 
TANGERANG 1, BANTEN , TANGERANG , CIKUPA , BITUNG JAYA 
TANGERANG 1, BANTEN , TANGERANG , MAUK , TEGAL KUNIR LOR 
TANGERANG 1, BANTEN , TANGERANG , SINDANG JAYA , SINDANGSONO (SINDANG SONO) 
TANGERANG 1, BANTEN , TANGERANG , KRESEK , RENGED 
TANGERANG 1, BANTEN , TANGERANG , SEPATAN , PONDOK JAYA 
TANGERANG 1, BANTEN , TANGERANG , CIBODAS , JATIUWUNG 
TANGERANG 1, BANTEN , TANGERANG , SUKAMULYA , PARAHU 
TANGERANG 1, BANTEN , TANGERANG , TIGARAKSA , CILELES 
TANGERANG 1, BANTEN , TANGERANG , MEKAR BARU , GANDARIA (GANDA RIA) 
TANGERANG 1, BANTEN , TANGERANG , PAKUHAJI , PAKU ALAM 
TANGERANG 1, BANTEN , TANGERANG , CISOKA , SELAPAJANG 
TANGERANG 1, BANTEN , TANGERANG , KARAWACI , CIMONE JAYA 
TANGERANG 1, BANTEN , TANGERANG , PANONGAN , PEUSAR 
TANGERANG 1, BANTEN , TANGERANG , JAYANTI , PABUARAN 
TANGERANG 1, BANTEN , TANGERANG , TIGARAKSA , MATAGARA (MATA GARA) 
TANGERANG 1, BANTEN , TANGERANG , PERIUK , PERIUK JAYA 
TANGERANG 1, BANTEN , TANGERANG , CISOKA , CARINGIN 
TANGERANG 1, BANTEN , TANGERANG , KARANG TENGAH , PADURENAN (PEDURENAN) 
TANGERANG 1, BANTEN , TANGERANG , PAKUHAJI , KALIBARU 
TANGERANG 1, BANTEN , TANGERANG , PANONGAN , SERDANG KULON 
TANGERANG 1, BANTEN , TANGERANG , JAMBE , TIPAR RAYA (TIPAR JAYA / TIPARRAYA) 
TANGERANG 1, BANTEN , TANGERANG , JAMBE , KUTRUK 
TANGERANG 1, BANTEN , TANGERANG , MAUK , JATIWARINGIN (JATI WARINGIN) 
TANGERANG 1, BANTEN , TANGERANG , SOLEAR , SOLEAR 
TANGERANG 1, BANTEN , TANGERANG , PAKUHAJI , LAKSANA 
TANGERANG 1, BANTEN , TANGERANG , SUKADIRI , KOSAMBI 
TANGERANG 1, BANTEN , TANGERANG , RAJEG , RANCA BANGO 
TANGERANG 1, BANTEN , TANGERANG , BALARAJA , TALAGASARI 
TANGERANG 1, BANTEN , TANGERANG , MAUK , TANJUNG ANOM 
TANGERANG 1, BANTEN , TANGERANG , SUKAMULYA , BENDA 
TANGERANG 1, BANTEN , TANGERANG , PINANG (PENANG) , CIPETE 
TANGERANG 1, BANTEN , TANGERANG , GUNUNG KALER , KEDUNG 
TANGERANG 1, BANTEN , TANGERANG , CISOKA , KARANG HARJA (KARANGHARJA) 
TANGERANG 1, BANTEN , TANGERANG , TIGARAKSA , BANTAR PANJANG 
TANGERANG 1, BANTEN , TANGERANG , KRONJO , PASILIAN 
TANGERANG 1, BANTEN , TANGERANG , CISOKA , JEUNGJING (JEUNG JING) 
TANGERANG 1, BANTEN , TANGERANG , RAJEG , TANJAKAN MEKAR 
TANGERANG 1, BANTEN , TANGERANG , JAMBE , JAMBE 
TANGERANG 1, BANTEN , TANGERANG , TELUKNAGA , TELUKNAGA (TELUK NAGA) 
TANGERANG 1, BANTEN , TANGERANG , KARANG TENGAH , PONDOK BAHAR 
TANGERANG 1, BANTEN , TANGERANG , PAKUHAJI , GAGA 
TANGERANG 1, BANTEN , TANGERANG , NEGLASARI , KEDAUNG BARU 
TANGERANG 1, BANTEN , TANGERANG , PERIUK , GEBANG RAYA 
SURABAYA, JAWA TIMUR , SIDOARJO , SIDOARJO , MAGERSARI 
SURABAYA, JAWA TIMUR , SIDOARJO , WARU , TROPODO 
SURABAYA, JAWA TIMUR , SIDOARJO , WARU , KUREKSARI 
SURABAYA, JAWA TIMUR , SIDOARJO , TAMAN , KRAMATJEGU (KRAMAT JEGU) 
SURABAYA, JAWA TIMUR , SIDOARJO , CANDI , SUMORAME 
SURABAYA, JAWA TIMUR , SIDOARJO , PORONG , JUWETKENONGO (JUWET KENONGO) 
SURABAYA, JAWA TIMUR , SIDOARJO , TAMAN , BEBEKAN 
SURABAYA, JAWA TIMUR , SIDOARJO , CANDI , BLIGO 
SURABAYA, JAWA TIMUR , SIDOARJO , TAMAN , WAGE 
SURABAYA, JAWA TIMUR , SIDOARJO , CANDI , TENGGULUNAN 
SURABAYA, JAWA TIMUR , SIDOARJO , TANGGULANGIN , KLUDAN 
SURABAYA, JAWA TIMUR , SIDOARJO , WARU , KEDUNGREJO 
SURABAYA, JAWA TIMUR , SIDOARJO , SEDATI , SEDATIGEDE (SEDATI GEDE) 
SURABAYA, JAWA TIMUR , SIDOARJO , KRIAN , JERUKGAMPING (JERUK GAMPING) 
SURABAYA, JAWA TIMUR , SIDOARJO , SIDOARJO , CEMENKALANG (CEMENG KALANG) 
SURABAYA, JAWA TIMUR , SIDOARJO , CANDI , BALONGGABUS 
SURABAYA, JAWA TIMUR , SIDOARJO , BUDURAN , DAMARSI 
SURABAYA, JAWA TIMUR , SIDOARJO , KRIAN , SIDOREJO 
SURABAYA, JAWA TIMUR , SIDOARJO , BUDURAN , SIWALANPANJI 
SURABAYA, JAWA TIMUR , SIDOARJO , CANDI , KALIPECABEAN 
SURABAYA, JAWA TIMUR , SIDOARJO , SEDATI , PULUNGAN 
SURABAYA, JAWA TIMUR , SIDOARJO , SIDOARJO , CELEP 
SURABAYA, JAWA TIMUR , SIDOARJO , GEDANGAN , GEDANGAN 
SURABAYA, JAWA TIMUR , SIDOARJO , SUKODONO , KEBONAGUNG 
SURABAYA, JAWA TIMUR , SIDOARJO , WARU , WARU 
SURABAYA, JAWA TIMUR , SIDOARJO , WONOAYU , BECIRONGENGOR 
SURABAYA, JAWA TIMUR , SIDOARJO , KREMBUNG , KREMBUNG 
SURABAYA, JAWA TIMUR , SIDOARJO , WARU , JANTI 
SURABAYA, JAWA TIMUR , SIDOARJO , BUDURAN , WADUNGASIH 
SURABAYA, JAWA TIMUR , SIDOARJO , BUDURAN , PAGERWOJO 
SURABAYA, JAWA TIMUR , SIDOARJO , WARU , TAMBAKSUMUR (TAMBAK SUMUR) 
SURABAYA, JAWA TIMUR , SIDOARJO , TANGGULANGIN , TANGGULANGIN 
SURABAYA, JAWA TIMUR , SIDOARJO , TULANGAN , KEPADANGAN 
SURABAYA, JAWA TIMUR , SIDOARJO , SIDOARJO , PUCANGANOM 
SURABAYA, JAWA TIMUR , SIDOARJO , WARU , PEPELEGI 
SURABAYA, JAWA TIMUR , SIDOARJO , SIDOARJO , SIDOKLUMPUK 
SURABAYA, JAWA TIMUR , SIDOARJO , GEDANGAN , SRUNI 
SURABAYA, JAWA TIMUR , SIDOARJO , TAMAN , GILANG 
SURABAYA, JAWA TIMUR , SIDOARJO , SUKODONO , SUKODONO 
SURABAYA, JAWA TIMUR , SIDOARJO , GEDANGAN , KEBOANSIKEP 
SURABAYA, JAWA TIMUR , SIDOARJO , PRAMBON , PRAMBON 
SURABAYA, JAWA TIMUR , SIDOARJO , TAMAN , TROSOBO 
SURABAYA, JAWA TIMUR , SIDOARJO , SIDOARJO , BULUSIDOKARE 
SURABAYA, JAWA TIMUR , SIDOARJO , SIDOARJO , PUCANG 
SURABAYA, JAWA TIMUR , SIDOARJO , SIDOARJO , LEMAHPUTRO 
SURABAYA, JAWA TIMUR , SIDOARJO , SUKODONO , JUMPUTREJO 
SURABAYA, JAWA TIMUR , SIDOARJO , BUDURAN , SIDOKERTO 
SURABAYA, JAWA TIMUR , SIDOARJO , SIDOARJO , BULU SIDOKARE 
SURABAYA, JAWA TIMUR , SIDOARJO , SEDATI , BETRO 
SURABAYA, JAWA TIMUR , SIDOARJO , TAMAN , GELURAN 
SURABAYA, JAWA TIMUR , SIDOARJO , TANGGULANGIN , NGABAN 
SURABAYA, JAWA TIMUR , SIDOARJO , SIDOARJO , KEMIRI 
SURABAYA, JAWA TIMUR , SIDOARJO , KRIAN , BARENGKRAJAN 
SURABAYA, JAWA TIMUR , SIDOARJO , BUDURAN , SIDOKEPUNG 
SURABAYA, JAWA TIMUR , SIDOARJO , KRIAN , KRIAN 
SURABAYA, JAWA TIMUR , SIDOARJO , TAMAN , TAMAN 
SURABAYA, JAWA TIMUR , SIDOARJO , TULANGAN , KEPATIHAN 
SURABAYA, JAWA TIMUR , SIDOARJO , BUDURAN , BANJARKEMANTREN 
SURABAYA, JAWA TIMUR , SIDOARJO , KRIAN , KEMASAN 
SURABAYA, JAWA TIMUR , SIDOARJO , CANDI , CANDI 
SURABAYA, JAWA TIMUR , SIDOARJO , SIDOARJO , SARIROGO (SARI ROGO) 
SURABAYA, JAWA TIMUR , SIDOARJO , GEDANGAN , KETAJEN 
SURABAYA, JAWA TIMUR , SIDOARJO , SIDOARJO , JATI 
SURABAYA, JAWA TIMUR , SIDOARJO , SEDATI , SEMAMPIR 
SURABAYA, JAWA TIMUR , SIDOARJO , TAMAN , TAWANGSARI 
SURABAYA, JAWA TIMUR , SIDOARJO , TULANGAN , MODONG 
SURABAYA, JAWA TIMUR , SIDOARJO , GEDANGAN , TEBEL 
SURABAYA, JAWA TIMUR , SIDOARJO , BALONGBENDO , BAKALANWRINGINPITU (BAKALAN WRINGINPITU) 
SURABAYA, JAWA TIMUR , SIDOARJO , TAMAN , BRINGINBENDO 
SURABAYA, JAWA TIMUR , SIDOARJO , WARU , TAMBAKREJO (TAMBAK REJO) 
SURABAYA, JAWA TIMUR , SIDOARJO , WONOAYU , PILANG 
SURABAYA, JAWA TIMUR , SIDOARJO , CANDI , SUGIHWARSUGIHWARAS (SUGIH WARAS) 
SURABAYA, JAWA TIMUR , SIDOARJO , WONOAYU , JIMBARANKULON (JIMBARAN KULON) 
SURABAYA, JAWA TIMUR , SIDOARJO , TANGGULANGIN , KALITENGAH 
SURABAYA, JAWA TIMUR , SIDOARJO , KRIAN , PONOKAWAN 
SURABAYA, JAWA TIMUR , SIDOARJO , TARIK , KRAMATTEMANGGUNG (KRAMAT TEMENGGUNG) 
SURABAYA, JAWA TIMUR , SIDOARJO , JABON , DUKUHSARI 
SURABAYA, JAWA TIMUR , SIDOARJO , GEDANGAN , GEMURUNG 
SURABAYA, JAWA TIMUR , SIDOARJO , PRAMBON , SIMPANG 
SURABAYA, JAWA TIMUR , SIDOARJO , BUDURAN , BUDURAN 
SURABAYA, JAWA TIMUR , SIDOARJO , KRIAN , TROPODO 
SURABAYA, JAWA TIMUR , SIDOARJO , SUKODONO , BANGSRI 
SURABAYA, JAWA TIMUR , SIDOARJO , SUKODONO , PEKARUNGAN 
SURABAYA, JAWA TIMUR , SIDOARJO , BUDURAN , ENTALSEWU 
SURABAYA, JAWA TIMUR , SIDOARJO , WARU , WADUNGASRI 
SURABAYA, JAWA TIMUR , SIDOARJO , WARU , KEPUHKIRIMAN (KEPUH KIRIMAN) 
SURABAYA, JAWA TIMUR , SIDOARJO , GEDANGAN , BANGAH 
SURABAYA, JAWA TIMUR , SIDOARJO , SIDOARJO , SIDOKUMPUL 
SURABAYA, JAWA TIMUR , SIDOARJO , PRAMBON , BULANG 
SURABAYA, JAWA TIMUR , SIDOARJO , WARU , WEDORO 
SURABAYA, JAWA TIMUR , SIDOARJO , JABON , JEMIRAHAN 
SURABAYA, JAWA TIMUR , SIDOARJO , TANGGULANGIN , KETEGAN 
SURABAYA, JAWA TIMUR , SIDOARJO , BALONGBENDO , KEMANGSEN 
SURABAYA, JAWA TIMUR , SIDOARJO , SIDOARJO , BLURUKIDUL (BLURU KIDUL) 
SURABAYA, JAWA TIMUR , SIDOARJO , TAMAN , JEMUNDO 
SURABAYA, JAWA TIMUR , SIDOARJO , CANDI , SEPANDE 
SURABAYA, JAWA TIMUR , SIDOARJO , CANDI , KEDUNGKENDO 
SURABAYA, JAWA TIMUR , SIDOARJO , SUKODONO , KLOPOSEPULUH (KELOPOSEPULUH) 
SURABAYA, JAWA TIMUR , SIDOARJO , SIDOARJO , BANJARBENDO 
SURABAYA, JAWA TIMUR , SIDOARJO , GEDANGAN , PUNGGUL 
SURABAYA, JAWA TIMUR , SIDOARJO , WONOAYU , SUMBERREJO (SUMBEREJO) 
SURABAYA, JAWA TIMUR , SIDOARJO , BUDURAN , BANJARSARI 
SURABAYA, JAWA TIMUR , SIDOARJO , SUKODONO , SUKO 
SURABAYA, JAWA TIMUR , SIDOARJO , CANDI , KARANGTANJUNG 
SURABAYA, JAWA TIMUR , SIDOARJO , TAMAN , KEDUNGTURI 
SURABAYA, JAWA TIMUR , SIDOARJO , TAMAN , KETEGAN 
SURABAYA, JAWA TIMUR , SIDOARJO , SEDATI , PEPE 
SURABAYA, JAWA TIMUR , SIDOARJO , SIDOARJO , PEKAUMAN 
SURABAYA, JAWA TIMUR , SIDOARJO , KRIAN , KATRUNGAN (KATERUNGAN) 
SURABAYA, JAWA TIMUR , SIDOARJO , KRIAN , SIDOMULYO 
SURABAYA, JAWA TIMUR , SIDOARJO , SIDOARJO , SEKARDANGAN 
SURABAYA, JAWA TIMUR , SIDOARJO , BALONGBENDO , JABARAN 
SURABAYA, JAWA TIMUR , SIDOARJO , KREMBUNG , KEDUNGSUMUR 
SURABAYA, JAWA TIMUR , SIDOARJO , PRAMBON , KEDUNGWONOKERTO 
SURABAYA, JAWA TIMUR , SIDOARJO , SEDATI , KWANGSAN 
SURABAYA, JAWA TIMUR , SIDOARJO , PRAMBON , BENDOTRETEK 
SURABAYA, JAWA TIMUR , SIDOARJO , SIDOARJO , SUMPUT 
SURABAYA, JAWA TIMUR , SIDOARJO , BALONGBENDO , PENAMBANGAN 
SURABAYA, JAWA TIMUR , SIDOARJO , SEDATI , PABEAN 
SURABAYA, JAWA TIMUR , SIDOARJO , TULANGAN , KENONGO 
SURABAYA, JAWA TIMUR , SIDOARJO , PORONG , PORONG 
SURABAYA, JAWA TIMUR , SIDOARJO , WARU , NGINGAS 
SURABAYA, JAWA TIMUR , SIDOARJO , BALONGBENDO , SINGKALAN 
SURABAYA, JAWA TIMUR , SIDOARJO , JABON , KEDUNGPANDAN 
SURABAYA, JAWA TIMUR , SIDOARJO , SEDATI , SEDATIAGUNG (SEDATI AGUNG) 
SURABAYA, JAWA TIMUR , SIDOARJO , TULANGAN , TLASIH 
SURABAYA, JAWA TIMUR , SIDOARJO , WARU , MEDAENG 
SURABAYA, JAWA TIMUR , SIDOARJO , TULANGAN , SUDIMORO 
SURABAYA, JAWA TIMUR , SIDOARJO , PRAMBON , TEMU 
SURABAYA, JAWA TIMUR , SIDOARJO , CANDI , SIDOKARE 
SURABAYA, JAWA TIMUR , SIDOARJO , WONOAYU , WONOAYU 
SURABAYA, JAWA TIMUR , SIDOARJO , SIDOARJO , SUKO 
SURABAYA, JAWA TIMUR , SIDOARJO , BALONGBENDO , BAKUNGTEMENGGUNGAN (BAKUNG TEMENGGUNGAN) 
SURABAYA, JAWA TIMUR , SIDOARJO , TAMAN , TANJUNGSARI 
SURABAYA, JAWA TIMUR , SIDOARJO , CANDI , SIDODADI 
SURABAYA, JAWA TIMUR , SIDOARJO , KRIAN , WATUGOLONG 
SURABAYA, JAWA TIMUR , SIDOARJO , CANDI , GELAM 
SURABAYA, JAWA TIMUR , SIDOARJO , WARU , BUNGURASIH 
SURABAYA, JAWA TIMUR , SIDOARJO , SUKODONO , SURUH 
SURABAYA, JAWA TIMUR , SIDOARJO , TAMAN , NGELOM 
SURABAYA, JAWA TIMUR , SIDOARJO , KRIAN , KRATON 
SURABAYA, JAWA TIMUR , SIDOARJO , SUKODONO , MASANGANWETAN (MASANGAN WETAN) 
SURABAYA, JAWA TIMUR , SIDOARJO , TULANGAN , KEBARON 
SURABAYA, JAWA TIMUR , SIDOARJO , KRIAN , KEBOHARAN 
SURABAYA, JAWA TIMUR , SIDOARJO , TULANGAN , KEMANTREN 
SURABAYA, JAWA TIMUR , SIDOARJO , TARIK , KEMUNING 
SURABAYA, JAWA TIMUR , SIDOARJO , KRIAN , TERIK 
SURABAYA, JAWA TIMUR , SIDOARJO , KREMBUNG , REJENI 
SURABAYA, JAWA TIMUR , SIDOARJO , WONOAYU , TANGGUL 
SURABAYA, JAWA TIMUR , SIDOARJO , TAMAN , WONOCOLO 
SURABAYA, JAWA TIMUR , SIDOARJO , SUKODONO , WILAYUT 
SURABAYA, JAWA TIMUR , SIDOARJO , TULANGAN , PANGKEMIRI 
SURABAYA, JAWA TIMUR , SIDOARJO , TAMAN , BOHAR 
SURABAYA, JAWA TIMUR , SIDOARJO , CANDI , NGAMPELSARI 
SURABAYA, JAWA TIMUR , SIDOARJO , TARIK , MIRIPROWO (MLIRIPROWO) 
SURABAYA, JAWA TIMUR , SIDOARJO , SUKODONO , ANGGASWANGI 
SURABAYA, JAWA TIMUR , SIDOARJO , WARU , TAMBAKSAWAH (TAMBAK SAWAH) 
SURABAYA, JAWA TIMUR , SIDOARJO , SIDOARJO , SARIROGO 
SURABAYA, JAWA TIMUR , SIDOARJO , PORONG , LAJUK 
SURABAYA, JAWA TIMUR , SIDOARJO , SEDATI , SEGOROTAMBAK (SEGORO TAMBAK) 
SURABAYA, JAWA TIMUR , SIDOARJO , BUDURAN , SUKOREJO 
SURABAYA, JAWA TIMUR , SIDOARJO , KRIAN , JATIKALANG 
SURABAYA, JAWA TIMUR , SIDOARJO , TANGGULANGIN , KEDENSARI 
SURABAYA, JAWA TIMUR , SIDOARJO , TAMAN , SEPANJANG 
SURABAYA, JAWA TIMUR , SIDOARJO , GEDANGAN , GANTING 
SURABAYA, JAWA TIMUR , SIDOARJO , GEDANGAN , SAWOTRATAP 
SURABAYA, JAWA TIMUR , SIDOARJO , BUDURAN , DUKUHTENGAH 
SURABAYA, JAWA TIMUR , SIDOARJO , SUKODONO , MASANGANKULON (MASANGAN KULON) 
SURABAYA, JAWA TIMUR , SIDOARJO , SIDOARJO , RANGKAHKIDUL 
SURABAYA, JAWA TIMUR , SIDOARJO , WONOAYU , POPOH 
SURABAYA, JAWA TIMUR , SIDOARJO , TARIK , KLANTINGSARI 
SURABAYA, JAWA TIMUR , SIDOARJO , WONOAYU , SEMAMBUNG 
SURABAYA, JAWA TIMUR , SIDOARJO , WARU , TAMBAKOSO (TAMBAK OSO) 
SURABAYA, JAWA TIMUR , SIDOARJO , CANDI , DURUNGBEDUG 
SURABAYA, JAWA TIMUR , SIDOARJO , CANDI , KEDUNGPELUK (KEDUNG PELUK) 
SURABAYA, JAWA TIMUR , SIDOARJO , KRIAN , TEMPEL 
SURABAYA, JAWA TIMUR , SIDOARJO , SIDOARJO , SIDOKARE 
SURABAYA, JAWA TIMUR , SIDOARJO , TARIK , SINGOGALIH 
SURABAYA, JAWA TIMUR , SIDOARJO , PRAMBON , WATUTULIS 
SURABAYA, JAWA TIMUR , SIDOARJO , KREMBUNG , CANGKRING 
SURABAYA, JAWA TIMUR , SIDOARJO , PRAMBON , GEDANGROWO 
SURABAYA, JAWA TIMUR , SIDOARJO , SIDOARJO , URANGAGUNG (JEDONG) 
SURABAYA, JAWA TIMUR , SIDOARJO , WARU , BERBEK 
SURABAYA, JAWA TIMUR , SIDOARJO , WONOAYU , WONOKASIAN 
SURABAYA, JAWA TIMUR , SIDOARJO , PORONG , CANDIPARI 
SURABAYA, JAWA TIMUR , SIDOARJO , KREMBUNG , WONOMLATI 
SURABAYA, JAWA TIMUR , SIDOARJO , GEDANGAN , KEBOANANOM 
SURABAYA, JAWA TIMUR , SIDOARJO , TARIK , MERGOSARI 
SURABAYA, JAWA TIMUR , SIDOARJO , TANGGULANGIN , PUTAT 
SURABAYA, JAWA TIMUR , SIDOARJO , TARIK , TARIK 
SURABAYA, JAWA TIMUR , SIDOARJO , SUKODONO , SAMBUNGREJO 
SURABAYA, JAWA TIMUR , SIDOARJO , BALONGBENDO , SEDURI 
SURABAYA, JAWA TIMUR , SIDOARJO , TARIK , SEBANI 
SURABAYA, JAWA TIMUR , SIDOARJO , KREMBUNG , KERET 
SURABAYA, JAWA TIMUR , SIDOARJO , TANGGULANGIN , KALISAMPURNO 
SURABAYA, JAWA TIMUR , SIDOARJO , BALONGBENDO , WATESARI 
SURABAYA, JAWA TIMUR , SIDOARJO , SUKODONO , CANGKRINGSARI 
SURABAYA, JAWA TIMUR , SIDOARJO , TULANGAN , GROGOL 
SURABAYA, JAWA TIMUR , SIDOARJO , CANDI , LARANGAN 
SURABAYA, JAWA TIMUR , SIDOARJO , JABON , BALONGTANI 
SURABAYA, JAWA TIMUR , SIDOARJO , PORONG , KEDUNGSOLO 
SURABAYA, JAWA TIMUR , SIDOARJO , KRIAN , TAMBAKKEMERAKAN (TAMBAK KEMERAKAN) 
SURABAYA, JAWA TIMUR , SIDOARJO , TANGGULANGIN , BANJARASRI (BANJAR ASRI) 
SURABAYA, JAWA TIMUR , SIDOARJO , BALONGBENDO , SEKETI 
SURABAYA, JAWA TIMUR , SIDOARJO , CANDI , DURUNGBANJAR 
SURABAYA, JAWA TIMUR , SIDOARJO , TULANGAN , TULANGAN 
SURABAYA, JAWA TIMUR , SIDOARJO , TARIK , KEDINDING 
SURABAYA, JAWA TIMUR , SIDOARJO , JABON , TROMPOASRI 
SURABAYA, JAWA TIMUR , SIDOARJO , SIDOARJO , GEBANG 
SURABAYA, JAWA TIMUR , SIDOARJO , TULANGAN , SINGOPADU 
SURABAYA, JAWA TIMUR , SIDOARJO , SIDOARJO , CEMENGBAKALAN (CEMENG BAKALAN) 
SURABAYA, JAWA TIMUR , SIDOARJO , KRIAN , TERUNGKULON (TERUNG KULON) 
SURABAYA, JAWA TIMUR , SIDOARJO , TULANGAN , GELANG 
SURABAYA, JAWA TIMUR , SIDOARJO , PRAMBON , SIMOGIRANG 
SURABAYA, JAWA TIMUR , SIDOARJO , KREMBUNG , WAUNG 
SURABAYA, JAWA TIMUR , SIDOARJO , TULANGAN , GRABAGAN 
SURABAYA, JAWA TIMUR , SIDOARJO , TANGGULANGIN , SENTUL 
SURABAYA, JAWA TIMUR , SIDOARJO , SEDATI , BANJARKEMUNING (BANJAR KEMUNING) 
SURABAYA, JAWA TIMUR , SIDOARJO , SUKODONO , PADEMONEGORO 
SURABAYA, JAWA TIMUR , SIDOARJO , WONOAYU , PAGERNGUMBUK 
SURABAYA, JAWA TIMUR , SIDOARJO , CANDI , KEBONSARI (KEBUNSARI) 
SURABAYA, JAWA TIMUR , SIDOARJO , TULANGAN , KEPUHKEMIRI (KEPUH KEMIRI) 
SURABAYA, JAWA TIMUR , SIDOARJO , BALONGBENDO , WONOKUPANG 
SURABAYA, JAWA TIMUR , SIDOARJO , BUDURAN , PRASUNG 
SURABAYA, JAWA TIMUR , SIDOARJO , TULANGAN , KEDONDONG 
SURABAYA, JAWA TIMUR , SIDOARJO , KRIAN , GAMPING 
SURABAYA, JAWA TIMUR , SIDOARJO , KREMBUNG , JENGGOT 
SURABAYA, JAWA TIMUR , SIDOARJO , PRAMBON , CANGKRINGTURI 
SURABAYA, JAWA TIMUR , SIDOARJO , JABON , KEDUNGREJO 
SURABAYA, JAWA TIMUR , SIDOARJO , TULANGAN , GRINTING 
SURABAYA, JAWA TIMUR , SIDOARJO , GEDANGAN , KARANGBONG 
SURABAYA, JAWA TIMUR , SIDOARJO , BUDURAN , SIWALANPANJI (SIWALAN PANJI) 
SURABAYA, JAWA TIMUR , SIDOARJO , PORONG , WUNUT 
SURABAYA, JAWA TIMUR , SIDOARJO , SEDATI , CEMANDI 
SURABAYA, JAWA TIMUR , SIDOARJO , WONOAYU , CANDINEGORO 
SURABAYA, JAWA TIMUR , SIDOARJO , KRIAN , JUNWANGI 
SURABAYA, JAWA TIMUR , SURABAYA , KARANGPILANG , KEBRAON 
SURABAYA, JAWA TIMUR , SURABAYA , KARANGPILANG , KEDURUS 
SURABAYA, JAWA TIMUR , SURABAYA , GAYUNGAN , MENANGGAL 
SURABAYA, JAWA TIMUR , SURABAYA , RUNGKUT , PENJARINGANSARI (PENJARINGAN SARI) 
SURABAYA, JAWA TIMUR , SURABAYA , WONOKROMO , JAGIR 
SURABAYA, JAWA TIMUR , SURABAYA , WONOKROMO , SAWUNGGALING 
SURABAYA, JAWA TIMUR , SURABAYA , TENGGILIS MEJOYO , KENDANGSARI 
SURABAYA, JAWA TIMUR , SURABAYA , DUKUH PAKIS , PRADAH KALI KENDAL 
SURABAYA, JAWA TIMUR , SURABAYA , WIYUNG , BABATAN 
SURABAYA, JAWA TIMUR , SURABAYA , TENGGILIS MEJOYO , KUTISARI 
SURABAYA, JAWA TIMUR , SURABAYA , RUNGKUT , WONOREJO 
SURABAYA, JAWA TIMUR , SURABAYA , WONOCOLO , SIWALANKERTO 
SURABAYA, JAWA TIMUR , SURABAYA , WONOKROMO , WONOKROMO 
SURABAYA, JAWA TIMUR , SURABAYA , JAMBANGAN , KARAH 
SURABAYA, JAWA TIMUR , SURABAYA , GAYUNGAN , KETINTANG 
SURABAYA, JAWA TIMUR , SURABAYA , RUNGKUT , KALIRUNGKUT (KALI RUNGKUT) 
SURABAYA, JAWA TIMUR , SURABAYA , GAYUNGAN , GAYUNGAN 
SURABAYA, JAWA TIMUR , SURABAYA , WIYUNG , BALAS KLUMPRIK 
SURABAYA, JAWA TIMUR , SURABAYA , GUNUNG ANYAR (GUNUNGANYAR) , RUNGKUT MENANGGAL 
SURABAYA, JAWA TIMUR , SURABAYA , DUKUH PAKIS , DUKUH PAKIS 
SURABAYA, JAWA TIMUR , SURABAYA , GUNUNG ANYAR (GUNUNGANYAR) , GUNUNG ANYAR 
SURABAYA, JAWA TIMUR , SURABAYA , WONOKROMO , DARMO 
SURABAYA, JAWA TIMUR , SURABAYA , TENGGILIS MEJOYO , PANJANG JIWO 
SURABAYA, JAWA TIMUR , SURABAYA , WONOKROMO , NGAGEL REJO (NGAGELREJO) 
SURABAYA, JAWA TIMUR , SURABAYA , WONOCOLO , MARGOREJO 
SURABAYA, JAWA TIMUR , SURABAYA , WONOCOLO , JEMUR WONOSARI 
SURABAYA, JAWA TIMUR , SURABAYA , RUNGKUT , RUNGKUT KIDUL 
SURABAYA, JAWA TIMUR , SURABAYA , WONOCOLO , BENDUL MERISI 
SURABAYA, JAWA TIMUR , SURABAYA , TENGGILIS MEJOYO , TENGILIS MEJOYO 
SURABAYA, JAWA TIMUR , SURABAYA , GAYUNGAN , DUKUH MENANGGAL 
SURABAYA, JAWA TIMUR , SURABAYA , DUKUH PAKIS , DUKUH KUPANG 
SURABAYA, JAWA TIMUR , SURABAYA , WIYUNG , WIYUNG 
SURABAYA, JAWA TIMUR , SURABAYA , GUNUNG ANYAR (GUNUNGANYAR) , GUNUNG ANYAR TAMBAK 
SURABAYA, JAWA TIMUR , SURABAYA , WONOCOLO , SIDOSERMO 
SURABAYA, JAWA TIMUR , SURABAYA , KARANG PILANG , KEDURUS 
SURABAYA, JAWA TIMUR , SURABAYA , RUNGKUT , MEDOKAN AYU 
SURABAYA, JAWA TIMUR , SURABAYA , TENGGILIS MEJOYO , TENGGILIS MEJOYO 
SURABAYA, JAWA TIMUR , SURABAYA , TENGGILIS MEJOYO , PRAPEN 
SURABAYA, JAWA TIMUR , SURABAYA , WONOKROMO , NGAGEL 
SURABAYA, JAWA TIMUR , SURABAYA , JAMBANGAN , JAMBANGAN 
SURABAYA, JAWA TIMUR , SURABAYA , RUNGKUT , KEDUNG BARUK 
SURABAYA, JAWA TIMUR , SURABAYA , JAMBANGAN , PAGESANGAN 
SURABAYA, JAWA TIMUR , SURABAYA , JAMBANGAN , KEBONSARI 
SURABAYA, JAWA TIMUR , SURABAYA , DUKUH PAKIS , GUNUNG SARI (GUNUNGSARI) 
SURABAYA, JAWA TIMUR , SURABAYA , KARANGPILANG , WARUGUNUNG (WARU GUNUNG) 
SURABAYA, JAWA TIMUR , SURABAYA , WIYUNG , JAJARTUNGGAL 
SURABAYA, JAWA TIMUR , SURABAYA , WIYUNG , JAJAR TUNGGAL (JAJARTUNGGAL) 
SURABAYA, JAWA TIMUR , SURABAYA , GUNUNG ANYAR (GUNUNGANYAR) , RUNGKUT TENGAH 
SEMARANG, JAWA TENGAH , BATANG , LIMPUNG , LIMPUNG 
SEMARANG, JAWA TENGAH , BATANG , BATANG , PROYONANGGAN TENGAH 
SEMARANG, JAWA TENGAH , BATANG , BATANG , KAUMAN 
SEMARANG, JAWA TENGAH , BATANG , BAWANG , BAWANG 
SEMARANG, JAWA TENGAH , BATANG , KANDEMAN , JURAGAN 
SEMARANG, JAWA TENGAH , BATANG , BANYUPUTIH , BANYUPUTIH 
SEMARANG, JAWA TENGAH , BATANG , BATANG , PROYONANGGAN SELATAN 
SEMARANG, JAWA TENGAH , BATANG , BANDAR , BANDAR 
SEMARANG, JAWA TENGAH , BATANG , TULIS , TULIS 
SEMARANG, JAWA TENGAH , BATANG , GRINGSING , PLELEN 
SEMARANG, JAWA TENGAH , BATANG , BATANG , SAMBONG 
SEMARANG, JAWA TENGAH , BATANG , TERSONO , TERSONO 
SEMARANG, JAWA TENGAH , BATANG , SUBAH , SUBAH 
SEMARANG, JAWA TENGAH , BATANG , SUBAH , SENGON 
SEMARANG, JAWA TENGAH , BATANG , SUBAH , TENGGULANGHARJO 
SEMARANG, JAWA TENGAH , BATANG , GRINGSING , KUTOSARI 
SEMARANG, JAWA TENGAH , BATANG , SUBAH , ADINUSO 
SEMARANG, JAWA TENGAH , BATANG , BANYUPUTIH , PENUNDAN 
SEMARANG, JAWA TENGAH , BATANG , BATANG , DENASRI KULON 
SEMARANG, JAWA TENGAH , BATANG , SUBAH , GONDANG 
SEMARANG, JAWA TENGAH , BATANG , KANDEMAN , KANDEMAN 
SEMARANG, JAWA TENGAH , BATANG , WARUNGASEM , PESAREN 
SEMARANG, JAWA TENGAH , BATANG , BATANG , ROWOBELANG 
SEMARANG, JAWA TENGAH , BATANG , WONOTUNGGAL , WONOTUNGGAL 
SEMARANG, JAWA TENGAH , BATANG , REBAN , REBAN 
SEMARANG, JAWA TENGAH , BATANG , BATANG , KARANGASEM SELATAN 
SEMARANG, JAWA TENGAH , BATANG , BANDAR , KLUWIH 
SEMARANG, JAWA TENGAH , BATANG , PECALUNGAN , SELOKARTO 
SEMARANG, JAWA TENGAH , BATANG , WARUNGASEM , PANDANSARI 
SEMARANG, JAWA TENGAH , BATANG , BANDAR , SIMPAR 
SEMARANG, JAWA TENGAH , BATANG , BANDAR , WONOKERTO 
SEMARANG, JAWA TENGAH , BATANG , WARUNGASEM , SIDOREJO 
SEMARANG, JAWA TENGAH , BATANG , TULIS , KENCONOREJO 
SEMARANG, JAWA TENGAH , BATANG , SUBAH , KALIMANGGIS 
SEMARANG, JAWA TENGAH , BATANG , TULIS , BEJI 
SEMARANG, JAWA TENGAH , BATANG , KANDEMAN , UJUNGNEGORO 
SEMARANG, JAWA TENGAH , BATANG , BATANG , KARANGASEM UTARA 
SEMARANG, JAWA TENGAH , BATANG , BLADO , BLADO 
SEMARANG, JAWA TENGAH , BATANG , LIMPUNG , NGALIYAN 
SEMARANG, JAWA TENGAH , BATANG , LIMPUNG , SEMPU 
SEMARANG, JAWA TENGAH , BATANG , GRINGSING , SURODADI 
SEMARANG, JAWA TENGAH , BATANG , GRINGSING , GRINGSING 
SEMARANG, JAWA TENGAH , KENDAL , WELERI , WELERI 
SEMARANG, JAWA TENGAH , KENDAL , CEPIRING , CEPIRING 
SEMARANG, JAWA TENGAH , KENDAL , KALIWUNGU , KRAJANKULON 
SEMARANG, JAWA TENGAH , KENDAL , PEGANDON , PENANGGULAN 
SEMARANG, JAWA TENGAH , KENDAL , KENDAL , PEGULON 
SEMARANG, JAWA TENGAH , KENDAL , SUKOREJO , SUKOREJO 
SEMARANG, JAWA TENGAH , KENDAL , WELERI , PENYANGKRINGAN 
SEMARANG, JAWA TENGAH , KENDAL , PEGANDON , TEGOREJO 
SEMARANG, JAWA TENGAH , KENDAL , PATEBON , JAMBEARUM 
SEMARANG, JAWA TENGAH , KENDAL , GEMUH , GEMUHBLANTEN 
SEMARANG, JAWA TENGAH , KENDAL , BRANGSONG , SIDOREJO 
SEMARANG, JAWA TENGAH , KENDAL , BOJA , TAMPINGAN 
SEMARANG, JAWA TENGAH , KENDAL , BOJA , PURWOGONDO 
SEMARANG, JAWA TENGAH , KENDAL , KENDAL , TROMPO 
SEMARANG, JAWA TENGAH , KENDAL , KALIWUNGU , SUMBEREJO 
SEMARANG, JAWA TENGAH , KENDAL , ROWOSARI , GEMPOLSEWU 
SEMARANG, JAWA TENGAH , KENDAL , KANGKUNG , TRUKO 
SEMARANG, JAWA TENGAH , KENDAL , GEMUH , JENARSARI 
SEMARANG, JAWA TENGAH , KENDAL , ROWOSARI , WONOTENGGANG 
SEMARANG, JAWA TENGAH , KENDAL , KALIWUNGU SELATAN , PLANTARAN 
SEMARANG, JAWA TENGAH , KENDAL , WELERI , MONTONGSARI 
SEMARANG, JAWA TENGAH , KENDAL , KALIWUNGU , KUTOHARJO 
SEMARANG, JAWA TENGAH , KENDAL , CEPIRING , DAMARSARI 
SEMARANG, JAWA TENGAH , KENDAL , KENDAL , PATUKANGAN 
SEMARANG, JAWA TENGAH , KENDAL , SUKOREJO , KEBUMEN 
SEMARANG, JAWA TENGAH , KENDAL , KALIWUNGU , SARIREJO 
SEMARANG, JAWA TENGAH , KENDAL , WELERI , PENARUBAN 
SEMARANG, JAWA TENGAH , KENDAL , KENDAL , KETAPANG 
SEMARANG, JAWA TENGAH , KENDAL , BOJA , BOJA 
SEMARANG, JAWA TENGAH , KENDAL , GEMUH , TAMANGEDE 
SEMARANG, JAWA TENGAH , KENDAL , PATEBON , LANJI 
SEMARANG, JAWA TENGAH , KENDAL , NGAMPEL , BANYUURIP 
SEMARANG, JAWA TENGAH , KENDAL , PATEBON , PURWOKERTO 
SEMARANG, JAWA TENGAH , KENDAL , GEMUH , PUCANGREJO 
SEMARANG, JAWA TENGAH , KENDAL , BOJA , BEBENGAN 
SEMARANG, JAWA TENGAH , KENDAL , PATEAN , GEDONG 
SEMARANG, JAWA TENGAH , KENDAL , PATEAN , CURUGSEWU 
SEMARANG, JAWA TENGAH , KENDAL , CEPIRING , KARANGAYU 
SEMARANG, JAWA TENGAH , KENDAL , BOJA , CAMPUREJO 
SEMARANG, JAWA TENGAH , KENDAL , GEMUH , TLAHAB 
SEMARANG, JAWA TENGAH , KENDAL , BRANGSONG , BRANGSONG 
SEMARANG, JAWA TENGAH , KENDAL , KALIWUNGU SELATAN , PROTOMULYO 
SEMARANG, JAWA TENGAH , KENDAL , CEPIRING , BOTOMULYO 
SEMARANG, JAWA TENGAH , KENDAL , KANGKUNG , KANGKUNG 
SEMARANG, JAWA TENGAH , KENDAL , RINGINARUM , CARUBAN 
SEMARANG, JAWA TENGAH , KENDAL , KENDAL , SIJERUK 
SEMARANG, JAWA TENGAH , KENDAL , WELERI , SAMBONGSARI 
SEMARANG, JAWA TENGAH , KENDAL , GEMUH , PAMRIYAN 
SEMARANG, JAWA TENGAH , KENDAL , PAGERUYUNG (PAGERRUYUNG) , PAGERUYUNG 
SEMARANG, JAWA TENGAH , KENDAL , KENDAL , LANGENHARJO 
SEMARANG, JAWA TENGAH , KENDAL , PEGANDON , PUGUH 
SEMARANG, JAWA TENGAH , KENDAL , RINGINARUM , WUNGUREJO 
SEMARANG, JAWA TENGAH , KENDAL , GEMUH , GEBANG 
SEMARANG, JAWA TENGAH , KENDAL , CEPIRING , KALIRANDUGEDE (KALIRANDU GEDE) 
SEMARANG, JAWA TENGAH , KENDAL , WELERI , NAWANGSARI 
SEMARANG, JAWA TENGAH , KENDAL , ROWOSARI , POJOKSARI 
SEMARANG, JAWA TENGAH , KENDAL , BOJA , SALAMSARI 
SEMARANG, JAWA TENGAH , KENDAL , BOJA , NGABEAN 
SEMARANG, JAWA TENGAH , KENDAL , PEGANDON , PEGANDON 
SEMARANG, JAWA TENGAH , KENDAL , KALIWUNGU , NOLOKERTO 
SEMARANG, JAWA TENGAH , KENDAL , SUKOREJO , NGADIWARNO 
SEMARANG, JAWA TENGAH , KENDAL , KENDAL , NGILIR 
SEMARANG, JAWA TENGAH , KENDAL , BOJA , KALIGADING 
SEMARANG, JAWA TENGAH , KENDAL , SINGOROJO , KERTOSARI 
SEMARANG, JAWA TENGAH , KENDAL , KALIWUNGU SELATAN , DARUPONO (DERUPONO) 
SEMARANG, JAWA TENGAH , KENDAL , WELERI , KARANGANOM 
SEMARANG, JAWA TENGAH , KENDAL , WELERI , NGASINAN 
SEMARANG, JAWA TENGAH , KENDAL , KALIWUNGU SELATAN , SUKOMULYO 
SEMARANG, JAWA TENGAH , KENDAL , BOJA , METESEH (METESIH) 
SEMARANG, JAWA TENGAH , KENDAL , KALIWUNGU , WONOREJO 
SEMARANG, JAWA TENGAH , PEKALONGAN , KEDUNGWUNI , KEDUNGWUNI BARAT 
SEMARANG, JAWA TENGAH , PEKALONGAN , PEKALONGAN SELATAN , BANYURIP 
SEMARANG, JAWA TENGAH , PEKALONGAN , SRAGI , SRAGI 
SEMARANG, JAWA TENGAH , PEKALONGAN , PEKALONGAN UTARA , PADUKUHAN KRATON 
SEMARANG, JAWA TENGAH , PEKALONGAN , PEKALONGAN TIMUR , NOYONTAANSARI 
SEMARANG, JAWA TENGAH , PEKALONGAN , PEKALONGAN BARAT , MEDONO 
SEMARANG, JAWA TENGAH , PEKALONGAN , PEKALONGAN TIMUR , PONCOL 
SEMARANG, JAWA TENGAH , PEKALONGAN , PEKALONGAN TIMUR , KAUMAN 
SEMARANG, JAWA TENGAH , PEKALONGAN , PEKALONGAN BARAT , BENDAN KERGON 
SEMARANG, JAWA TENGAH , PEKALONGAN , KESESI , KESESI 
SEMARANG, JAWA TENGAH , PEKALONGAN , PEKALONGAN UTARA , KANDANG PANJANG 
SEMARANG, JAWA TENGAH , PEKALONGAN , KEDUNGWUNI , PODO 
SEMARANG, JAWA TENGAH , PEKALONGAN , KAJEN , TANJUNGSARI 
SEMARANG, JAWA TENGAH , PEKALONGAN , WIRADESA , WIRADESA 
SEMARANG, JAWA TENGAH , PEKALONGAN , WIRADESA , PEKUNCEN 
SEMARANG, JAWA TENGAH , PEKALONGAN , WONOPRINGGO , PENGADENTENGAH (PEGADEN TENGAH) 
SEMARANG, JAWA TENGAH , PEKALONGAN , WIRADESA , GUMAWANG 
SEMARANG, JAWA TENGAH , PEKALONGAN , KEDUNGWUNI , KEDUNGWUNI TIMUR 
SEMARANG, JAWA TENGAH , PEKALONGAN , BOJONG , KETITANGLOR 
SEMARANG, JAWA TENGAH , PEKALONGAN , WIRADESA , BENER 
SEMARANG, JAWA TENGAH , PEKALONGAN , KAJEN , NYAMOK 
SEMARANG, JAWA TENGAH , PEKALONGAN , WONOPRINGGO , ROWOKEMBU 
SEMARANG, JAWA TENGAH , PEKALONGAN , BOJONG , BOJONGMINGGIR (BOJONG MINGGIR) 
SEMARANG, JAWA TENGAH , PEKALONGAN , KEDUNGWUNI , LANGKAP 
SEMARANG, JAWA TENGAH , PEKALONGAN , KAJEN , KEBONAGUNG (KEBON AGUNG) 
SEMARANG, JAWA TENGAH , PEKALONGAN , BUARAN , SIMBANGWETAN (SIMBANG WETAN) 
SEMARANG, JAWA TENGAH , PEKALONGAN , KESESI , KAIBAHAN 
SEMARANG, JAWA TENGAH , PEKALONGAN , KARANGANYAR , KARANGSARI 
SEMARANG, JAWA TENGAH , PEKALONGAN , KAJEN , GEJLIG 
SEMARANG, JAWA TENGAH , PEKALONGAN , SIWALAN , REMBUN 
SEMARANG, JAWA TENGAH , PEKALONGAN , BOJONG , BABALANLOR 
SEMARANG, JAWA TENGAH , PEKALONGAN , KAJEN , GANDARUM 
SEMARANG, JAWA TENGAH , PEKALONGAN , PEKALONGAN SELATAN , KURIPAN KERTOHARJO 
SEMARANG, JAWA TENGAH , PEKALONGAN , PEKALONGAN BARAT , PASIRKRATONKRAMAT 
SEMARANG, JAWA TENGAH , PEKALONGAN , DORO , DOROREJO 
SEMARANG, JAWA TENGAH , PEKALONGAN , PEKALONGAN BARAT , TIRTO 
SEMARANG, JAWA TENGAH , PEKALONGAN , WIRADESA , WARUKIDUL 
SEMARANG, JAWA TENGAH , PEKALONGAN , PEKALONGAN UTARA , PANJANG WETAN 
SEMARANG, JAWA TENGAH , PEKALONGAN , BUARAN , COPRAYAN 
SEMARANG, JAWA TENGAH , PEKALONGAN , PEKALONGAN SELATAN , BUARAN KRADENAN 
SEMARANG, JAWA TENGAH , PEKALONGAN , SIWALAN , SIWALAN 
SEMARANG, JAWA TENGAH , PEKALONGAN , BUARAN , KERTIJAYAN 
SEMARANG, JAWA TENGAH , PEKALONGAN , PANINGGARAN , PANINGGARAN 
SEMARANG, JAWA TENGAH , PEKALONGAN , TIRTO , SAMBOREJO 
SEMARANG, JAWA TENGAH , PEKALONGAN , KARANGDADAP , PEGANDON 
SEMARANG, JAWA TENGAH , PEKALONGAN , KARANGANYAR , KARANGGONDANG (KARANG GONDANG) 
SEMARANG, JAWA TENGAH , PEKALONGAN , KARANGDADAP , KEDUNGKEBO (KEDUNG KEBO) 
SEMARANG, JAWA TENGAH , PEKALONGAN , TIRTO , PACAR 
SEMARANG, JAWA TENGAH , PEKALONGAN , KARANGANYAR , KAYUGERITAN 
SEMARANG, JAWA TENGAH , PEKALONGAN , SRAGI , KLUNJUKAN 
SEMARANG, JAWA TENGAH , PEKALONGAN , WONOKERTO , BEBEL 
SEMARANG, JAWA TENGAH , PEKALONGAN , KEDUNGWUNI , PAJOMBLANGAN 
SEMARANG, JAWA TENGAH , PEKALONGAN , SIWALAN , WONOSARI 
SEMARANG, JAWA TENGAH , PEKALONGAN , KAJEN , ROWOLAKU 
SEMARANG, JAWA TENGAH , PEKALONGAN , KESESI , KWASEN 
SEMARANG, JAWA TENGAH , PEKALONGAN , PEKALONGAN TIMUR , GAMER 
SEMARANG, JAWA TENGAH , PEKALONGAN , PEKALONGAN UTARA , KRAPYAK 
SEMARANG, JAWA TENGAH , PEKALONGAN , TALUN , KALIREJO 
SEMARANG, JAWA TENGAH , PEKALONGAN , PEKALONGAN TIMUR , NOYONTAANSARI 
SEMARANG, JAWA TENGAH , PEKALONGAN , PEKALONGAN SELATAN , SOKODUWET 
SEMARANG, JAWA TENGAH , SEMARANG , SEMARANG BARAT , KARANGAYU (KARANG AYU) 
SEMARANG, JAWA TENGAH , SEMARANG , GAYAMSARI , PANDEAN LAMPER 
SEMARANG, JAWA TENGAH , SEMARANG , BANYUMANIK , PEDALANGAN 
SEMARANG, JAWA TENGAH , SEMARANG , CANDISARI , JATINGALEH 
SEMARANG, JAWA TENGAH , SEMARANG , SEMARANG SELATAN , PETERONGAN 
SEMARANG, JAWA TENGAH , SEMARANG , BANYUMANIK , SRONDOL WETAN 
SEMARANG, JAWA TENGAH , SEMARANG , BANYUMANIK , SUMURBOTO 
SEMARANG, JAWA TENGAH , SEMARANG , SEMARANG UTARA , PURWOSARI 
SEMARANG, JAWA TENGAH , SEMARANG , CANDISARI , TEGALSARI 
SEMARANG, JAWA TENGAH , SEMARANG , PEDURUNGAN , TLOGOSARI KULON 
SEMARANG, JAWA TENGAH , SEMARANG , SEMARANG UTARA , PANGGUNG KIDUL 
SEMARANG, JAWA TENGAH , SEMARANG , NGALIYAN , KALIPANCUR 
SEMARANG, JAWA TENGAH , SEMARANG , SEMARANG SELATAN , BARUSARI 
SEMARANG, JAWA TENGAH , SEMARANG , TUGU , RANDUGARUT (RANDU GARUT) 
SEMARANG, JAWA TENGAH , SEMARANG , TEMBALANG , METESEH 
SEMARANG, JAWA TENGAH , SEMARANG , NGALIYAN , NGALIYAN 
SEMARANG, JAWA TENGAH , SEMARANG , SEMARANG TENGAH , PURWODINATAN 
SEMARANG, JAWA TENGAH , SEMARANG , MIJEN , MIJEN 
SEMARANG, JAWA TENGAH , SEMARANG , TEMBALANG , JANGLI 
SEMARANG, JAWA TENGAH , SEMARANG , GENUK , GENUKSARI 
SEMARANG, JAWA TENGAH , SEMARANG , SEMARANG BARAT , KALIBANTENG KIDUL 
SEMARANG, JAWA TENGAH , SEMARANG , GAJAHMUNGKUR (GAJAH MUNGKUR) , KARANGREJO (KARANG REJO) 
SEMARANG, JAWA TENGAH , SEMARANG , GUNUNGPATI , SUKOREJO 
SEMARANG, JAWA TENGAH , SEMARANG , SEMARANG BARAT , NGEMPLAK SIMONGAN 
SEMARANG, JAWA TENGAH , SEMARANG , PEDURUNGAN , PEDURUNGAN KIDUL 
SEMARANG, JAWA TENGAH , SEMARANG , SEMARANG BARAT , KRAPYAK 
SEMARANG, JAWA TENGAH , SEMARANG , SEMARANG SELATAN , PLEBURAN 
SEMARANG, JAWA TENGAH , SEMARANG , TUGU , MANGKANG KULON 
SEMARANG, JAWA TENGAH , SEMARANG , GAYAMSARI , SIWALAN 
SEMARANG, JAWA TENGAH , SEMARANG , GAYAMSARI , KALIGAWE 
SEMARANG, JAWA TENGAH , SEMARANG , TEMBALANG , TEMBALANG 
SEMARANG, JAWA TENGAH , SEMARANG , GENUK , BANJARDOWO 
SEMARANG, JAWA TENGAH , SEMARANG , PEDURUNGAN , PEDURUNGAN TENGAH 
SEMARANG, JAWA TENGAH , SEMARANG , GAYAMSARI , TAMBAKREJO 
SEMARANG, JAWA TENGAH , SEMARANG , BANYUMANIK , GEDAWANG 
SEMARANG, JAWA TENGAH , SEMARANG , BANYUMANIK , BANYUMANIK 
SEMARANG, JAWA TENGAH , SEMARANG , TEMBALANG , SENDANGMULYO 
SEMARANG, JAWA TENGAH , SEMARANG , GENUK , TRIMULYO 
SEMARANG, JAWA TENGAH , SEMARANG , SEMARANG SELATAN , RANDUSARI 
SEMARANG, JAWA TENGAH , SEMARANG , SEMARANG TIMUR , REJOSARI 
SEMARANG, JAWA TENGAH , SEMARANG , SEMARANG TENGAH , KARANG KIDUL (KARANGKIDUL) 
SEMARANG, JAWA TENGAH , SEMARANG , SEMARANG TENGAH , KEMBANGSARI 
SEMARANG, JAWA TENGAH , SEMARANG , SEMARANG TENGAH , BANGUNHARJO 
SEMARANG, JAWA TENGAH , SEMARANG , TEMBALANG , SAMBIROTO 
SEMARANG, JAWA TENGAH , SEMARANG , PEDURUNGAN , GEMAH 
SEMARANG, JAWA TENGAH , SEMARANG , NGALIYAN , TAMBAKAJI 
SEMARANG, JAWA TENGAH , SEMARANG , PEDURUNGAN , PLAMONGANSARI (PLAMONGAN SARI) 
SEMARANG, JAWA TENGAH , SEMARANG , GENUK , BANGETAYU WETAN 
SEMARANG, JAWA TENGAH , SEMARANG , TEMBALANG , KEDUNGMUNDU 
SEMARANG, JAWA TENGAH , SEMARANG , BANYUMANIK , PUDAKPAYUNG 
SEMARANG, JAWA TENGAH , SEMARANG , SEMARANG TIMUR , MLATIBARU 
SEMARANG, JAWA TENGAH , SEMARANG , BANYUMANIK , SRONDOL KULON 
SEMARANG, JAWA TENGAH , SEMARANG , CANDISARI , JOMBLANG 
SEMARANG, JAWA TENGAH , SEMARANG , SEMARANG BARAT , KROBOKAN 
SEMARANG, JAWA TENGAH , SEMARANG , SEMARANG UTARA , BANDARHARJO 
SEMARANG, JAWA TENGAH , SEMARANG , MIJEN , TAMBANGAN 
SEMARANG, JAWA TENGAH , SEMARANG , SEMARANG BARAT , KALIBANTENG KULON 
SEMARANG, JAWA TENGAH , SEMARANG , SEMARANG SELATAN , MUGASARI (MUGASSARI) 
SEMARANG, JAWA TENGAH , SEMARANG , CANDISARI , CANDI 
SEMARANG, JAWA TENGAH , SEMARANG , TUGU , JERAKAH 
SEMARANG, JAWA TENGAH , SEMARANG , CANDISARI , KALIWIRU 
SEMARANG, JAWA TENGAH , SEMARANG , GUNUNGPATI , PLALANGAN 
SEMARANG, JAWA TENGAH , SEMARANG , GAJAHMUNGKUR (GAJAH MUNGKUR) , GAJAHMUNGKUR (GAJAH MUNGKUR) 
SEMARANG, JAWA TENGAH , SEMARANG , SEMARANG TENGAH , PINDRIKAN KIDUL (PENDRIKAN KIDUL) 
SEMARANG, JAWA TENGAH , SEMARANG , SEMARANG TENGAH , MIROTO 
SEMARANG, JAWA TENGAH , SEMARANG , TEMBALANG , TANDANG 
SEMARANG, JAWA TENGAH , SEMARANG , TEMBALANG , BULUSAN 
SEMARANG, JAWA TENGAH , SEMARANG , GAYAMSARI , SAWAH BESAR (SAWAHBESAR) 
SEMARANG, JAWA TENGAH , SEMARANG , PEDURUNGAN , TLOGOMULYO 
SEMARANG, JAWA TENGAH , SEMARANG , SEMARANG BARAT , TAWANGSARI 
SEMARANG, JAWA TENGAH , SEMARANG , PEDURUNGAN , KALICARI 
SEMARANG, JAWA TENGAH , SEMARANG , SEMARANG TENGAH , PINDRIKAN LOR (PENDRIKAN LOR) 
SEMARANG, JAWA TENGAH , SEMARANG , NGALIYAN , PURWOYOSO 
SEMARANG, JAWA TENGAH , SEMARANG , NGALIYAN , WONOSARI 
SEMARANG, JAWA TENGAH , SEMARANG , SEMARANG SELATAN , WONODRI 
SEMARANG, JAWA TENGAH , SEMARANG , GUNUNGPATI , PATEMON 
SEMARANG, JAWA TENGAH , SEMARANG , GUNUNGPATI , KANDRI 
SEMARANG, JAWA TENGAH , SEMARANG , SEMARANG TIMUR , KEBONAGUNG 
SEMARANG, JAWA TENGAH , SEMARANG , SEMARANG SELATAN , LAMPER TENGAH 
SEMARANG, JAWA TENGAH , SEMARANG , SEMARANG TENGAH , PANDANSARI 
SEMARANG, JAWA TENGAH , SEMARANG , SEMARANG BARAT , MANYARAN 
SEMARANG, JAWA TENGAH , SEMARANG , GAJAHMUNGKUR (GAJAH MUNGKUR) , PETOMPON 
SEMARANG, JAWA TENGAH , SEMARANG , GUNUNGPATI , CEPOKO 
SEMARANG, JAWA TENGAH , SEMARANG , BANYUMANIK , TINJOMOYO 
SEMARANG, JAWA TENGAH , SEMARANG , GAJAHMUNGKUR (GAJAH MUNGKUR) , SAMPANGAN 
SEMARANG, JAWA TENGAH , SEMARANG , PEDURUNGAN , MUKTIHARJO KIDUL 
SEMARANG, JAWA TENGAH , SEMARANG , GENUK , MUKTIHARJO LOR 
SEMARANG, JAWA TENGAH , SEMARANG , MIJEN , CANGKIRAN 
SEMARANG, JAWA TENGAH , SEMARANG , GENUK , KUDU 
SEMARANG, JAWA TENGAH , SEMARANG , BANYUMANIK , PADANGSARI 
SEMARANG, JAWA TENGAH , SEMARANG , GENUK , KARANGROTO 
SEMARANG, JAWA TENGAH , SEMARANG , SEMARANG UTARA , DADAPSARI 
SEMARANG, JAWA TENGAH , SEMARANG , CANDISARI , KARANGANYAR GUNUNG 
SEMARANG, JAWA TENGAH , SEMARANG , GAJAHMUNGKUR (GAJAH MUNGKUR) , BENDUNGAN 
SEMARANG, JAWA TENGAH , SEMARANG , SEMARANG TENGAH , JAGALAN 
SEMARANG, JAWA TENGAH , SEMARANG , SEMARANG UTARA , BULU LOR 
SEMARANG, JAWA TENGAH , SEMARANG , SEMARANG BARAT , BONGSARI 
SEMARANG, JAWA TENGAH , SEMARANG , CANDISARI , WONOTINGGAL (WONOTINGAL) 
SEMARANG, JAWA TENGAH , SEMARANG , SEMARANG BARAT , TAWANGMAS 
SEMARANG, JAWA TENGAH , SEMARANG , TEMBALANG , SENDANGGUWO 
SEMARANG, JAWA TENGAH , SEMARANG , SEMARANG TENGAH , SEKAYU 
SEMARANG, JAWA TENGAH , SEMARANG , TEMBALANG , KRAMAS 
SEMARANG, JAWA TENGAH , SEMARANG , GAJAHMUNGKUR (GAJAH MUNGKUR) , BENDAN NGISOR 
SEMARANG, JAWA TENGAH , SEMARANG , MIJEN , POLAMAN 
SEMARANG, JAWA TENGAH , SEMARANG , PEDURUNGAN , TLOGOSARI WETAN 
SEMARANG, JAWA TENGAH , SEMARANG , TUGU , TUGUREJO 
SEMARANG, JAWA TENGAH , SEMARANG , BANYUMANIK , JABUNGAN 
SEMARANG, JAWA TENGAH , SEMARANG , MIJEN , BUBAKAN 
SEMARANG, JAWA TENGAH , SEMARANG , MIJEN , JATISARI 
SEMARANG, JAWA TENGAH , SEMARANG , SEMARANG BARAT , SALAMANMLOYO 
SEMARANG, JAWA TENGAH , SEMARANG , SEMARANG UTARA , PANGGUNG LOR 
SEMARANG, JAWA TENGAH , SEMARANG , NGALIYAN , BERINGIN (BRINGIN) 
SEMARANG, JAWA TENGAH , SEMARANG , SEMARANG BARAT , BOJONGSALAMAN 
SEMARANG, JAWA TENGAH , SEMARANG , PEDURUNGAN , PALEBON 
SEMARANG, JAWA TENGAH , SEMARANG , SEMARANG TIMUR , KARANGTEMPEL 
SEMARANG, JAWA TENGAH , SEMARANG , TEMBALANG , MANGUNHARJO 
SEMARANG, JAWA TENGAH , SEMARANG , GENUK , GEBANGSARI 
SEMARANG, JAWA TENGAH , SEMARANG , GENUK , TERBOYO WETAN 
SEMARANG, JAWA TENGAH , SEMARANG , TUGU , KARANGANYAR 
SEMARANG, JAWA TENGAH , SEMARANG , SEMARANG TIMUR , SARIREJO 
SEMARANG, JAWA TENGAH , SEMARANG , GENUK , BANGETAYU KULON 
SEMARANG, JAWA TENGAH , SEMARANG , GUNUNGPATI , SADENG 
SEMARANG, JAWA TENGAH , SEMARANG , GUNUNGPATI , MANGUNSARI 
SEMARANG, JAWA TENGAH , SEMARANG , GAYAMSARI , SAMBIREJO 
SEMARANG, JAWA TENGAH , SEMARANG , MIJEN , JATIBARANG 
SEMARANG, JAWA TENGAH , SEMARANG , SEMARANG TIMUR , MLATIHARJO 
SEMARANG, JAWA TENGAH , SEMARANG , PEDURUNGAN , PEDURUNGAN LOR 
SEMARANG, JAWA TENGAH , SEMARANG , MIJEN , KEDUNGPANE (KEDUNGPANI) 
SEMARANG, JAWA TENGAH , SEMARANG , GAJAHMUNGKUR (GAJAH MUNGKUR) , BENDAN DHUWUR (BENDAN DUWUR) 
SEMARANG, JAWA TENGAH , SEMARANG , MIJEN , NGADIRGO 
SEMARANG, JAWA TENGAH , SEMARANG , GUNUNGPATI , GUNUNGPATI (GUNUNG PATI) 
SEMARANG, JAWA TENGAH , SEMARANG , GUNUNGPATI , SEKARAN 
SEMARANG, JAWA TENGAH , SEMARANG , MIJEN , WONOLOPO 
SEMARANG, JAWA TENGAH , SEMARANG , SEMARANG BARAT , KEMBANGARUM 
SEMARANG, JAWA TENGAH , SEMARANG , GAYAMSARI , GAYAMSARI 
SEMARANG, JAWA TENGAH , SEMARANG , SEMARANG SELATAN , LAMPER KIDUL 
SEMARANG, JAWA TENGAH , SEMARANG , MIJEN , PESANTREN 
SEMARANG, JAWA TENGAH , SEMARANG , SEMARANG TIMUR , KEMIJEN 
SEMARANG, JAWA TENGAH , SEMARANG , SEMARANG UTARA , TANJUNG MAS (TANJUNGMAS) 
SEMARANG, JAWA TENGAH , SEMARANG , SEMARANG BARAT , GISIKDRONO 
SEMARANG, JAWA TENGAH , SEMARANG , SEMARANG BARAT , TAMBAKHARJO (TAMBAK HARJO) 
SEMARANG, JAWA TENGAH , SEMARANG , SEMARANG BARAT , CABEAN 
SEMARANG, JAWA TENGAH , SEMARANG , GUNUNGPATI , SUMURREJO (SUMUREJO) 
SEMARANG, JAWA TENGAH , SEMARANG , NGALIYAN , WATES 
SEMARANG, JAWA TENGAH , SEMARANG , NGALIYAN , BAMBANKEREP 
SEMARANG, JAWA TENGAH , SEMARANG , GAYAMSARI , TANJUNGMAS 
SEMARANG, JAWA TENGAH , SEMARANG , TUNTANG , JATIBARANG 
SEMARANG, JAWA TENGAH , SEMARANG , PEDURUNGAN , PENGGARON KIDUL 
SEMARANG, JAWA TENGAH , SEMARANG , GUNUNGPATI , PAKINTELAN 
SEMARANG, JAWA TENGAH , SEMARANG , PEDURUNGAN , PALEBON 
SEMARANG, JAWA TENGAH , SEMARANG , NGALIYAN , TAMBAKAJI 
SEMARANG, JAWA TENGAH , SEMARANG , JAMBU , METESEH 
SEMARANG, JAWA TENGAH , SEMARANG , BANYUMANIK , PADANGSARI 
SEMARANG, JAWA TENGAH , SEMARANG , GAJAHMUNGKUR (GAJAH MUNGKUR) , BENDUNGAN 
SEMARANG, JAWA TENGAH , SEMARANG , MIJEN , TAMBANGAN 
SEMARANG, JAWA TENGAH , SEMARANG , SEMARANG BARAT , GISIKDRONO 
SEMARANG, JAWA TENGAH ,  , PEDURUNGAN , PEDURUNGAN LOR 
SAMARINDA, KALIMANTAN TIMUR , BALIKPAPAN , BALIKPAPAN TENGAH , SUMBER REJO 
SAMARINDA, KALIMANTAN TIMUR , BALIKPAPAN , BALIKPAPAN KOTA , DAMAI 
SAMARINDA, KALIMANTAN TIMUR , BALIKPAPAN , BALIKPAPAN SELATAN , SEPINGGAN 
SAMARINDA, KALIMANTAN TIMUR , BALIKPAPAN , BALIKPAPAN SELATAN , GUNUNGBAHAGIA (GUNUNG BAHAGIA) 
SAMARINDA, KALIMANTAN TIMUR , BALIKPAPAN , BALIKPAPAN SELATAN , SUNGAINANGKA (SUNGAI NANGKA) 
SAMARINDA, KALIMANTAN TIMUR , BALIKPAPAN , BALIKPAPAN UTARA , BATU AMPAR 
SAMARINDA, KALIMANTAN TIMUR , BALIKPAPAN , BALIKPAPAN TIMUR , MANGGAR BARU 
SAMARINDA, KALIMANTAN TIMUR , BALIKPAPAN , BALIKPAPAN UTARA , GUNUNGSAMARINDA (GUNUNG SAMARINDA) 
SAMARINDA, KALIMANTAN TIMUR , BALIKPAPAN , BALIKPAPAN BARAT , BARU TENGAH 
SAMARINDA, KALIMANTAN TIMUR , BALIKPAPAN , BALIKPAPAN SELATAN , SEPINGGAN BARU 
SAMARINDA, KALIMANTAN TIMUR , BALIKPAPAN , BALIKPAPAN TIMUR , MANGGAR 
SAMARINDA, KALIMANTAN TIMUR , BALIKPAPAN , BALIKPAPAN UTARA , GRAHA INDAH 
SAMARINDA, KALIMANTAN TIMUR , BALIKPAPAN , BALIKPAPAN SELATAN , DAMAI BARU 
SAMARINDA, KALIMANTAN TIMUR , BALIKPAPAN , BALIKPAPAN UTARA , MUARARAPAK (MUARA RAPAK) 
SAMARINDA, KALIMANTAN TIMUR , BALIKPAPAN , BALIKPAPAN TIMUR , LAMARU 
SAMARINDA, KALIMANTAN TIMUR , BALIKPAPAN , BALIKPAPAN UTARA , KARANG JOANG 
SAMARINDA, KALIMANTAN TIMUR , BALIKPAPAN , BALIKPAPAN KOTA , KLANDASAN ILIR 
SAMARINDA, KALIMANTAN TIMUR , BALIKPAPAN , BALIKPAPAN KOTA , KLANDASAN ULU 
SAMARINDA, KALIMANTAN TIMUR , BALIKPAPAN , BALIKPAPAN TENGAH , GUNUNGSARI ILIR (GUNUNG SARI ILIR) 
SAMARINDA, KALIMANTAN TIMUR , BALIKPAPAN , BALIKPAPAN SELATAN , DAMAI BAHAGIA 
SAMARINDA, KALIMANTAN TIMUR , BALIKPAPAN , BALIKPAPAN TIMUR , TERITIP 
SAMARINDA, KALIMANTAN TIMUR , BALIKPAPAN , BALIKPAPAN TENGAH , GUNUNGSARI ULU (GUNUNG SARI ULU) 
SAMARINDA, KALIMANTAN TIMUR , BALIKPAPAN , BALIKPAPAN BARAT , BARU ULU 
SAMARINDA, KALIMANTAN TIMUR ,  , BALIKPAPAN SELATAN , SEPINGGAN RAYA 
SAMARINDA, KALIMANTAN TIMUR , BALIKPAPAN , BALIKPAPAN TENGAH , SUMBER REJO 
SAMARINDA, KALIMANTAN TIMUR , BERAU , KELAY , SIDO BANGEN 
SAMARINDA, KALIMANTAN TIMUR , BONTANG , BONTANG SELATAN , SATIMPO 
SAMARINDA, KALIMANTAN TIMUR , BONTANG , BONTANG SELATAN , TANJUNG LAUT 
SAMARINDA, KALIMANTAN TIMUR , BONTANG , BONTANG UTARA , LOKTUAN (LOK TUAN) 
SAMARINDA, KALIMANTAN TIMUR , BONTANG , BONTANG UTARA , BONTANG BARU 
SAMARINDA, KALIMANTAN TIMUR , BONTANG , BONTANG UTARA , GUNUNG ELAI 
SAMARINDA, KALIMANTAN TIMUR , KUTAI BARAT , BARONG TONGKOK , SUMBER SARI 
SAMARINDA, KALIMANTAN TIMUR , KUTAI BARAT , MELAK , MELAK ULU 
SAMARINDA, KALIMANTAN TIMUR , KUTAI BARAT , SEKOLAQ DARAT , SRIMULYO 
SAMARINDA, KALIMANTAN TIMUR , KUTAI BARAT , BARONG TONGKOK , BARONG TONGKOK 
SAMARINDA, KALIMANTAN TIMUR , KUTAI BARAT , BONGAN , JAMBUK MAKMUR 
SAMARINDA, KALIMANTAN TIMUR , KUTAI BARAT , LINGGANG BIGUNG , LINGGANG BIGUNG 
SAMARINDA, KALIMANTAN TIMUR , KUTAI BARAT , BARONG TONGKOK , REJO BASUKI 
SAMARINDA, KALIMANTAN TIMUR , KUTAI BARAT , JEMPANG , MUARA TAE 
SAMARINDA, KALIMANTAN TIMUR , KUTAI BARAT , BARONG TONGKOK , SIMPANG RAYA 
SAMARINDA, KALIMANTAN TIMUR , KUTAI BARAT , DAMAI , KEAY 
SAMARINDA, KALIMANTAN TIMUR , KUTAI BARAT , SEKOLAQ DARAT , SEMBER BANGUN 
SAMARINDA, KALIMANTAN TIMUR , KUTAI BARAT , BONGAN , JAMBUK 
SAMARINDA, KALIMANTAN TIMUR , KUTAI BARAT , TERING , LINGGANG PURWOREJO (PURWOREJO) 
SAMARINDA, KALIMANTAN TIMUR , KUTAI BARAT , BONGAN , MUARA GUSIK 
SAMARINDA, KALIMANTAN TIMUR , KUTAI KARTANEGARA , TENGGARONG , BARU (KAMPUNG BARU) 
SAMARINDA, KALIMANTAN TIMUR , KUTAI KARTANEGARA , TENGGARONG , PANJI 
SAMARINDA, KALIMANTAN TIMUR , KUTAI KARTANEGARA , LOA JANAN , LOA JANAN ULU 
SAMARINDA, KALIMANTAN TIMUR , KUTAI KARTANEGARA , LOA JANAN , LOA DURI ILIR 
SAMARINDA, KALIMANTAN TIMUR , KUTAI KARTANEGARA , TENGGARONG , TIMBAU 
SAMARINDA, KALIMANTAN TIMUR , KUTAI KARTANEGARA , TENGGARONG SEBERANG , BANGUN REJO 
SAMARINDA, KALIMANTAN TIMUR , KUTAI KARTANEGARA , MUARA JAWA , MUARA JAWA ULU 
SAMARINDA, KALIMANTAN TIMUR , KUTAI KARTANEGARA , ANGGANA , SEI/SUNGAI MERIAM 
SAMARINDA, KALIMANTAN TIMUR , KUTAI KARTANEGARA , TENGGARONG , LOA IPUH 
SAMARINDA, KALIMANTAN TIMUR , KUTAI KARTANEGARA , TENGGARONG SEBERANG , TELUK DALAM 
SAMARINDA, KALIMANTAN TIMUR , KUTAI KARTANEGARA , SAMBOJA (SEMBOJA) , HANDIL BARU 
SAMARINDA, KALIMANTAN TIMUR , KUTAI KARTANEGARA , TENGGARONG SEBERANG , BUKIT PARIAMAN 
SAMARINDA, KALIMANTAN TIMUR , KUTAI KARTANEGARA , SAMBOJA (SEMBOJA) , KARYA MERDEKA 
SAMARINDA, KALIMANTAN TIMUR , KUTAI KARTANEGARA , KOTA BANGUN , KOTA BANGUN I (1) 
SAMARINDA, KALIMANTAN TIMUR , KUTAI KARTANEGARA , ANGGANA , ANGGANA 
SAMARINDA, KALIMANTAN TIMUR , KUTAI KARTANEGARA , SEBULU , SUMBER SARI 
SAMARINDA, KALIMANTAN TIMUR , KUTAI KARTANEGARA , TENGGARONG , BUKIT BIRU 
SAMARINDA, KALIMANTAN TIMUR , KUTAI KARTANEGARA , LOA JANAN , BATUAH 
SAMARINDA, KALIMANTAN TIMUR , KUTAI KARTANEGARA , SAMBOJA (SEMBOJA) , BUKIT MERDEKA 
SAMARINDA, KALIMANTAN TIMUR , KUTAI KARTANEGARA , SAMBOJA (SEMBOJA) , SEI/SUNGAI MERDEKA 
SAMARINDA, KALIMANTAN TIMUR , KUTAI KARTANEGARA , LOA JANAN , BAKUNGAN 
SAMARINDA, KALIMANTAN TIMUR , KUTAI KARTANEGARA , SANGA-SANGA , SANGA-SANGA MUARA 
SAMARINDA, KALIMANTAN TIMUR , KUTAI KARTANEGARA , KOTA BANGUN , LIANG (LIANG ILIR) 
SAMARINDA, KALIMANTAN TIMUR , KUTAI KARTANEGARA , LOA KULU , REMPANGA 
SAMARINDA, KALIMANTAN TIMUR , KUTAI KARTANEGARA , MUARA JAWA , MUARA JAWA (MUARA JAWA PESISIR) 
SAMARINDA, KALIMANTAN TIMUR , KUTAI KARTANEGARA , SAMBOJA (SEMBOJA) , SEI/SUNGAI SELUANG 
SAMARINDA, KALIMANTAN TIMUR , KUTAI KARTANEGARA , TENGGARONG SEBERANG , MANUNGGAL JAYA 
SAMARINDA, KALIMANTAN TIMUR , KUTAI KARTANEGARA , KOTA BANGUN , KOTA BANGUN III (3) 
SAMARINDA, KALIMANTAN TIMUR , KUTAI KARTANEGARA , LOA KULU , LOA KULU KOTA 
SAMARINDA, KALIMANTAN TIMUR , KUTAI KARTANEGARA , TENGGARONG SEBERANG , BUKIT RAYA 
SAMARINDA, KALIMANTAN TIMUR , KUTAI KARTANEGARA , TENGGARONG , SUKARAME 
SAMARINDA, KALIMANTAN TIMUR , KUTAI KARTANEGARA , SAMBOJA (SEMBOJA) , SAMBOJA KUALA 
SAMARINDA, KALIMANTAN TIMUR , KUTAI KARTANEGARA , SAMBOJA (SEMBOJA) , TELUK PEMEDAS 
SAMARINDA, KALIMANTAN TIMUR , KUTAI KARTANEGARA , MUARA JAWA , MUARA JAWA TENGAH 
SAMARINDA, KALIMANTAN TIMUR , KUTAI KARTANEGARA , TENGGARONG SEBERANG , PERJIWA 
SAMARINDA, KALIMANTAN TIMUR , KUTAI KARTANEGARA , MUARA KAMAN , LEBAHO ULAQ 
SAMARINDA, KALIMANTAN TIMUR , KUTAI KARTANEGARA , SEBULU , MANUNGGAL DAYA 
SAMARINDA, KALIMANTAN TIMUR , KUTAI KARTANEGARA , KOTA BANGUN , KOTA BANGUN ILIR 
SAMARINDA, KALIMANTAN TIMUR , KUTAI KARTANEGARA , TENGGARONG , JAHAB 
SAMARINDA, KALIMANTAN TIMUR , KUTAI KARTANEGARA , SANGA-SANGA , SANGA-SANGA DALAM 
SAMARINDA, KALIMANTAN TIMUR , KUTAI KARTANEGARA , KOTA BANGUN , KOTA BANGUN II (2) 
SAMARINDA, KALIMANTAN TIMUR , KUTAI KARTANEGARA , MUARA KAMAN , SIDOMUKTI (SIDO MUKTI) 
SAMARINDA, KALIMANTAN TIMUR , KUTAI KARTANEGARA , MUARA KAMAN , PANCA JAYA 
SAMARINDA, KALIMANTAN TIMUR , KUTAI KARTANEGARA , TENGGARONG , LOA TEBU 
SAMARINDA, KALIMANTAN TIMUR , KUTAI KARTANEGARA , MUARA BADAK , MUARA BADAK ILIR 
SAMARINDA, KALIMANTAN TIMUR , KUTAI KARTANEGARA , LOA JANAN , PURWAJAYA 
SAMARINDA, KALIMANTAN TIMUR , KUTAI KARTANEGARA , SEBULU , SEBULU ULU 
SAMARINDA, KALIMANTAN TIMUR , KUTAI KARTANEGARA , MUARA BADAK , GAS ALAM BADAK I 
SAMARINDA, KALIMANTAN TIMUR , KUTAI KARTANEGARA , MUARA BADAK , MUARA BADAK ULU 
SAMARINDA, KALIMANTAN TIMUR , KUTAI KARTANEGARA , TENGGARONG SEBERANG , KERTA BUANA 
SAMARINDA, KALIMANTAN TIMUR , KUTAI KARTANEGARA , MUARA MUNTAI , MUARA LEKA 
SAMARINDA, KALIMANTAN TIMUR , KUTAI KARTANEGARA , MARANG KAYU , SANTAN ULU 
SAMARINDA, KALIMANTAN TIMUR , KUTAI KARTANEGARA , TENGGARONG SEBERANG , LOA LEPU 
SAMARINDA, KALIMANTAN TIMUR , KUTAI KARTANEGARA , LOA KULU , JEMBAYAN 
SAMARINDA, KALIMANTAN TIMUR , KUTAI KARTANEGARA , KEMBANG JANGGUT , KEMBANG JANGGUT 
SAMARINDA, KALIMANTAN TIMUR , KUTAI KARTANEGARA , KOTA BANGUN , KOTA BANGUN ULU 
SAMARINDA, KALIMANTAN TIMUR , KUTAI KARTANEGARA , SAMBOJA (SEMBOJA) , SANIPAH 
SAMARINDA, KALIMANTAN TIMUR , KUTAI KARTANEGARA , MUARA MUNTAI , PERIAN 
SAMARINDA, KALIMANTAN TIMUR , KUTAI KARTANEGARA , KEMBANG JANGGUT , HAMBAU 
SAMARINDA, KALIMANTAN TIMUR , KUTAI KARTANEGARA , TENGGARONG , LOA IPUH DARAT 
SAMARINDA, KALIMANTAN TIMUR , KUTAI TIMUR , SANGATTA UTARA , SANGATTA UTARA 
SAMARINDA, KALIMANTAN TIMUR , KUTAI TIMUR , SANGATTA UTARA , SWARGA BARA 
SAMARINDA, KALIMANTAN TIMUR , KUTAI TIMUR , TELUK PANDAN , SUKA RAHMAT 
SAMARINDA, KALIMANTAN TIMUR , KUTAI TIMUR , SANGATTA UTARA , TELUK LINGGA 
SAMARINDA, KALIMANTAN TIMUR , KUTAI TIMUR , BENGALON , SEPASO BARAT 
SAMARINDA, KALIMANTAN TIMUR , KUTAI TIMUR , SANGATTA SELATAN , SANGATTA SELATAN (SANGATA SELATAN) 
SAMARINDA, KALIMANTAN TIMUR , KUTAI TIMUR , TELUK PANDAN , TELUK PANDAN 
SAMARINDA, KALIMANTAN TIMUR , KUTAI TIMUR , MUARA WAHAU , WAHAU BARU 
SAMARINDA, KALIMANTAN TIMUR , KUTAI TIMUR , KOMBENG (KONGBENG) , MIAU BARU 
SAMARINDA, KALIMANTAN TIMUR , KUTAI TIMUR , MUARA WAHAU , WANASARI (WANA SARI) 
SAMARINDA, KALIMANTAN TIMUR , KUTAI TIMUR , KOMBENG (KONGBENG) , MARGA MULYA (MARGA MULIA) 
SAMARINDA, KALIMANTAN TIMUR , KUTAI TIMUR , KOMBENG (KONGBENG) , SIDOMULYO 
SAMARINDA, KALIMANTAN TIMUR , KUTAI TIMUR , SANGATTA SELATAN , SANGKIMA 
SAMARINDA, KALIMANTAN TIMUR , KUTAI TIMUR , TELUK PANDAN , MARTADINATA 
SAMARINDA, KALIMANTAN TIMUR , KUTAI TIMUR , KOMBENG (KONGBENG) , MAKMUR JAYA 
SAMARINDA, KALIMANTAN TIMUR , KUTAI TIMUR , RANTAU PULUNG , MUKTI JAYA 
SAMARINDA, KALIMANTAN TIMUR , KUTAI TIMUR , KALIORANG , BUKIT MAKMUR 
SAMARINDA, KALIMANTAN TIMUR , KUTAI TIMUR , KAUBUN , BUMI RAPAK 
SAMARINDA, KALIMANTAN TIMUR , KUTAI TIMUR , KOMBENG (KONGBENG) , SRI PANTUN 
SAMARINDA, KALIMANTAN TIMUR , KUTAI TIMUR , RANTAU PULUNG , MANUNGGAL JAYA 
SAMARINDA, KALIMANTAN TIMUR , KUTAI TIMUR , BENGALON , KERAITAN 
SAMARINDA, KALIMANTAN TIMUR , PASER , TANAH GROGOT , TANAH GROGOT 
SAMARINDA, KALIMANTAN TIMUR , PASER , KUARO , KUARO 
SAMARINDA, KALIMANTAN TIMUR , PASER , TANAH GROGOT , JONE 
SAMARINDA, KALIMANTAN TIMUR , PASER , BATU SOPANG , BATU KAJANG (BATU SOPANG) 
SAMARINDA, KALIMANTAN TIMUR , PASER , LONG IKIS , PAIT 
SAMARINDA, KALIMANTAN TIMUR , PASER , LONG KALI , LONG KALI 
SAMARINDA, KALIMANTAN TIMUR , PASER , TANAH GROGOT , TEPIAN BATANG 
SAMARINDA, KALIMANTAN TIMUR , PASER , LONG IKIS , SAMUNTAI 
SAMARINDA, KALIMANTAN TIMUR , PENAJAM PASER UTARA , WARU , WARU 
SAMARINDA, KALIMANTAN TIMUR , PENAJAM PASER UTARA , BABULU , BABULU DARAT 
SAMARINDA, KALIMANTAN TIMUR , PENAJAM PASER UTARA , PENAJAM , PETUNG 
SAMARINDA, KALIMANTAN TIMUR , PENAJAM PASER UTARA , SEPAKU , BUKIT RAYA (SEPAKU I) 
SAMARINDA, KALIMANTAN TIMUR , PENAJAM PASER UTARA , PENAJAM , NIPAH NIPAH 
SAMARINDA, KALIMANTAN TIMUR , PENAJAM PASER UTARA , WARU , BANGUN MULYA 
SAMARINDA, KALIMANTAN TIMUR , PENAJAM PASER UTARA , SEPAKU , ARGO MULYO 
SAMARINDA, KALIMANTAN TIMUR , PENAJAM PASER UTARA , SEPAKU , SEPAKU 
SAMARINDA, KALIMANTAN TIMUR , PENAJAM PASER UTARA , SEPAKU , SUKA RAJA (SUKARAJA / SEPAKU II) 
SAMARINDA, KALIMANTAN TIMUR , PENAJAM PASER UTARA , PENAJAM , GIRI MUKTI 
SAMARINDA, KALIMANTAN TIMUR , PENAJAM PASER UTARA , PENAJAM , NENANG 
SAMARINDA, KALIMANTAN TIMUR , SAMARINDA , SAMARINDA ULU , AIR PUTIH 
SAMARINDA, KALIMANTAN TIMUR , SAMARINDA , SAMARINDA SEBERANG , SUNGAI KELEDANG 
SAMARINDA, KALIMANTAN TIMUR , SAMARINDA , SUNGAI KUNJANG , KARANG ASAM ULU 
SAMARINDA, KALIMANTAN TIMUR , SAMARINDA , LOA JANAN ILIR , HARAPAN BARU 
SAMARINDA, KALIMANTAN TIMUR , SAMARINDA , SAMARINDA KOTA , PELABUHAN 
SAMARINDA, KALIMANTAN TIMUR , SAMARINDA , SAMARINDA ULU , JAWA 
SAMARINDA, KALIMANTAN TIMUR , SAMARINDA , SAMARINDA UTARA , SEMPAJA UTARA 
SAMARINDA, KALIMANTAN TIMUR , SAMARINDA , SAMARINDA ILIR , PELITA 
SAMARINDA, KALIMANTAN TIMUR , SAMARINDA , SUNGAI KUNJANG , KARANG ANYAR 
SAMARINDA, KALIMANTAN TIMUR , SAMARINDA , SAMARINDA ILIR , SIDODAMAI 
SAMARINDA, KALIMANTAN TIMUR , SAMARINDA , SAMARINDA UTARA , SEMPAJA SELATAN 
SAMARINDA, KALIMANTAN TIMUR , SAMARINDA , SAMARINDA ILIR , SIDOMULYO 
SAMARINDA, KALIMANTAN TIMUR , SAMARINDA , LOA JANAN ILIR , SIMPANG TIGA (LOA JANAN ILIR) 
SAMARINDA, KALIMANTAN TIMUR , SAMARINDA , SAMARINDA ULU , AIR HITAM 
SAMARINDA, KALIMANTAN TIMUR , SAMARINDA , SUNGAI PINANG , SEI/SUNGAI PINANG DALAM 
SAMARINDA, KALIMANTAN TIMUR , SAMARINDA , SAMARINDA UTARA , LEMPAKE 
SAMARINDA, KALIMANTAN TIMUR , SAMARINDA , SUNGAI PINANG , TEMINDUNG PERMAI 
SAMARINDA, KALIMANTAN TIMUR , SAMARINDA , SAMARINDA ULU , DADI MULYA 
SAMARINDA, KALIMANTAN TIMUR , SAMARINDA , LOA JANAN ILIR , RAPAK DALAM 
SAMARINDA, KALIMANTAN TIMUR , SAMARINDA , SAMARINDA UTARA , TANAH MERAH 
SAMARINDA, KALIMANTAN TIMUR , SAMARINDA , SAMARINDA ULU , TELUK LERONG ILIR 
SAMARINDA, KALIMANTAN TIMUR , SAMARINDA , SAMARINDA ULU , GUNUNG KELUA 
SAMARINDA, KALIMANTAN TIMUR , SAMARINDA , SUNGAI KUNJANG , LOK BAHU 
SAMARINDA, KALIMANTAN TIMUR , SAMARINDA , SAMBUTAN , SAMBUTAN 
SAMARINDA, KALIMANTAN TIMUR , SAMARINDA , SUNGAI KUNJANG , LOA BAKUNG 
SAMARINDA, KALIMANTAN TIMUR , SAMARINDA , PALARAN , HANDIL BAKTI 
SAMARINDA, KALIMANTAN TIMUR , SAMARINDA , SAMARINDA ILIR , SUNGAI DAMA 
SAMARINDA, KALIMANTAN TIMUR , SAMARINDA , SAMARINDA ULU , SIDODADI 
SAMARINDA, KALIMANTAN TIMUR , SAMARINDA , SAMARINDA ULU , BUKIT PINANG 
SAMARINDA, KALIMANTAN TIMUR , SAMARINDA , SAMARINDA UTARA , SUNGAI SIRING 
SAMARINDA, KALIMANTAN TIMUR , SAMARINDA , PALARAN , RAWA MAKMUR 
SAMARINDA, KALIMANTAN TIMUR , SAMARINDA , SAMARINDA KOTA , SUNGAI PINANG LUAR 
SAMARINDA, KALIMANTAN TIMUR , SAMARINDA , SUNGAI PINANG , MUGIREJO 
SAMARINDA, KALIMANTAN TIMUR , SAMARINDA , PALARAN , SIMPANG PASIR 
SAMARINDA, KALIMANTAN TIMUR , SAMARINDA , LOA JANAN ILIR , TANI AMAN 
SAMARINDA, KALIMANTAN TIMUR , SAMARINDA , PALARAN , BUKUAN 
SAMARINDA, KALIMANTAN TIMUR , SAMARINDA , SAMBUTAN , SEI/SUNGAI KAPIH 
SAMARINDA, KALIMANTAN TIMUR , SAMARINDA , SUNGAI KUNJANG , TELUK LERONG ULU 
SAMARINDA, KALIMANTAN TIMUR , SAMARINDA , SUNGAI PINANG , BANDARA 
SAMARINDA, KALIMANTAN TIMUR , SAMARINDA , SUNGAI PINANG , GUNUNG LINGAI 
SAMARINDA, KALIMANTAN TIMUR , SAMARINDA , LOA JANAN ILIR , SENGKOTEK 
SAMARINDA, KALIMANTAN TIMUR , SAMARINDA , SAMBUTAN , MAKROMAN 
SAMARINDA, KALIMANTAN TIMUR , SAMARINDA , SUNGAI KUNJANG , KARANG ASAM ILIR 
SAMARINDA, KALIMANTAN TIMUR , SAMARINDA , SAMARINDA ILIR , SELILI 
PURWAKARTA, JAWA BARAT , BEKASI , BEKASI BARAT , KOTABARU (KOTA BARU) 
PURWAKARTA, JAWA BARAT , BEKASI , TAMBUN SELATAN , JATIMULYA 
PURWAKARTA, JAWA BARAT , BEKASI , BEKASI BARAT , BINTARAJAYA (BINTARA JAYA) 
PURWAKARTA, JAWA BARAT , BEKASI , BEKASI BARAT , BINTARA 
PURWAKARTA, JAWA BARAT , BEKASI , RAWALUMBU , SEPANJANGJAYA (SEPANJANG JAYA) 
PURWAKARTA, JAWA BARAT , BEKASI , RAWALUMBU , BOJONG RAWALUMBU 
PURWAKARTA, JAWA BARAT , BEKASI , RAWALUMBU , PENGASINAN 
PURWAKARTA, JAWA BARAT , BEKASI , BEKASI TIMUR , ARENJAYA (AREN JAYA) 
PURWAKARTA, JAWA BARAT , BEKASI , TAMBUN SELATAN , MANGUNJAYA 
PURWAKARTA, JAWA BARAT , BEKASI , BEKASI TIMUR , DURENJAYA (DUREN JAYA) 
PURWAKARTA, JAWA BARAT , BEKASI , BEKASI BARAT , KRANJI 
PURWAKARTA, JAWA BARAT , BEKASI , BEKASI TIMUR , MARGAHAYU 
PURWAKARTA, JAWA BARAT , BEKASI , SERANG BARU , SUKASARI 
PURWAKARTA, JAWA BARAT , BEKASI , MUSTIKAJAYA (MUSTIKA JAYA) , CIMUNING 
PURWAKARTA, JAWA BARAT , BEKASI , MUSTIKAJAYA (MUSTIKA JAYA) , MUSTIKAJAYA (MUSTIKA JAYA) 
PURWAKARTA, JAWA BARAT , BEKASI , TAMBUN SELATAN , TAMBUN 
PURWAKARTA, JAWA BARAT , BEKASI , SERANG BARU , SUKARAGAM 
PURWAKARTA, JAWA BARAT , BEKASI , BEKASI TIMUR , BEKASIJAYA (BEKASI JAYA) 
PURWAKARTA, JAWA BARAT , BEKASI , BEKASI BARAT , JAKASAMPURNA (JAKA SAMPURNA) 
PURWAKARTA, JAWA BARAT , BEKASI , BEKASI SELATAN , PEKAYONJAYA (PEKAYON JAYA) 
PURWAKARTA, JAWA BARAT , BEKASI , TAMBUN SELATAN , SUMBERJAYA (SUMBER JAYA) 
PURWAKARTA, JAWA BARAT , BEKASI , CIBITUNG , CIBUNTU 
PURWAKARTA, JAWA BARAT , BEKASI , SETU , TAMAN RAHAYU 
PURWAKARTA, JAWA BARAT , BEKASI , KEDUNG WARINGIN , KEDUNGWARINGIN 
PURWAKARTA, JAWA BARAT , BEKASI , TAMBUN SELATAN , SETIAMEKAR 
PURWAKARTA, JAWA BARAT , BEKASI , BEKASI SELATAN , KAYURINGINJAYA (KAYURINGIN JAYA) 
PURWAKARTA, JAWA BARAT , BEKASI , TAMBUN SELATAN , LAMBANGJAYA 
PURWAKARTA, JAWA BARAT , BEKASI , CIBITUNG , WANAJAYA 
PURWAKARTA, JAWA BARAT , BEKASI , MUSTIKAJAYA (MUSTIKA JAYA) , MUSTIKASARI (MUSTIKA SARI) 
PURWAKARTA, JAWA BARAT , BEKASI , RAWALUMBU , BOJONGMENTENG (BOJONG MENTENG) 
PURWAKARTA, JAWA BARAT , BEKASI , TAMBUN SELATAN , LAMBANGSARI 
PURWAKARTA, JAWA BARAT , BEKASI , SETU , LUBANGBUAYA 
PURWAKARTA, JAWA BARAT , BEKASI , BEKASI SELATAN , MARGAJAYA 
PURWAKARTA, JAWA BARAT , BEKASI , MUSTIKAJAYA (MUSTIKA JAYA) , PEDURENAN (PADURENAN) 
PURWAKARTA, JAWA BARAT , BEKASI , CIBARUSAH , CIBARUSAH KOTA (CIBARUSAHKOTA) 
PURWAKARTA, JAWA BARAT , BEKASI , KEDUNG WARINGIN , KARANGSAMBUNG (KARANG SAMBUNG) 
PURWAKARTA, JAWA BARAT , BEKASI , BANTARGEBANG (BANTAR GEBANG) , CIKIWUL 
PURWAKARTA, JAWA BARAT , BEKASI , TAMBUN SELATAN , TRIDAYA SAKTI 
PURWAKARTA, JAWA BARAT , BEKASI , BEKASI SELATAN , JAKASETIA (JAKA SETIA) 
PURWAKARTA, JAWA BARAT , BEKASI , BEKASI SELATAN , JAKAMULYA (JAKA MULYA) 
PURWAKARTA, JAWA BARAT , BEKASI , CIBITUNG , SUKAJAYA 
PURWAKARTA, JAWA BARAT , BEKASI , TAMBUN SELATAN , MEKARSARI 
PURWAKARTA, JAWA BARAT , BEKASI , CIBARUSAH , SINDANGMULYA 
PURWAKARTA, JAWA BARAT , BEKASI , TAMBUN SELATAN , SETIADARMA 
PURWAKARTA, JAWA BARAT , BEKASI , CIBITUNG , WANASARI 
PURWAKARTA, JAWA BARAT , BEKASI , SETU , BURANGKENG 
PURWAKARTA, JAWA BARAT , BEKASI , SUKATANI , SUKADARMA 
PURWAKARTA, JAWA BARAT , BEKASI , SETU , CIJENGKOL 
PURWAKARTA, JAWA BARAT , BEKASI , PEBAYURAN , KERTASARI 
PURWAKARTA, JAWA BARAT , BEKASI , KARANG BAHAGIA (KARANGBAHAGIA) , SUKARAYA 
PURWAKARTA, JAWA BARAT , BEKASI , SUKATANI , SUKARUKUN 
PURWAKARTA, JAWA BARAT , BEKASI , PEBAYURAN , KARANGHAUR 
PURWAKARTA, JAWA BARAT , BEKASI , CIBARUSAH , SIRNAJAYA (SIRNAJATI) 
PURWAKARTA, JAWA BARAT , BEKASI , BANTARGEBANG (BANTAR GEBANG) , BANTARGEBANG (BANTAR GEBANG) 
PURWAKARTA, JAWA BARAT , BEKASI , BANTARGEBANG (BANTAR GEBANG) , SUMURBATU (SUMUR BATU) 
PURWAKARTA, JAWA BARAT , BEKASI , BANTARGEBANG (BANTAR GEBANG) , CIKETINGUDIK (CIKETING UDIK) 
PURWAKARTA, JAWA BARAT , BEKASI , KEDUNG WARINGIN , BOJONGSARI 
PURWAKARTA, JAWA BARAT , BEKASI , KARANG BAHAGIA (KARANGBAHAGIA) , KARANGRAHAYU (KARANG RAHAYU) 
PURWAKARTA, JAWA BARAT , BEKASI , KARANG BAHAGIA (KARANGBAHAGIA) , KARANGSENTOSA (KARANG SENTOSA) 
PURWAKARTA, JAWA BARAT , BEKASI , CIBARUSAH , CIBARUSAH JAYA (CIBARUSAHJAYA) 
PURWAKARTA, JAWA BARAT , BEKASI , KARANG BAHAGIA (KARANGBAHAGIA) , KARANGSETIA (KARANG SETRA) 
PURWAKARTA, JAWA BARAT , BEKASI , KEDUNG WARINGIN , WARINGINJAYA (WARINGIN JAYA) 
PURWAKARTA, JAWA BARAT , BEKASI , SUKATANI , SUKAMANAH 
PURWAKARTA, JAWA BARAT , BEKASI , TAMBELANG , SUKARAPIH 
PURWAKARTA, JAWA BARAT , BEKASI , SERANG BARU , JAYAMULYA 
PURWAKARTA, JAWA BARAT , BEKASI , SERANG BARU , JAYASAMPURNA (JAYA SAMPURNA) 
PURWAKARTA, JAWA BARAT , BEKASI , SETU , CIBENING 
PURWAKARTA, JAWA BARAT , BEKASI , CIBARUSAH , WIBAWAMULYA 
PURWAKARTA, JAWA BARAT , BEKASI , SETU , CIKARAGEMAN 
PURWAKARTA, JAWA BARAT , BEKASI , CABANGBUNGIN , SETIAJAYA (SETIA JAYA) 
PURWAKARTA, JAWA BARAT , BEKASI , PEBAYURAN , KARANGREJA 
PURWAKARTA, JAWA BARAT , BEKASI , MUARAGEMBONG (MUARA GEMBONG) , PANTAI MEKAR 
PURWAKARTA, JAWA BARAT , BEKASI , KARANG BAHAGIA (KARANGBAHAGIA) , KARANGMUKTI 
PURWAKARTA, JAWA BARAT , BEKASI , SUKAKARYA , SUKAJADI 
PURWAKARTA, JAWA BARAT , BEKASI , CIBITUNG , MUKTIWARI 
PURWAKARTA, JAWA BARAT , BEKASI , KARANG BAHAGIA (KARANGBAHAGIA) , KARANGANYAR 
PURWAKARTA, JAWA BARAT , BEKASI , BOJONGMANGU , SUKABUNGAH 
PURWAKARTA, JAWA BARAT , BEKASI , CABANGBUNGIN , SETIALAKSANA 
PURWAKARTA, JAWA BARAT , BEKASI , BOJONGMANGU , SUKAMUKTI 
PURWAKARTA, JAWA BARAT , BEKASI , SETU , RAGAMANUNGGAL (RAGEMANUNGGAL) 
PURWAKARTA, JAWA BARAT , KARAWANG , PURWASARI , TAMELANG 
PURWAKARTA, JAWA BARAT , KARAWANG , KLARI , DUREN 
PURWAKARTA, JAWA BARAT , KARAWANG , PURWASARI , CENGKONG 
PURWAKARTA, JAWA BARAT , KARAWANG , TELUKJAMBE TIMUR , WADAS 
PURWAKARTA, JAWA BARAT , KARAWANG , TELUKJAMBE TIMUR , TELUKJAMBE 
PURWAKARTA, JAWA BARAT , KARAWANG , KOTA BARU (KOTABARU) , WANCIMEKAR 
PURWAKARTA, JAWA BARAT , KARAWANG , JATISARI , BALONGGANDU 
PURWAKARTA, JAWA BARAT , KARAWANG , KARAWANG BARAT , NAGASARI 
PURWAKARTA, JAWA BARAT , KARAWANG , PURWASARI , PURWASARI 
PURWAKARTA, JAWA BARAT , KARAWANG , KLARI , CIBALONGSARI 
PURWAKARTA, JAWA BARAT , KARAWANG , KARAWANG TIMUR , KONDANGJAYA 
PURWAKARTA, JAWA BARAT , KARAWANG , PEDES , SUNGAIBUNTU 
PURWAKARTA, JAWA BARAT , KARAWANG , TELUKJAMBE TIMUR , SUKAHARJA 
PURWAKARTA, JAWA BARAT , KARAWANG , KARAWANG TIMUR , KARAWANG WETAN 
PURWAKARTA, JAWA BARAT , KARAWANG , KOTA BARU (KOTABARU) , JOMIN BARAT 
PURWAKARTA, JAWA BARAT , KARAWANG , CIAMPEL , PARUNGMULYA 
PURWAKARTA, JAWA BARAT , KARAWANG , JATISARI , MEKARSARI 
PURWAKARTA, JAWA BARAT , KARAWANG , KARAWANG BARAT , ADIARSA BARAT 
PURWAKARTA, JAWA BARAT , KARAWANG , TELUKJAMBE TIMUR , SUKALUYU 
PURWAKARTA, JAWA BARAT , KARAWANG , KOTA BARU (KOTABARU) , PANGULAH BARU 
PURWAKARTA, JAWA BARAT , KARAWANG , TEMPURAN , TEMPURAN 
PURWAKARTA, JAWA BARAT , KARAWANG , KLARI , GINTUNGKERTA 
PURWAKARTA, JAWA BARAT , KARAWANG , MAJALAYA , BANGLE (BENGLE) 
PURWAKARTA, JAWA BARAT , KARAWANG , TELUKJAMBE TIMUR , PUSEURJAYA 
PURWAKARTA, JAWA BARAT , KARAWANG , KUTAWALUYA , KUTAGANDOK 
PURWAKARTA, JAWA BARAT , KARAWANG , KARAWANG TIMUR , PALUMBONSARI 
PURWAKARTA, JAWA BARAT , KARAWANG , KOTA BARU (KOTABARU) , JOMIN TIMUR 
PURWAKARTA, JAWA BARAT , KARAWANG , BATUJAYA , BATUJAYA 
PURWAKARTA, JAWA BARAT , KARAWANG , CILAMAYA WETAN , TEGALWARU 
PURWAKARTA, JAWA BARAT , KARAWANG , PEDES , PAYUNGSARI 
PURWAKARTA, JAWA BARAT , KARAWANG , TEGALWARU , CINTALAKSANA 
PURWAKARTA, JAWA BARAT , KARAWANG , TELUKJAMBE BARAT , WANASARI 
PURWAKARTA, JAWA BARAT , KARAWANG , RENGASDENGKLOK , AMANSARI 
PURWAKARTA, JAWA BARAT , KARAWANG , KLARI , WALAHAR 
PURWAKARTA, JAWA BARAT , KARAWANG , KOTA BARU (KOTABARU) , PANGULAH SELATAN 
PURWAKARTA, JAWA BARAT , KARAWANG , CIKAMPEK , CIKAMPEK SELATAN 
PURWAKARTA, JAWA BARAT , KARAWANG , PURWASARI , MEKARJAYA 
PURWAKARTA, JAWA BARAT , KARAWANG , BANYUSARI , JAYAMUKTI 
PURWAKARTA, JAWA BARAT , KARAWANG , LEMAHABANG , KARYAMUKTI 
PURWAKARTA, JAWA BARAT , KARAWANG , KARAWANG TIMUR , WARUNGBAMBU 
PURWAKARTA, JAWA BARAT , KARAWANG , KUTAWALUYA , SAMPALAN 
PURWAKARTA, JAWA BARAT , KARAWANG , CIKAMPEK , DAWUAN BARAT 
PURWAKARTA, JAWA BARAT , KARAWANG , CIBUAYA , CIBUAYA 
PURWAKARTA, JAWA BARAT , KARAWANG , CIKAMPEK , CIKAMPEK BARAT 
PURWAKARTA, JAWA BARAT , KARAWANG , KOTA BARU (KOTABARU) , PANGULAH UTARA 
PURWAKARTA, JAWA BARAT , KARAWANG , KARAWANG BARAT , TANJUNGPURA 
PURWAKARTA, JAWA BARAT , KARAWANG , PEDES , KERTARAHARJA 
PURWAKARTA, JAWA BARAT , KARAWANG , KOTA BARU (KOTABARU) , PUCUNG 
PURWAKARTA, JAWA BARAT , KARAWANG , TEMPURAN , PAGADUNGAN 
PURWAKARTA, JAWA BARAT , KARAWANG , TELAGASARI (TALAGASARI) , TELAGAMULYA (TALAGAMULYA) 
PURWAKARTA, JAWA BARAT , KARAWANG , KARAWANG BARAT , KARAWANGPAWITAN (KARANGPAWITAN) 
PURWAKARTA, JAWA BARAT , KARAWANG , KOTA BARU (KOTABARU) , SARIMULYA 
PURWAKARTA, JAWA BARAT , KARAWANG , BANYUSARI , GEMPOL 
PURWAKARTA, JAWA BARAT , KARAWANG , CIAMPEL , KUTAMEKAR 
PURWAKARTA, JAWA BARAT , KARAWANG , CIKAMPEK , DAWUAN TENGAH 
PURWAKARTA, JAWA BARAT , KARAWANG , LEMAHABANG , LEMAHABANG 
PURWAKARTA, JAWA BARAT , KARAWANG , KARAWANG BARAT , TUNGGAKJATI 
PURWAKARTA, JAWA BARAT , KARAWANG , TELUKJAMBE BARAT , MARGAKAYA 
PURWAKARTA, JAWA BARAT , KARAWANG , KLARI , SUMURKONDANG 
PURWAKARTA, JAWA BARAT , KARAWANG , KLARI , KLARI 
PURWAKARTA, JAWA BARAT , KARAWANG , CILAMAYA WETAN , RAWAGEMPOL KULON 
PURWAKARTA, JAWA BARAT , KARAWANG , RENGASDENGKLOK , RENGASDENGKLOK UTARA 
PURWAKARTA, JAWA BARAT , KARAWANG , RENGASDENGKLOK , KALANGSARI 
PURWAKARTA, JAWA BARAT , KARAWANG , TELUKJAMBE TIMUR , PURWADANA 
PURWAKARTA, JAWA BARAT , KARAWANG , CIKAMPEK , KALIHURIP 
PURWAKARTA, JAWA BARAT , KARAWANG , KARAWANG TIMUR , MARGASARI 
PURWAKARTA, JAWA BARAT , KARAWANG , PANGKALAN , TAMANSARI 
PURWAKARTA, JAWA BARAT , KARAWANG , RAWAMERTA , SUKAMERTA 
PURWAKARTA, JAWA BARAT , KARAWANG , BANYUSARI , CICINDE UTARA 
PURWAKARTA, JAWA BARAT , KARAWANG , TEMPURAN , PANCAKARYA 
PURWAKARTA, JAWA BARAT , KARAWANG , JAYAKERTA , MEDANGASEM 
PURWAKARTA, JAWA BARAT , KARAWANG , CILAMAYA WETAN , CILAMAYA 
PURWAKARTA, JAWA BARAT , KARAWANG , TELAGASARI (TALAGASARI) , CILEWO 
PURWAKARTA, JAWA BARAT , KARAWANG , RAWAMERTA , BALONGSARI 
PURWAKARTA, JAWA BARAT , KARAWANG , LEMAHABANG , KEDAWUNG 
PURWAKARTA, JAWA BARAT , KARAWANG , CILEBAR , KERTAMUKTI 
PURWAKARTA, JAWA BARAT , KARAWANG , TELUKJAMBE TIMUR , SIRNABAYA 
PURWAKARTA, JAWA BARAT , KARAWANG , CIAMPEL , KUTAPOHACI 
PURWAKARTA, JAWA BARAT , KARAWANG , TIRTAJAYA , BOLANG 
PURWAKARTA, JAWA BARAT , KARAWANG , KOTA BARU (KOTABARU) , CILKAMPEK UTARA (CIKAMPEK UTARA) 
PURWAKARTA, JAWA BARAT , KARAWANG , TIRTAJAYA , SABAJAYA 
PURWAKARTA, JAWA BARAT , KARAWANG , CILAMAYA KULON , BAYUR KIDUL 
PURWAKARTA, JAWA BARAT , KARAWANG , CILAMAYA WETAN , MEKARMAYA 
PURWAKARTA, JAWA BARAT , KARAWANG , KUTAWALUYA , KUTAKARYA 
PURWAKARTA, JAWA BARAT , KARAWANG , BATUJAYA , TELUKBANGO 
PURWAKARTA, JAWA BARAT , KARAWANG , PAKISJAYA , TANJUNGBUNGIN 
PURWAKARTA, JAWA BARAT , KARAWANG , TELUKJAMBE TIMUR , PINAYUNGAN 
PURWAKARTA, JAWA BARAT , KARAWANG , JATISARI , CIKALONGSARI 
PURWAKARTA, JAWA BARAT , KARAWANG , RENGASDENGKLOK , RENGASDENGKLOK SELATAN 
PURWAKARTA, JAWA BARAT , KARAWANG , PURWASARI , SUKASARI 
PURWAKARTA, JAWA BARAT , KARAWANG , RENGASDENGKLOK , KERTASARI 
PURWAKARTA, JAWA BARAT , KARAWANG , PEDES , KARANGJAYA 
PURWAKARTA, JAWA BARAT , KARAWANG , TELAGASARI (TALAGASARI) , TELAGASARI (TALAGASARI) 
PURWAKARTA, JAWA BARAT , KARAWANG , CIKAMPEK , CIKAMPEK TIMUR 
PURWAKARTA, JAWA BARAT , KARAWANG , TEMPURAN , TANJUNGJAYA 
PURWAKARTA, JAWA BARAT , KARAWANG , TELUKJAMBE TIMUR , SUKAMAKMUR 
PURWAKARTA, JAWA BARAT , KARAWANG , CIKAMPEK , CIKAMPEK KOTA 
PURWAKARTA, JAWA BARAT , KARAWANG , KLARI , PANCAWATI 
PURWAKARTA, JAWA BARAT , KARAWANG , KARAWANG BARAT , KARAWANG KULON 
PURWAKARTA, JAWA BARAT , KARAWANG , TELUKJAMBE BARAT , KARANGMULYA 
PURWAKARTA, JAWA BARAT , KARAWANG , MAJALAYA , MAJALAYA 
PURWAKARTA, JAWA BARAT , KARAWANG , BANYUSARI , GEMPOL KOLOT (GEMPOLKOLOT) 
PURWAKARTA, JAWA BARAT , KARAWANG , KLARI , BELENDUNG 
PURWAKARTA, JAWA BARAT , KARAWANG , JATISARI , JATIBARU 
PURWAKARTA, JAWA BARAT , KARAWANG , MAJALAYA , PASIRJENGKOL 
PURWAKARTA, JAWA BARAT , KARAWANG , BATUJAYA , SEGARAN 
PURWAKARTA, JAWA BARAT , KARAWANG , TIRTAMULYA , KARANGSINOM 
PURWAKARTA, JAWA BARAT , KARAWANG , KARAWANG TIMUR , ADIARSA TIMUR 
PURWAKARTA, JAWA BARAT , KARAWANG , CIKAMPEK , DAWUAN TIMUR 
PURWAKARTA, JAWA BARAT , KARAWANG , KLARI , CURUG 
PURWAKARTA, JAWA BARAT , KARAWANG , MAJALAYA , CIRANGGON 
PURWAKARTA, JAWA BARAT , KARAWANG , TELUKJAMBE BARAT , WANAKERTA 
PURWAKARTA, JAWA BARAT , KARAWANG , CILAMAYA WETAN , SUKAKERTA 
PURWAKARTA, JAWA BARAT , KARAWANG , TIRTAMULYA , CITARIK 
PURWAKARTA, JAWA BARAT , KARAWANG , TEGALWARU , WARGASETRA 
PURWAKARTA, JAWA BARAT ,  , KLARI , CIBALONGSARI 
PURWAKARTA, JAWA BARAT , PURWAKARTA , JATILUHUR , BUNDER 
PURWAKARTA, JAWA BARAT , PURWAKARTA , BUNGURSARI , DANGDEUR 
PURWAKARTA, JAWA BARAT , PURWAKARTA , PASAWPASAWAHAN , LEBAKANYAR (LEBAK ANYAR) 
PURWAKARTA, JAWA BARAT , PURWAKARTA , BUNGURSARI , CIKOPO 
PURWAKARTA, JAWA BARAT , PURWAKARTA , PURWAKARTA , CISEUREUH 
PURWAKARTA, JAWA BARAT , PURWAKARTA , WANAYASA , WANAYASA 
PURWAKARTA, JAWA BARAT , PURWAKARTA , PURWAKARTA , NAGRI TENGAH (NAGRITENGAH) 
PURWAKARTA, JAWA BARAT , PURWAKARTA , BUNGURSARI , CIWANGI 
PURWAKARTA, JAWA BARAT , PURWAKARTA , PURWAKARTA , NAGRI KALER (NAGRIKALER) 
PURWAKARTA, JAWA BARAT , PURWAKARTA , CAMPAKA , CIKUMPAY 
PURWAKARTA, JAWA BARAT , PURWAKARTA , BABAKANCIKAO , MARANCANG (MARACANG) 
PURWAKARTA, JAWA BARAT , PURWAKARTA , DARANGDAN , SADARKARYA 
PURWAKARTA, JAWA BARAT , PURWAKARTA , CAMPAKA , CIJAYA 
PURWAKARTA, JAWA BARAT , PURWAKARTA , BABAKANCIKAO , BABAKANCIKAO 
PURWAKARTA, JAWA BARAT , PURWAKARTA , PURWAKARTA , MUNJULJAYA 
PURWAKARTA, JAWA BARAT , PURWAKARTA , PLERED , PALINGGIHAN 
PURWAKARTA, JAWA BARAT , PURWAKARTA , PLERED , CITEKO 
PURWAKARTA, JAWA BARAT , PURWAKARTA , PURWAKARTA , PURWAMEKAR 
PURWAKARTA, JAWA BARAT , PURWAKARTA , SUKATANI , SUKATANI 
PURWAKARTA, JAWA BARAT , PURWAKARTA , DARANGDAN , SAWIT 
PURWAKARTA, JAWA BARAT , PURWAKARTA , WANAYASA , SUKADAMI 
PURWAKARTA, JAWA BARAT , PURWAKARTA , PASAWPASAWAHAN , MARGASARI 
PURWAKARTA, JAWA BARAT , PURWAKARTA , CIBATU , CIBATU 
PURWAKARTA, JAWA BARAT , PURWAKARTA , BABAKANCIKAO , CIGELAM 
PURWAKARTA, JAWA BARAT , PURWAKARTA , CIBATU , CIPINANG 
PURWAKARTA, JAWA BARAT , PURWAKARTA , CIBATU , CIPARUNGSARI 
PURWAKARTA, JAWA BARAT , PURWAKARTA , JATILUHUR , KEMBANGKUNING 
PURWAKARTA, JAWA BARAT , PURWAKARTA , PLERED , SINDANGSARI 
PURWAKARTA, JAWA BARAT , PURWAKARTA , BUNGURSARI , WANAKERTA 
PURWAKARTA, JAWA BARAT , PURWAKARTA , BABAKANCIKAO , MULYAMEKAR 
PURWAKARTA, JAWA BARAT , PURWAKARTA , BOJONG , BOJONG BARAT 
PURWAKARTA, JAWA BARAT , PURWAKARTA , BABAKANCIKAO , CILANGKAP 
PURWAKARTA, JAWA BARAT , PURWAKARTA , BUNGURSARI , BUNGURSARI 
PURWAKARTA, JAWA BARAT , PURWAKARTA , PASAWPASAWAHAN , PASAWPASAWAHAN 
PURWAKARTA, JAWA BARAT , PURWAKARTA , BUNGURSARI , CIBUNGUR 
PURWAKARTA, JAWA BARAT , PURWAKARTA , TEGALWARU (TEGAL WARU) , CITALANG 
PURWAKARTA, JAWA BARAT , PURWAKARTA , DARANGDAN , NEGLASARI 
PURWAKARTA, JAWA BARAT , PURWAKARTA , BABAKANCIKAO , CICADAS 
PURWAKARTA, JAWA BARAT , PURWAKARTA , MANIIS , CITAMIANG 
PURWAKARTA, JAWA BARAT , PURWAKARTA , BUNGURSARI , CIBENING 
PURWAKARTA, JAWA BARAT , PURWAKARTA , CIBATU , CILANDAK 
PURWAKARTA, JAWA BARAT , PURWAKARTA , PONDOKSALAM , PARAKANSALAM 
PURWAKARTA, JAWA BARAT , PURWAKARTA , SUKATANI , SUKAJAYA 
PURWAKARTA, JAWA BARAT , PURWAKARTA , PURWAKARTA , TEGALMUNCUL (TEGALMUNJUL) 
PURWAKARTA, JAWA BARAT , PURWAKARTA , PURWAKARTA , SINDANGKASIH 
PURWAKARTA, JAWA BARAT , PURWAKARTA , PLERED , BABAKANSARI 
PURWAKARTA, JAWA BARAT , PURWAKARTA , DARANGDAN , DARANGDAN 
PURWAKARTA, JAWA BARAT , PURWAKARTA , PURWAKARTA , NAGRI KIDUL (NAGRIKIDUL) 
PURWAKARTA, JAWA BARAT , PURWAKARTA , CAMPAKA , CAMPAKASARI 
PURWAKARTA, JAWA BARAT , PURWAKARTA , CAMPAKA , CIJUNTI 
PURWAKARTA, JAWA BARAT , PURWAKARTA , SUKATANI , SUKAMAJU 
PURWAKARTA, JAWA BARAT , PURWAKARTA , PURWAKARTA , CITALANG 
PURWAKARTA, JAWA BARAT , PURWAKARTA , PLERED , SEMPUR 
PURWAKARTA, JAWA BARAT , PURWAKARTA , PLERED , PLERED 
PURWAKARTA, JAWA BARAT , PURWAKARTA , JATILUHUR , MEKARGALIH 
PURWAKARTA, JAWA BARAT , PURWAKARTA , BUNGURSARI , CINANGKA 
PURWAKARTA, JAWA BARAT , PURWAKARTA , JATILUHUR , JATILUHUR 
PURWAKARTA, JAWA BARAT , PURWAKARTA , TEGALWARU (TEGAL WARU) , CADASSARI 
PURWAKARTA, JAWA BARAT , PURWAKARTA , CAMPAKA , BENTENG 
PURWAKARTA, JAWA BARAT , PURWAKARTA , PURWAKARTA , CIPAISAN 
PURWAKARTA, JAWA BARAT , SUBANG , SUBANG , PASIRKAREUMBI 
PURWAKARTA, JAWA BARAT , SUBANG , CIPUNAGARA , TANJUNG 
PURWAKARTA, JAWA BARAT , SUBANG , CIASEM , SUKAMANDIJAYA 
PURWAKARTA, JAWA BARAT , SUBANG , PAMANUKAN , RANCASARI 
PURWAKARTA, JAWA BARAT , SUBANG , TANJUNGSIANG , TANJUNGSIANG 
PURWAKARTA, JAWA BARAT , SUBANG , SUBANG , CIGADUNG 
PURWAKARTA, JAWA BARAT , SUBANG , SUBANG , KARANGANYAR 
PURWAKARTA, JAWA BARAT , SUBANG , JJALANCAGAK , SARIREJA 
PURWAKARTA, JAWA BARAT , SUBANG , KASOMALANG , SINDANGSARI 
PURWAKARTA, JAWA BARAT , SUBANG , BLANAKAN , BLANAKAN 
PURWAKARTA, JAWA BARAT , SUBANG , SAGALAHERANG , SAGALAHERANG KALER 
PURWAKARTA, JAWA BARAT , SUBANG , DAWUAN , DAWUAN KALER 
PURWAKARTA, JAWA BARAT , SUBANG , PURWADADI , PURWADADI (PURWADADI TIMUR) 
PURWAKARTA, JAWA BARAT , SUBANG , SUBANG , DANGDEUR 
PURWAKARTA, JAWA BARAT , SUBANG , KALIJATI , KALIJATI BARAT 
PURWAKARTA, JAWA BARAT , SUBANG , CIASEM , CIASEM HILIR 
PURWAKARTA, JAWA BARAT , SUBANG , PUSAKANAGARA , PUSAKARATU 
PURWAKARTA, JAWA BARAT , SUBANG , PATOKBEUSI , GEMPOLSARI 
PURWAKARTA, JAWA BARAT , SUBANG , PAGADEN , PAGEDAN (PAGADEN) 
PURWAKARTA, JAWA BARAT , SUBANG , CIBOGO , CINANGSI 
PURWAKARTA, JAWA BARAT , SUBANG , CIASEM , CIASEM TENGAH 
PURWAKARTA, JAWA BARAT , SUBANG , PATOKBEUSI , TANJUNGRASA (TANJUNGRASA KALER) 
PURWAKARTA, JAWA BARAT , SUBANG , CISALAK , SUKAKERTI 
PURWAKARTA, JAWA BARAT , SUBANG , TAMBAKDAHAN , MARIUK 
PURWAKARTA, JAWA BARAT , SUBANG , CIKAUM , GANDASARI 
PURWAKARTA, JAWA BARAT , SUBANG , CIPEUNDEUY , KARYAMUKTI 
PURWAKARTA, JAWA BARAT , SUBANG , PAGADEN , SUKAMULYA 
PURWAKARTA, JAWA BARAT , SUBANG , JJALANCAGAK , TAMBAKMEKAR 
PURWAKARTA, JAWA BARAT , SUBANG , CIPEUNDEUY , CIPEUNDEUY 
PURWAKARTA, JAWA BARAT , SUBANG , KALIJATI , KALIJATI TIMUR 
PURWAKARTA, JAWA BARAT , SUBANG , CIBOGO , PADAASIH 
PURWAKARTA, JAWA BARAT , SUBANG , CIPEUNDEUY , WANTILAN 
PURWAKARTA, JAWA BARAT , SUBANG , PAGADEN , JABONG 
PURWAKARTA, JAWA BARAT , SUBANG , PABUARAN , PABUARAN 
PURWAKARTA, JAWA BARAT , SUBANG , COMPRENG , JATIREJA 
PURWAKARTA, JAWA BARAT , SUBANG , CIASEM , CIASEM BARU (CIASEMBARU) 
PURWAKARTA, JAWA BARAT , SUBANG , PURWADADI , WANAKERTA 
PURWAKARTA, JAWA BARAT , SUBANG , SUBANG , SUKAMELANG 
PURWAKARTA, JAWA BARAT , SUBANG , PAGADEN BARAT , CIDAHU 
PURWAKARTA, JAWA BARAT , SUBANG , PAMANUKAN , PAMANUKAN HILIR 
PURWAKARTA, JAWA BARAT , SUBANG , CIBOGO , CIBOGO 
PURWAKARTA, JAWA BARAT , SUBANG , PUSAKANAGARA , KOTASARI 
PURWAKARTA, JAWA BARAT , SUBANG , JJALANCAGAK , JJALANCAGAK 
PURWAKARTA, JAWA BARAT , SUBANG , SAGALAHERANG , SAGALAHERANG KIDUL (SAGALAHERANG) 
PURWAKARTA, JAWA BARAT , SUBANG , SUKASARI , SUKASARI 
PURWAKARTA, JAWA BARAT , SUBANG , SUBANG , SOKLAT 
PURWAKARTA, JAWA BARAT , SUBANG , PUSAKANAGARA , MUNDUSARI 
PURWAKARTA, JAWA BARAT , SUBANG , CIATER , PALASARI 
PURWAKARTA, JAWA BARAT , SUBANG , DAWUAN , BATUSARI 
PURWAKARTA, JAWA BARAT , SUBANG , JJALANCAGAK , TAMBAKAN 
PURWAKARTA, JAWA BARAT , SUBANG , BINONG , MULYASARI 
PURWAKARTA, JAWA BARAT , SUBANG , PUSAKANAGARA , GEMPOL 
PURWAKARTA, JAWA BARAT , SUBANG , PUSAKAJAYA , KARANGANYAR 
PURWAKARTA, JAWA BARAT , SUBANG , BLANAKAN , MUARA 
PURWAKARTA, JAWA BARAT , SUBANG , TAMBAKDAHAN , WANAJAYA 
PURWAKARTA, JAWA BARAT , SUBANG , SUBANG , PARUNG 
PURWAKARTA, JAWA BARAT , SUBANG , TAMBAKDAHAN , BOJONGKEDING 
PURWAKARTA, JAWA BARAT , SUBANG , PATOKBEUSI , RANCAMULYA 
PURWAKARTA, JAWA BARAT , SUBANG , TANJUNGSIANG , SIRAP 
PURWAKARTA, JAWA BARAT , SUBANG , PURWADADI , PAGON 
PURWAKARTA, JAWA BARAT , SUBANG , CIPEUNDEUY , LENGKONG 
PURWAKARTA, JAWA BARAT , SUBANG , KALIJATI , MARENGMANG 
PURWAKARTA, JAWA BARAT , SUBANG , CIPUNAGARA , SIMPAR 
PURWAKARTA, JAWA BARAT , SUBANG , BLANAKAN , RAWAMENENG 
PURWAKARTA, JAWA BARAT , SUBANG , LEGONKULON , LEGONKULON 
PURWAKARTA, JAWA BARAT , SUBANG , KASOMALANG , PASANGGRAHAN 
PURWAKARTA, JAWA BARAT , SUBANG , JJALANCAGAK , CURUGRENDENG 
PURWAKARTA, JAWA BARAT , SUBANG , PUSAKANAGARA , PATIMBAN 
PURWAKARTA, JAWA BARAT , SUBANG , BINONG , BINONG 
PURWAKARTA, JAWA BARAT , SUBANG , PUSAKAJAYA , CIGUGUR 
PURWAKARTA, JAWA BARAT , SUBANG , BINONG , CICADAS 
PURWAKARTA, JAWA BARAT , SUBANG , PUSAKAJAYA , BOJONGJAYA (BOJONG JAYA) 
PURWAKARTA, JAWA BARAT , SUBANG , PAGADEN BARAT , BENDUNGAN 
PURWAKARTA, JAWA BARAT , SUBANG , CIBOGO , BELENDUNG (BALENDUNG) 
PURWAKARTA, JAWA BARAT , SUBANG , TANJUNGSIANG , SINDANGLAYA 
PURWAKARTA, JAWA BARAT , SUBANG , CIJAMBE , TANJUNGWANGI 
PURWAKARTA, JAWA BARAT , SUBANG , CIJAMBE , GUNUNGTUA 
PURWAKARTA, JAWA BARAT , SUBANG , PABUARAN , SALAMJAYA 
PONTIANAK, KALIMANTAN BARAT , BENGKAYANG , BENGKAYANG , SABALO (SEBALO) 
PONTIANAK, KALIMANTAN BARAT , BENGKAYANG , BENGKAYANG , BUMI EMAS 
PONTIANAK, KALIMANTAN BARAT , BENGKAYANG , SUNGAI RAYA , SEI/SUNGAI DURI 
PONTIANAK, KALIMANTAN BARAT , BENGKAYANG , SUNGAI RAYA KEPULAUAN , SEI/SUNGAI RAYA 
PONTIANAK, KALIMANTAN BARAT , BENGKAYANG , LEDO , LESABELA 
PONTIANAK, KALIMANTAN BARAT , BENGKAYANG , SANGGAU LEDO , LEMBANG 
PONTIANAK, KALIMANTAN BARAT , BENGKAYANG , SUNGAI RAYA , SEI/SUNGAI PANGKALAN II 
PONTIANAK, KALIMANTAN BARAT , BENGKAYANG , SAMALANTAN , MARUNSU 
PONTIANAK, KALIMANTAN BARAT , BENGKAYANG , SANGGAU LEDO , BANGE 
PONTIANAK, KALIMANTAN BARAT , BENGKAYANG , SAMALANTAN , PASTI JAYA 
PONTIANAK, KALIMANTAN BARAT , BENGKAYANG , SELUAS , SELUAS 
PONTIANAK, KALIMANTAN BARAT , BENGKAYANG , JAGOI BABANG , JAGOI 
PONTIANAK, KALIMANTAN BARAT , BENGKAYANG , SELUAS , SAHAN 
PONTIANAK, KALIMANTAN BARAT , BENGKAYANG , LUMAR , TIGA BERKAT 
PONTIANAK, KALIMANTAN BARAT , KETAPANG , SANDAI , SANDAI (SANDAI KANAN) 
PONTIANAK, KALIMANTAN BARAT , KETAPANG , SUNGAI LAUR , RIAM BUNUT 
PONTIANAK, KALIMANTAN BARAT , KETAPANG , SIMPANG HULU , BALAI PINANG 
PONTIANAK, KALIMANTAN BARAT , KETAPANG , NANGA TAYAP , NANGA TAYAP 
PONTIANAK, KALIMANTAN BARAT , KETAPANG , SANDAI , RANDAU 
PONTIANAK, KALIMANTAN BARAT , KETAPANG , TUMBANG TITI , TUMBANG TITI 
PONTIANAK, KALIMANTAN BARAT , KETAPANG , SUNGAI MELAYU RAYAK , SEI/SUNGAI MELAYU 
PONTIANAK, KALIMANTAN BARAT , KETAPANG , PEMAHAN , PEBIHINGAN 
PONTIANAK, KALIMANTAN BARAT , KETAPANG , MATAN HILIR SELATAN , SEI/SUSEI/SUNGAI PELANG 
PONTIANAK, KALIMANTAN BARAT , KETAPANG , DELTA PAWAN , SUKA HARJA (SUKAHARJA) 
PONTIANAK, KALIMANTAN BARAT , KETAPANG , DELTA PAWAN , PAYAH KUMANG (PAYAK KUMANG / PAYA KUMANG) 
PONTIANAK, KALIMANTAN BARAT , KETAPANG , SANDAI , MUARA JEKAK 
PONTIANAK, KALIMANTAN BARAT , KETAPANG , DELTA PAWAN , SAMPIT 
PONTIANAK, KALIMANTAN BARAT , KETAPANG , DELTA PAWAN , MULIA BARU 
PONTIANAK, KALIMANTAN BARAT , KETAPANG , DELTA PAWAN , KANTOR 
PONTIANAK, KALIMANTAN BARAT , KETAPANG , SUNGAI MELAYU RAYAK , SEI/SUNGAI MELAYU JAYA 
PONTIANAK, KALIMANTAN BARAT , KETAPANG , BENBENUA KAYONG , TUAN TUAN 
PONTIANAK, KALIMANTAN BARAT , KETAPANG , MUARA PAWAN , SUKA MAJU 
PONTIANAK, KALIMANTAN BARAT , KETAPANG , DELTA PAWAN , KALI NILAM 
PONTIANAK, KALIMANTAN BARAT , KETAPANG , BENBENUA KAYONG , MULIA KERTA 
PONTIANAK, KALIMANTAN BARAT , KETAPANG , DELTA PAWAN , SUKA BANGUN 
PONTIANAK, KALIMANTAN BARAT , KETAPANG , BENBENUA KAYONG , KAUMAN 
PONTIANAK, KALIMANTAN BARAT , KETAPANG , MARAU , SUKA KARYA 
PONTIANAK, KALIMANTAN BARAT , KETAPANG , SIMPANG DUA , SEMANDANG KANAN 
PONTIANAK, KALIMANTAN BARAT , KETAPANG , KENDAWANGAN , KENDAWANGAN KIRI 
PONTIANAK, KALIMANTAN BARAT , KETAPANG , SANDAI , SANDAI KIRI 
PONTIANAK, KALIMANTAN BARAT , KETAPANG , DELTA PAWAN , TENGAH 
PONTIANAK, KALIMANTAN BARAT , KETAPANG , MANIS MATA , MANIS MATA 
PONTIANAK, KALIMANTAN BARAT , KETAPANG , AIR UPAS , AIR UPAS 
PONTIANAK, KALIMANTAN BARAT , KETAPANG , NANGA TAYAP , SIMPANG TIGA SEMBELANGAAN 
PONTIANAK, KALIMANTAN BARAT , KETAPANG , SIMPANG HULU , SEMANDANG KIRI 
PONTIANAK, KALIMANTAN BARAT , KETAPANG , MATAN HILIR UTARA , KUALA SATONG 
PONTIANAK, KALIMANTAN BARAT , KETAPANG , NANGA TAYAP , SEPAKAT JAYA 
PONTIANAK, KALIMANTAN BARAT , KETAPANG , MARAU , KARYA BARU 
PONTIANAK, KALIMANTAN BARAT , KETAPANG , SIMPANG DUA , GEMA 
PONTIANAK, KALIMANTAN BARAT , KETAPANG , SUNGAI LAUR , BENGARAS 
PONTIANAK, KALIMANTAN BARAT , KETAPANG , MATAN HILIR UTARA , KUALA TOLAK 
PONTIANAK, KALIMANTAN BARAT , KUBU RAYA , SUNGAI RAYA , SEI/SUNGAI RAYA 
PONTIANAK, KALIMANTAN BARAT , KUBU RAYA , SUNGAI RAYA , ARANG LIMBUNG 
PONTIANAK, KALIMANTAN BARAT , KUBU RAYA , SUNGAI KAKAP , SEI/SUNGAI RENGAS 
PONTIANAK, KALIMANTAN BARAT , KUBU RAYA , SUNGAI RAYA , KUALA DUA 
PONTIANAK, KALIMANTAN BARAT , KUBU RAYA , SUNGAI AMBAWANG , SUNGAI AMBAWANG KUALA 
PONTIANAK, KALIMANTAN BARAT , KUBU RAYA , SUNGAI RAYA , KAPUR 
PONTIANAK, KALIMANTAN BARAT , KUBU RAYA , SUNGAI KAKAP , PAL SEMBILAN 
PONTIANAK, KALIMANTAN BARAT , KUBU RAYA , SUNGAI KAKAP , SEI/SUNGAI KAKAP 
PONTIANAK, KALIMANTAN BARAT , KUBU RAYA , SUNGAI KAKAP , PUNGUR KECIL (PUNGGUR KECIL) 
PONTIANAK, KALIMANTAN BARAT , KUBU RAYA , SUNGAI RAYA , TELUKKAPUAS (TELUK KAPUAS) 
PONTIANAK, KALIMANTAN BARAT , KUBU RAYA , SUNGAI AMBAWANG , DURIAN 
PONTIANAK, KALIMANTAN BARAT , KUBU RAYA , SUNGAI AMBAWANG , JAWA TENGAH 
PONTIANAK, KALIMANTAN BARAT , KUBU RAYA , RASAU JAYA , RASAU JAYA UMUM 
PONTIANAK, KALIMANTAN BARAT , KUBU RAYA , SUNGAI AMBAWANG , KOREK 
PONTIANAK, KALIMANTAN BARAT , KUBU RAYA , SUNGAI KAKAP , SEI/SUNGAI BELIDAK 
PONTIANAK, KALIMANTAN BARAT , KUBU RAYA , RASAU JAYA , RASAU JAYA I (SATU) 
PONTIANAK, KALIMANTAN BARAT , KUBU RAYA , SUNGAI RAYA , MEKAR BARU 
PONTIANAK, KALIMANTAN BARAT , LANDAK , NGABANG , HILIR KANTOR 
PONTIANAK, KALIMANTAN BARAT , LANDAK , MANDOR , MANDOR 
PONTIANAK, KALIMANTAN BARAT , LANDAK , NGABANG , AMBOYO INTI 
PONTIANAK, KALIMANTAN BARAT , LANDAK , MEMPAWAH HULU , KARANGAN 
PONTIANAK, KALIMANTAN BARAT , LANDAK , MENYUKE , DARIT 
PONTIANAK, KALIMANTAN BARAT , LANDAK , SENGAH TEMILA , SIDAS 
PONTIANAK, KALIMANTAN BARAT , LANDAK , SENGAH TEMILA , SENAKIN 
PONTIANAK, KALIMANTAN BARAT , LANDAK , SENGAH TEMILA , PAHAUMAN 
PONTIANAK, KALIMANTAN BARAT , LANDAK , NGABANG , RAJA 
PONTIANAK, KALIMANTAN BARAT , LANDAK , SENGAH TEMILA , PALOAN 
PONTIANAK, KALIMANTAN BARAT , LANDAK , MENJALIN , MENJALIN 
PONTIANAK, KALIMANTAN BARAT , LANDAK , MANDOR , KAYU ARA 
PONTIANAK, KALIMANTAN BARAT , LANDAK , NGABANG , AMBOYO SELATAN 
PONTIANAK, KALIMANTAN BARAT , LANDAK , SENGAH TEMILA , AUR SAMPUK 
PONTIANAK, KALIMANTAN BARAT , LANDAK , MENYUKE , ANIK DINGIR 
PONTIANAK, KALIMANTAN BARAT , MELAWI , NANGA PINOH , SIDOMULYO (SIDO MULYO) 
PONTIANAK, KALIMANTAN BARAT , MELAWI , NANGA PINOH , TANJUNG NIAGA 
PONTIANAK, KALIMANTAN BARAT , MELAWI , NANGA PINOH , PAAL 
PONTIANAK, KALIMANTAN BARAT , MELAWI , BELIMBING , BATU BUIL 
PONTIANAK, KALIMANTAN BARAT , MELAWI , BELIMBING , PEMUAR 
PONTIANAK, KALIMANTAN BARAT , MEMPAWAH , SIANTAN , PENITI LUAR 
PONTIANAK, KALIMANTAN BARAT , MEMPAWAH , SEI/SUNGAI PINYUH , SEI/SUNGAI PINYUH 
PONTIANAK, KALIMANTAN BARAT , MEMPAWAH , ANJONGAN , ANJUNGAN DALAM 
PONTIANAK, KALIMANTAN BARAT , MEMPAWAH , MEMPAWAH HILIR , TENGAH 
PONTIANAK, KALIMANTAN BARAT , MEMPAWAH , MEMPAWAH TIMUR , PASIR WAN SALIM 
PONTIANAK, KALIMANTAN BARAT , MEMPAWAH , MEMPAWAH HILIR , TERUSAN 
PONTIANAK, KALIMANTAN BARAT , MEMPAWAH , SIANTAN , JUNGKAT 
PONTIANAK, KALIMANTAN BARAT , MEMPAWAH , SEI/SUNGAI KUNYIT , SEMUDUN 
PONTIANAK, KALIMANTAN BARAT , MEMPAWAH , SEI/SUNGAI PINYUH , SEI/SUNGAI PURUN KECIL 
PONTIANAK, KALIMANTAN BARAT , MEMPAWAH , MEMPAWAH TIMUR , SEI/SUNGAI BAKAU KECIL 
PONTIANAK, KALIMANTAN BARAT , MEMPAWAH , TOHO , SEPANG 
PONTIANAK, KALIMANTAN BARAT , MEMPAWAH , SIANTAN , WAJOK HULU (WAJO HULU) 
PONTIANAK, KALIMANTAN BARAT , MEMPAWAH , SEI/SUNGAI PINYUH , PENIRAMAN 
PONTIANAK, KALIMANTAN BARAT , MEMPAWAH , ANJONGAN , ANJUNGAN MELANCAR 
PONTIANAK, KALIMANTAN BARAT , MEMPAWAH , SEI/SUNGAI KUNYIT , SEI/SUNGAI DURI I (SATU) 
PONTIANAK, KALIMANTAN BARAT , MEMPAWAH , SEGEDONG , PENITI BESAR 
PONTIANAK, KALIMANTAN BARAT , MEMPAWAH , SEI/SUNGAI KUNYIT , SEI/SUNGAI KUNYIT DALAM 
PONTIANAK, KALIMANTAN BARAT , MEMPAWAH , SEI/SUNGAI PINYUH , SEI/SUNGAI BAKAU BESAR LAUT 
PONTIANAK, KALIMANTAN BARAT , PONTIANAK , PONTIANAK KOTA , SUNGAIJAWI (SEI / SUNGAI JAWI) 
PONTIANAK, KALIMANTAN BARAT , PONTIANAK , PONTIANAK SELATAN , AKCAYA 
PONTIANAK, KALIMANTAN BARAT , PONTIANAK , PONTIANAK TENGGARA , BANSIR DARAT 
PONTIANAK, KALIMANTAN BARAT , PONTIANAK , PONTIANAK BARAT , PALLIMA (PAL LIMA) 
PONTIANAK, KALIMANTAN BARAT , PONTIANAK , PONTIANAK KOTA , SUNGAIBANGKONG (SEI / SUNGAI BANGKONG) 
PONTIANAK, KALIMANTAN BARAT , PONTIANAK , PONTIANAK TENGGARA , BANGKA BELITUNG LAUT 
PONTIANAK, KALIMANTAN BARAT , PONTIANAK , PONTIANAK SELATAN , BENUAMELAYU DARAT (BENUA MELAYU DARAT) 
PONTIANAK, KALIMANTAN BARAT , PONTIANAK , PONTIANAK SELATAN , KOTABARU (KOTA BARU) 
PONTIANAK, KALIMANTAN BARAT , PONTIANAK , PONTIANAK TIMUR , TANJUNGHULU (TANJUNG HULU) 
PONTIANAK, KALIMANTAN BARAT , PONTIANAK , PONTIANAK TIMUR , SAIGON 
PONTIANAK, KALIMANTAN BARAT , PONTIANAK , PONTIANAK UTARA , SIANTAN HULU 
PONTIANAK, KALIMANTAN BARAT , PONTIANAK , PONTIANAK UTARA , SIANTAN HILIR 
PONTIANAK, KALIMANTAN BARAT , PONTIANAK , PONTIANAK BARAT , SUNGAIJAWI DALAM (SEI / SUNGAI JAWI DALAM) 
PONTIANAK, KALIMANTAN BARAT , PONTIANAK , PONTIANAK TENGGARA , BANGKA BELITUNG DARAT 
PONTIANAK, KALIMANTAN BARAT , PONTIANAK , PONTIANAK SELATAN , PARITTOKAYA (PARIT TOKAYA) 
PONTIANAK, KALIMANTAN BARAT , PONTIANAK , PONTIANAK KOTA , DARATSEKIP (DARAT SEKIP) 
PONTIANAK, KALIMANTAN BARAT , PONTIANAK , PONTIANAK KOTA , TENGAH 
PONTIANAK, KALIMANTAN BARAT , PONTIANAK , PONTIANAK BARAT , SUNGAIJAWI LUAR (SEI / SUNGAI JAWI LUAR) 
PONTIANAK, KALIMANTAN BARAT , PONTIANAK , PONTIANAK BARAT , SUNGAIBELIUNG (SEI / SUNGAI BELIUNG) 
PONTIANAK, KALIMANTAN BARAT , PONTIANAK , PONTIANAK UTARA , BATULAYANG (BATU LAYANG) 
PONTIANAK, KALIMANTAN BARAT , PONTIANAK , PONTIANAK KOTA , MARIANA 
PONTIANAK, KALIMANTAN BARAT , PONTIANAK , PONTIANAK TENGGARA , BANSIR LAUT 
PONTIANAK, KALIMANTAN BARAT , PONTIANAK , PONTIANAK UTARA , SIANTAN TENGAH 
PONTIANAK, KALIMANTAN BARAT , PONTIANAK , PONTIANAK TIMUR , DALAMBUGIS (DALAM BUGIS) 
PONTIANAK, KALIMANTAN BARAT , SAMBAS , SAMBAS , PASAR MELAYU 
PONTIANAK, KALIMANTAN BARAT , SAMBAS , SAMBAS , LUMBANG 
PONTIANAK, KALIMANTAN BARAT , SAMBAS , PEMANGKAT , PENJAJAP 
PONTIANAK, KALIMANTAN BARAT , SAMBAS , PEMANGKAT , PEMANGKAT KOTA 
PONTIANAK, KALIMANTAN BARAT , SAMBAS , TEBAS , TEBAS KUALA 
PONTIANAK, KALIMANTAN BARAT , SAMBAS , SEMPARUK , SEMPARUK 
PONTIANAK, KALIMANTAN BARAT , SAMBAS , SAMBAS , JAGUR 
PONTIANAK, KALIMANTAN BARAT , SAMBAS , TELUK KERAMAT , SEKURA 
PONTIANAK, KALIMANTAN BARAT , SAMBAS , TANGARAN , SIMPANG EMPAT 
PONTIANAK, KALIMANTAN BARAT , SAMBAS , GALING , GALING 
PONTIANAK, KALIMANTAN BARAT , SAMBAS , JAWAI , SENTEBANG 
PONTIANAK, KALIMANTAN BARAT , SAMBAS , SEBAWI , SEMPALAI SEBEDANG (SEMPELAI SEBEDANG) 
PONTIANAK, KALIMANTAN BARAT , SAMBAS , TELUK KERAMAT , SEPADU 
PONTIANAK, KALIMANTAN BARAT , SAMBAS , PALOH , NIBUNG 
PONTIANAK, KALIMANTAN BARAT , SAMBAS , SAMBAS , TANJUNG BUGIS 
PONTIANAK, KALIMANTAN BARAT , SAMBAS , PALOH , TANAH HITAM 
PONTIANAK, KALIMANTAN BARAT , SAMBAS , TEBAS , MENSERE 
PONTIANAK, KALIMANTAN BARAT , SAMBAS , TELUK KERAMAT , SEBAGU 
PONTIANAK, KALIMANTAN BARAT , SAMBAS , SEBAWI , SEBAWI 
PONTIANAK, KALIMANTAN BARAT , SAMBAS , JAWAI , SARANG BURUNG DANAU 
PONTIANAK, KALIMANTAN BARAT , SAMBAS , SELAKAU , PARIT BARU 
PONTIANAK, KALIMANTAN BARAT , SAMBAS , TELUK KERAMAT , PIPIT TEJA 
PONTIANAK, KALIMANTAN BARAT , SAMBAS , JAWAI SELATAN , MATANG TERAP 
PONTIANAK, KALIMANTAN BARAT , SAMBAS , SAMBAS , DALAM KAUM 
PONTIANAK, KALIMANTAN BARAT , SAMBAS , SAMBAS , LORONG 
PONTIANAK, KALIMANTAN BARAT , SAMBAS , TELUK KERAMAT , SUNGAI BARU 
PONTIANAK, KALIMANTAN BARAT , SAMBAS , SAJINGAN BESAR , SEBUNGA 
PONTIANAK, KALIMANTAN BARAT , SAMBAS , TEKARANG , TEKARANG 
PONTIANAK, KALIMANTAN BARAT , SAMBAS , PEMANGKAT , HARAPAN 
PONTIANAK, KALIMANTAN BARAT , SAMBAS , JAWAI , SARANG BURUNG KUALA 
PONTIANAK, KALIMANTAN BARAT , SAMBAS , TEBAS , TEBAS SUNGAI 
PONTIANAK, KALIMANTAN BARAT , SAMBAS , SAMBAS , TUMUK/TUMOK MANGGIS 
PONTIANAK, KALIMANTAN BARAT , SAMBAS , TEKARANG , MERUBUNG (MERUBONG) 
PONTIANAK, KALIMANTAN BARAT , SAMBAS , JAWAI SELATAN , SEMPERIUK B 
PONTIANAK, KALIMANTAN BARAT , SANGGAU , KAPUAS (SANGGAU KAPUAS) , BERINGIN 
PONTIANAK, KALIMANTAN BARAT , SANGGAU , TAYAN HILIR , PEDALAMAN 
PONTIANAK, KALIMANTAN BARAT , SANGGAU , PARINDU , PUSAT DAMAI 
PONTIANAK, KALIMANTAN BARAT , SANGGAU , TAYAN HULU , SOSOK 
PONTIANAK, KALIMANTAN BARAT , SANGGAU , KEMBAYAN , TANJUNG MERPATI 
PONTIANAK, KALIMANTAN BARAT , SANGGAU , SEKAYAM , BALAI KARANGAN 
PONTIANAK, KALIMANTAN BARAT , SANGGAU , TAYAN HILIR , LALANG 
PONTIANAK, KALIMANTAN BARAT , SANGGAU , KAPUAS (SANGGAU KAPUAS) , ILIR KOTA 
PONTIANAK, KALIMANTAN BARAT , SANGGAU , ENTIKONG , ENTIKONG 
PONTIANAK, KALIMANTAN BARAT , SANGGAU , BALAI , HILIR 
PONTIANAK, KALIMANTAN BARAT , SANGGAU , MELIAU , MELIAU HILIR 
PONTIANAK, KALIMANTAN BARAT , SANGGAU , BEDUAI (BEDUWAI) , KASRO MEGO (KASROMEGO) 
PONTIANAK, KALIMANTAN BARAT , SANGGAU , KAPUAS (SANGGAU KAPUAS) , TANJUNG KAPUAS 
PONTIANAK, KALIMANTAN BARAT , SANGGAU , TAYAN HILIR , KAWAT 
PONTIANAK, KALIMANTAN BARAT , SANGGAU , KAPUAS (SANGGAU KAPUAS) , BUNUT 
PONTIANAK, KALIMANTAN BARAT , SANGGAU , SEKAYAM , KENAMAN 
PONTIANAK, KALIMANTAN BARAT , SANGGAU , BALAI , KAWING (MAK KAWING) 
PONTIANAK, KALIMANTAN BARAT , SANGGAU , MELIAU , MELOBOK 
PONTIANAK, KALIMANTAN BARAT , SANGGAU , TOBA , TERAJU (TERAJU BARAT) 
PONTIANAK, KALIMANTAN BARAT , SANGGAU , KEMBAYAN , KELOMPU 
PONTIANAK, KALIMANTAN BARAT , SANGGAU , PARINDU , PALEM JAYA 
PONTIANAK, KALIMANTAN BARAT , SANGGAU , SEKAYAM , ENGKAHAN 
PONTIANAK, KALIMANTAN BARAT , SANGGAU , BONTI , BONTI 
PONTIANAK, KALIMANTAN BARAT , SANGGAU , BEDUAI (BEDUWAI) , SEI/SUNGAI ILAI 
PONTIANAK, KALIMANTAN BARAT , SANGGAU , KAPUAS (SANGGAU KAPUAS) , TANJUNG SEKAYAM 
PONTIANAK, KALIMANTAN BARAT , SANGGAU , TAYAN HULU , BINJAI 
PONTIANAK, KALIMANTAN BARAT , SANGGAU , MUKOK , KEDUKUL 
PONTIANAK, KALIMANTAN BARAT , SANGGAU , TAYAN HULU , PANDAN SEMBUAT 
PONTIANAK, KALIMANTAN BARAT , SANGGAU , JANGKANG , BALAI SEBUT 
PONTIANAK, KALIMANTAN BARAT , SANGGAU , TAYAN HILIR , CEMPEDAK 
PONTIANAK, KALIMANTAN BARAT , SANGGAU , PARINDU , EMBALA 
PONTIANAK, KALIMANTAN BARAT , SANGGAU , KEMBAYAN , TANAP 
PONTIANAK, KALIMANTAN BARAT , SANGGAU , SEKAYAM , PENGADANG 
PONTIANAK, KALIMANTAN BARAT , SEKADAU , SEKADAU HILIR , MUNGGUK 
PONTIANAK, KALIMANTAN BARAT , SEKADAU , SEKADAU HILIR , SEI/SUNGAI RINGIN 
PONTIANAK, KALIMANTAN BARAT , SEKADAU , BELITANG HILIR , SUNGAIAYAK SATU (SEI / SUNGAI AYAK I) 
PONTIANAK, KALIMANTAN BARAT , SEKADAU , SEKADAU HILIR , GONIS TEKAM 
PONTIANAK, KALIMANTAN BARAT , SEKADAU , NANGA TAMAN , NANGA TAMAN 
PONTIANAK, KALIMANTAN BARAT , SEKADAU , SEKADAU HULU , RAWAK HULU 
PONTIANAK, KALIMANTAN BARAT , SEKADAU , NANGA MAHAP , NANGA SURI 
PONTIANAK, KALIMANTAN BARAT , SEKADAU , NANGA TAMAN , NANGA ENGKULUN 
PONTIANAK, KALIMANTAN BARAT , SEKADAU , SEKADAU HILIR , BOKAK SEBUMBUN 
PONTIANAK, KALIMANTAN BARAT , SINGKAWANG , SINGKAWANG BARAT , PASIRAN 
PONTIANAK, KALIMANTAN BARAT , SINGKAWANG , SINGKAWANG BARAT , MELAYU 
PONTIANAK, KALIMANTAN BARAT , SINGKAWANG , SINGKAWANG TENGAH , SEI/SUNGAI WIE 
PONTIANAK, KALIMANTAN BARAT , SINGKAWANG , SINGKAWANG TENGAH , ROBAN 
PONTIANAK, KALIMANTAN BARAT , SINGKAWANG , SINGKAWANG TENGAH , CONDONG 
PONTIANAK, KALIMANTAN BARAT , SINGKAWANG , SINGKAWANG TIMUR , PAJINTAN 
PONTIANAK, KALIMANTAN BARAT , SINGKAWANG , SINGKAWANG SELATAN , SIJANGKUNG 
PONTIANAK, KALIMANTAN BARAT , SINGKAWANG , SINGKAWANG SELATAN , SEDAU 
PONTIANAK, KALIMANTAN BARAT , SINGKAWANG , SINGKAWANG TENGAH , SEKIP LAMA 
PONTIANAK, KALIMANTAN BARAT , SINGKAWANG , SINGKAWANG TENGAH , BUKIT BATU 
PONTIANAK, KALIMANTAN BARAT , SINGKAWANG , SINGKAWANG TIMUR , BAGAK SAHWA 
PONTIANAK, KALIMANTAN BARAT , SINGKAWANG , SINGKAWANG BARAT , KUALA 
PONTIANAK, KALIMANTAN BARAT , SINGKAWANG , SINGKAWANG UTARA , SETAPUK KECIL 
PONTIANAK, KALIMANTAN BARAT , SINTANG , SINTANG , KAPUAS KANAN HULU 
PONTIANAK, KALIMANTAN BARAT , SINTANG , SINTANG , TANJUNG PURI 
PONTIANAK, KALIMANTAN BARAT , SINTANG , SINTANG , BANING KOTA 
PONTIANAK, KALIMANTAN BARAT , SINTANG , SINTANG , LADANG 
PONTIANAK, KALIMANTAN BARAT , SINTANG , KELAM PERMAI , KEBONG 
PONTIANAK, KALIMANTAN BARAT , SINTANG , SUNGAI TEBELIAN , SEI/SUNGAI UKOI 
PONTIANAK, KALIMANTAN BARAT , SINTANG , SEPAUK , TANJUNG RIA 
PONTIANAK, KALIMANTAN BARAT , SINTANG , SUNGAI TEBELIAN , MANTER 
PONTIANAK, KALIMANTAN BARAT , SINTANG , SINTANG , KAPUAS KIRI HILIR 
PONTIANAK, KALIMANTAN BARAT , SINTANG , SEPAUK , MANIS RAYA 
PONTIANAK, KALIMANTAN BARAT , SINTANG , SINTANG , SUNGAI ANA 
PONTIANAK, KALIMANTAN BARAT , SINTANG , SINTANG , KAPUAS KIRI HULU 
PONTIANAK, KALIMANTAN BARAT , SINTANG , SUNGAI TEBELIAN , GURUNG KEMPADIK 
PONTIANAK, KALIMANTAN BARAT , SINTANG , SEPAUK , PAOH BENUA 
PONTIANAK, KALIMANTAN BARAT , SINTANG , SINTANG , KAPUAS KANAN HILIR 
PONTIANAK, KALIMANTAN BARAT , SINTANG , DEDAI , TAOK (TAUK) 
PONTIANAK, KALIMANTAN BARAT , SINTANG , BINJAI HULU , BINAI HILIR (BINJAI HILIR) 
PEKANBARU, RIAU , BENGKALIS , MANDAU , AIR JAMBAN 
PEKANBARU, RIAU , BENGKALIS , MANDAU , DURI BARAT 
PEKANBARU, RIAU , BENGKALIS , MANDAU , PEMATANG PUDU 
PEKANBARU, RIAU , BENGKALIS , BATHIN SOLAPAN , BALAIMAKAM (BALAI MAKAM) 
PEKANBARU, RIAU , BENGKALIS , MANDAU , BALIK ALAM 
PEKANBARU, RIAU , BENGKALIS , MANDAU , BABUSSALAM 
PEKANBARU, RIAU , BENGKALIS , PINGGIR , SEMUNAI 
PEKANBARU, RIAU , BENGKALIS , BATHIN SOLAPAN , KESUMBOAMPAI 
PEKANBARU, RIAU , BENGKALIS , PINGGIR , TITIAN ANTUI 
PEKANBARU, RIAU , BENGKALIS , BUKIT BATU , SUNGAIPAKNING-API (SUNGAIPAKNING) 
PEKANBARU, RIAU , BENGKALIS , BATHIN SOLAPAN , SEBANGAR 
PEKANBARU, RIAU , BENGKALIS , SIAK KECIL , LUBUK MUDA 
PEKANBARU, RIAU , BENGKALIS , BENGKALIS , WONOSARI 
PEKANBARU, RIAU , BENGKALIS , BANTAN , SELAT BARU 
PEKANBARU, RIAU , BENGKALIS , BENGKALIS , AIR PUTIH 
PEKANBARU, RIAU , BENGKALIS , BANTAN , BANTAN TUA 
PEKANBARU, RIAU , BENGKALIS , BENGKALIS , DAMON/DAMUN 
PEKANBARU, RIAU , BENGKALIS , MANDAU , TALANG MANDI 
PEKANBARU, RIAU , BENGKALIS , BENGKALIS , KELAPAPATI (KELAPA PATI) 
PEKANBARU, RIAU , BENGKALIS , MANDAU , GAJAH SAKTI 
PEKANBARU, RIAU , BENGKALIS , PINGGIR , BALAI RAJA 
PEKANBARU, RIAU , BENGKALIS , BATHIN SOLAPAN , PETANI 
PEKANBARU, RIAU , BENGKALIS , MANDAU , BATANG SEROSA 
PEKANBARU, RIAU , BENGKALIS , MANDAU , DURI TIMUR 
PEKANBARU, RIAU , BENGKALIS , BENGKALIS , KOTA BENGKALIS (BENGKALIS KOTA) 
PEKANBARU, RIAU , BENGKALIS , BENGKALIS , SENGGORO 
PEKANBARU, RIAU , BENGKALIS , PINGGIR , PINGGIR 
PEKANBARU, RIAU , BENGKALIS , BUKIT BATU , SEJANGAT 
PEKANBARU, RIAU , DUMAI , DUMAI KOTA , BINTAN 
PEKANBARU, RIAU , DUMAI , DUMAI SELATAN , RATU SIMA 
PEKANBARU, RIAU , DUMAI , DUMAI KOTA , RIMBA SEKAMPUNG 
PEKANBARU, RIAU , DUMAI , DUMAI TIMUR , TELUK BINJAI 
PEKANBARU, RIAU , DUMAI , BUKIT KAPUR , KAYU KAPUR (BUKIT KAYU KAPKAYU KAPUR (BUKIT KAYU K 
PEKANBARU, RIAU , DUMAI , DUMAI BARAT , PURNAMA 
PEKANBARU, RIAU , DUMAI , DUMAI TIMUR , JAYA MUKTI 
PEKANBARU, RIAU , DUMAI , DUMAI BARAT , SIMAPANG TETAP DARUL ICHSAN (SIMPANG TETAP) 
PEKANBARU, RIAU , DUMAI , BUKIT KAPUR , BUKIT NANAS / NENAS 
PEKANBARU, RIAU , DUMAI , SUNGAI SEMBILAN , LUBUK GAUNG 
PEKANBARU, RIAU , DUMAI , DUMAI SELATAN , MEKAR SARI 
PEKANBARU, RIAU , DUMAI , BUKIT KAPUR , BAGAN BESAR 
PEKANBARU, RIAU , DUMAI , DUMAI KOTA , SUKAJADI 
PEKANBARU, RIAU , DUMAI , DUMAI TIMUR , TANJUNG PALAS 
PEKANBARU, RIAU , DUMAI , DUMAI TIMUR , BUKIT BATREM 
PEKANBARU, RIAU , DUMAI , DUMAI SELATAN , BUKIT DATUK 
PEKANBARU, RIAU , DUMAI , DUMAI KOTA , LAKSAMANA 
PEKANBARU, RIAU , DUMAI , MEDANG KAMPAI , PELINTUNG 
PEKANBARU, RIAU , INDRAGIRI HILIR , TEMBILAHAN , TEMBILAHAN KOTA 
PEKANBARU, RIAU , INDRAGIRI HILIR , KEMPAS , SUNGAIGANTANG (SUNGAI GANTANG) 
PEKANBARU, RIAU , INDRAGIRI HILIR , TEMPULING , SUNGAISALAK (SUNGAI SALAK) 
PEKANBARU, RIAU , INDRAGIRI HULU , PASIR PENYU , AIR MOLEK (AIR MOLEK I) 
PEKANBARU, RIAU , INDRAGIRI HULU , SUNGAI LALA , PERKEBUNAN SEI/SUNGAI LALA 
PEKANBARU, RIAU , INDRAGIRI HULU , SIBERIDA (SEBERIDA) , PANGKALAN KASAI 
PEKANBARU, RIAU , INDRAGIRI HULU , PERANAP , PERANAP 
PEKANBARU, RIAU , INDRAGIRI HULU , RENGAT , KAMPUNG DAGANG 
PEKANBARU, RIAU , INDRAGIRI HULU , RENGAT BARAT , PEMATANG REBA 
PEKANBARU, RIAU , INDRAGIRI HULU , PASIR PENYU , TANJUNG GADING 
PEKANBARU, RIAU , INDRAGIRI HULU , LIRIK , SIDOMULYO 
PEKANBARU, RIAU , INDRAGIRI HULU , BATANG CENAKU , AUR CINA 
PEKANBARU, RIAU , INDRAGIRI HULU , RENGAT , SEKIP HILIR JUMAT (SEKIP HILIR) 
PEKANBARU, RIAU , INDRAGIRI HULU , RENGAT , KAMPUNG BESAR KOTA 
PEKANBARU, RIAU , INDRAGIRI HULU , BATANG GANGSAL (BATANG GANSAL) , SEBERIDA 
PEKANBARU, RIAU , INDRAGIRI HULU , LUBUK BATU JAYA , KULIM JAYA 
PEKANBARU, RIAU , INDRAGIRI HULU , RENGAT , PASAR KOTA (PASAR KOTA RENGAT) 
PEKANBARU, RIAU , INDRAGIRI HULU , PASIR PENYU , SEKAR MAWAR 
PEKANBARU, RIAU , INDRAGIRI HULU , RENGAT , SEKSEKIP HULU 
PEKANBARU, RIAU , INDRAGIRI HULU , PASIR PENYU , AIR MOLEK II 
PEKANBARU, RIAU , INDRAGIRI HULU , SIBERIDA (SEBERIDA) , BULUH RAMPAI 
PEKANBARU, RIAU , INDRAGIRI HULU , SIBERIDA (SEBERIDA) , SERESAM (SERASAM) 
PEKANBARU, RIAU , INDRAGIRI HULU , LIRIK , JAPURA 
PEKANBARU, RIAU , INDRAGIRI HULU , PASIR PENYU , BATU GAJAH 
PEKANBARU, RIAU , INDRAGIRI HULU , PERANAP , SEMELINANG DARAT (SEMILINANG DARAT) 
PEKANBARU, RIAU , INDRAGIRI HULU , RENGAT BARAT , KOTA LAMA 
PEKANBARU, RIAU , INDRAGIRI HULU , KELAYANG , BONGKAL MALANG 
PEKANBARU, RIAU , INDRAGIRI HULU , KUALA CENAKU , KUALA MULIA 
PEKANBARU, RIAU , KAMPAR , SIAK HULU , PANDAU JAYA 
PEKANBARU, RIAU , KAMPAR , SIAK HULU , KUBANG JAYA 
PEKANBARU, RIAU , KAMPAR , BANGKINANG KOTA , BANGKINANG (BANGKINANG KOTA) 
PEKANBARU, RIAU , KAMPAR , TAPUNG , GADING SARI 
PEKANBARU, RIAU , KAMPAR , KAMPAR KIRI , LIPAT KAIN 
PEKANBARU, RIAU , KAMPAR , TAPUNG , KARYA INDAH 
PEKANBARU, RIAU , KAMPAR , SIAK HULU , TANAH MERAH 
PEKANBARU, RIAU , KAMPAR , SIAK HULU , DESA BARU 
PEKANBARU, RIAU , KAMPAR , TAPUNG , PETAPAHAN 
PEKANBARU, RIAU , KAMPAR , BANGKINANG KOTA , LANGGINI SIALANG (LANGGINI) 
PEKANBARU, RIAU , KAMPAR , TAPUNG HULU , KASIKAN 
PEKANBARU, RIAU , KAMPAR , TAPUNG , INDRA SAKTI 
PEKANBARU, RIAU , KAMPAR , KAMPAR KIRI HILIR , SUNGAI PAGAR 
PEKANBARU, RIAU , KAMPAR , TAPUNG , PANTAI CERMIN 
PEKANBARU, RIAU , KAMPAR , TAPUNG , TANJUNG SAWIT 
PEKANBARU, RIAU , KAMPAR , TAMBANG , TARAI BANGUN 
PEKANBARU, RIAU , KAMPAR , PERHENTIAN RAJA , PANTAI RAJA 
PEKANBARU, RIAU , KAMPAR , TAMBANG , DUSUN 1 SUNGAI PINANG 
PEKANBARU, RIAU , KAMPAR , KUOK , LERENG 
PEKANBARU, RIAU , KAMPAR , TAPUNG HILIR , KIJANG JAYA 
PEKANBARU, RIAU , KAMPAR , PERHENTIAN RAJA , LUBUK SAKAT 
PEKANBARU, RIAU , KAMPAR , BANGKINANG , PULAU LAWAS 
PEKANBARU, RIAU , KAMPAR , TAMBANG , TAMBANG 
PEKANBARU, RIAU , KAMPAR , GUNUNG SAHILAN , GUNUNG MULYA 
PEKANBARU, RIAU , KAMPAR , KAMPAR KIRI TENGAH , PENGHIDUPAN 
PEKANBARU, RIAU , KAMPAR , TAPUNG HILIR , KOTO GARO (KOTA GARO) 
PEKANBARU, RIAU , KAMPAR , TAMBANG , TELUK KENIDAI 
PEKANBARU, RIAU , KAMPAR , TAMBANG , RIMBA/RIMBO PANJANG 
PEKANBARU, RIAU , KAMPAR , GUNUNG SAHILAN , GUNUNG SARI 
PEKANBARU, RIAU , KAMPAR , KAMPAR , AIR TIRIS 
PEKANBARU, RIAU , KAMPAR , KAMPAR , PADANG MUTUNG 
PEKANBARU, RIAU , KAMPAR , KAMPAR , BATU BELAH 
PEKANBARU, RIAU , KAMPAR , KAMPA (KAMPAR TIMUR) , SAWAHBARU (SAWAH BARU) 
PEKANBARU, RIAU , KAMPAR , BANGKINANG , SUKA MULYA 
PEKANBARU, RIAU , KAMPAR , BANGKINANG , LABOY JAYA (LABOI JAYA) 
PEKANBARU, RIAU , KAMPAR , SALO , SALO TIMUR 
PEKANBARU, RIAU , KAMPAR , TAPUNG , SARI GALUH 
PEKANBARU, RIAU , KAMPAR , KUOK , KUOK 
PEKANBARU, RIAU , KAMPAR , TAMBANG , KUALU 
PEKANBARU, RIAU , KAMPAR , SIAK HULU , TERATAK BULUH 
PEKANBARU, RIAU , KAMPAR , TAPUNG HULU , SUKARAMAI 
PEKANBARU, RIAU , KUANTAN SINGINGI , KUANTAN TENGAH , BERINGIN TALUK 
PEKANBARU, RIAU , KUANTAN SINGINGI , BENAI , BENAI 
PEKANBARU, RIAU , KUANTAN SINGINGI , KUANTAN TENGAH , KOTO TALUK 
PEKANBARU, RIAU , KUANTAN SINGINGI , CERENTI , PASAR CERENTI 
PEKANBARU, RIAU , KUANTAN SINGINGI , KUANTAN HILIR , PASAR USANG 
PEKANBARU, RIAU , KUANTAN SINGINGI , SINGINGI HILIR , TANJUNGPAUH (TANJUNG PAUH) 
PEKANBARU, RIAU , KUANTAN SINGINGI , SINGINGI HILIR , PETAI 
PEKANBARU, RIAU , KUANTAN SINGINGI , KUANTAN TENGAH , JAKE 
PEKANBARU, RIAU , KUANTAN SINGINGI , SINGINGI , SUNGAISIRIH (SUNGAI SIRIH) 
PEKANBARU, RIAU , KUANTAN SINGINGI , LOGAS TANAH DARAT , SUKARAJA 
PEKANBARU, RIAU , KUANTAN SINGINGI , SINGINGI , MUARA LEMBU 
PEKANBARU, RIAU , KUANTAN SINGINGI , SINGINGI HILIR , SUKA MAJU (SUKAMAJU) 
PEKANBARU, RIAU , KUANTAN SINGINGI , SINGINGI , LOGAS 
PEKANBARU, RIAU , KUANTAN SINGINGI , SINGINGI HILIR , SUNGAIBULUH (SUNGAI BULUH) 
PEKANBARU, RIAU , KUANTAN SINGINGI , SENTAJO RAYA , MARSAWA 
PEKANBARU, RIAU , KUANTAN SINGINGI , SINGINGI , SUNGAIKUNING (SUNGAI KUNING) 
PEKANBARU, RIAU , KUANTAN SINGINGI , SINGINGI , AIR MAS/EMAS 
PEKANBARU, RIAU , KUANTAN SINGINGI , SENTAJO RAYA , KAMPUNGBARU SENTAJO (KAMPUNG BARU SENTAJO) 
PEKANBARU, RIAU , KUANTAN SINGINGI , KUANTAN MUDIK , SEBERANG PANTAI 
PEKANBARU, RIAU , KUANTAN SINGINGI , BENAI , TEBING TINGGI 
PEKANBARU, RIAU , KUANTAN SINGINGI , SENTAJO RAYA , MUARA LANGSAT 
PEKANBARU, RIAU , KUANTAN SINGINGI , KUANTAN TENGAH , PULAU GODANG KARI (PULAUGODANG KARI) 
PEKANBARU, RIAU , KUANTAN SINGINGI , SENTAJO RAYA , BERINGIN JAYA 
PEKANBARU, RIAU , KUANTAN SINGINGI , KUANTAN TENGAH , SIMPANG TIGA 
PEKANBARU, RIAU , KUANTAN SINGINGI , INUMAN , KOTO INUMAN 
PEKANBARU, RIAU , KUANTAN SINGINGI , SINGINGI HILIR , SUMBER JAYA 
PEKANBARU, SUMATERA UTARA , LABUHANBATU , RANTAU UTARA , SIRANDORUNG 
PEKANBARU, SUMATERA UTARA , LABUHANBATU , RANTAU UTARA , KARTINI 
PEKANBARU, SUMATERA UTARA , LABUHANBATU , RANTAU UTARA , CENDANA 
PEKANBARU, SUMATERA UTARA , LABUHANBATU , RANTAU SELATAN , PARDAMEAN (PERDAMEAN) 
PEKANBARU, SUMATERA UTARA , LABUHANBATU , RANTAU UTARA , PADANG MATINGGI (PADANG MATINGI) 
PEKANBARU, SUMATERA UTARA , LABUHANBATU , RANTAU SELATAN , SIDOREJO 
PEKANBARU, SUMATERA UTARA , LABUHANBATU , PANAI HULU , SEI SENTOSA 
PEKANBARU, SUMATERA UTARA , LABUHANBATU , BILAH HILIR , NEGERI LAMA 
PEKANBARU, SUMATERA UTARA , LABUHANBATU , BILAH HULU , PERBAUNGAN 
PEKANBARU, SUMATERA UTARA , LABUHANBATU , RANTAU SELATAN , BAKARAN BATU 
PEKANBARU, SUMATERA UTARA , LABUHANBATU , RANTAU SELATAN , UJUNG BANDAR 
PEKANBARU, SUMATERA UTARA , LABUHANBATU , RANTAU SELATAN , SIOLDENGAN 
PEKANBARU, SUMATERA UTARA , LABUHANBATU , RANTAU UTARA , PADANG BULAN 
PEKANBARU, SUMATERA UTARA , LABUHANBATU , BILAH HULU , PEMATANG SLANG (SELENG) 
PEKANBARU, SUMATERA UTARA , LABUHANBATU , PANGKATAN , SENNAH (KAMPUNG SENNAH) 
PEKANBARU, SUMATERA UTARA , LABUHANBATU , PANAI HULU , TANJUNG SARANG ELANG 
PEKANBARU, SUMATERA UTARA , LABUHANBATU , BILAH HILIR , NEGERI BARU 
PEKANBARU, SUMATERA UTARA , LABUHANBATU , RANTAU UTARA , PULO PADANG 
PEKANBARU, SUMATERA UTARA , LABUHANBATU , BILAH HILIR , TANJUNG HALOBAN 
PEKANBARU, SUMATERA UTARA , LABUHANBATU , PANGKATAN , PERKEBUNAN PANGKATAN 
PEKANBARU, SUMATERA UTARA , LABUHANBATU , BILAH HULU , N 4/EMPAT AEK NABARA 
PEKANBARU, SUMATERA UTARA , LABUHANBATU SELATAN , KOTAPINANG (KOTA PINANG) , SISUMUT 
PEKANBARU, SUMATERA UTARA , LABUHANBATU SELATAN , KOTAPINANG (KOTA PINANG) , KOTAPINANG (KOTA PINANG) 
PEKANBARU, SUMATERA UTARA , LABUHANBATU SELATAN , TORGAMBA , TORGAMBA 
PEKANBARU, SUMATERA UTARA , LABUHANBATU SELATAN , SEI/SUNGAI KANAN , LANGGA PAYUNG 
PEKANBARU, SUMATERA UTARA , LABUHANBATU SELATAN , TORGAMBA , AEK BATU 
PEKANBARU, SUMATERA UTARA , LABUHANBATU SELATAN , TORGAMBA , ASAM JAWA 
PEKANBARU, SUMATERA UTARA , LABUHANBATU SELATAN , KAMPUNG RAKYAT , TELUK PANJI (KAMPUNG TELUK PANJI) 
PEKANBARU, SUMATERA UTARA , LABUHANBATU SELATAN , KAMPUNG RAKYAT , TELUK PANJI IV 
PEKANBARU, SUMATERA UTARA , LABUHANBATU SELATAN , KAMPUNG RAKYAT , TANJUNG MEDAN 
PEKANBARU, SUMATERA UTARA , LABUHANBATU SELATAN , KAMPUNG RAKYAT , PERKEBUNAN TOLAN (PEKAN TOLAN) 
PEKANBARU, SUMATERA UTARA , LABUHANBATU SELATAN , SEI/SUNGAI KANAN , HAJORAN 
PEKANBARU, SUMATERA UTARA , MANDAILING NATAL , PANYABUNGAN , PANYABUNGAN II 
PEKANBARU, SUMATERA UTARA , MANDAILING NATAL , PANYABUNGAN , SARAK MATUA 
PEKANBARU, SUMATERA UTARA , PADANG LAWAS , BARUMUN , PASAR SIBUHUAN 
PEKANBARU, SUMATERA UTARA , PADANG LAWAS , BARUMUN TENGAH , PASAR BINANGA 
PEKANBARU, SUMATERA UTARA , PADANG LAWAS , SOSA , GUNUNG BARINGIN 
PEKANBARU, SUMATERA UTARA , PADANG LAWAS , BARUMUN , SIBUHUAN JULU 
PEKANBARU, SUMATERA UTARA , PADANG LAWAS , HUTA RAJA TINGGI , MANANTI SOSA JAE 
PEKANBARU, SUMATERA UTARA , PADANG LAWAS , HUTA RAJA TINGGI , SUNGAI KORANG 
PEKANBARU, SUMATERA UTARA , PADANG LAWAS , LUBUK BARUMUN , HUTA LOMBANG 
PEKANBARU, SUMATERA UTARA , PADANG LAWAS , SOSA , GUNUNG TUA 
PEKANBARU, SUMATERA UTARA , PADANG LAWAS , LUBUK BARUMUN , PASAR LATONG 
PEKANBARU, SUMATERA UTARA , PADANG LAWAS , BARUMUN , BULUSONIK (BULU SONIK) 
PEKANBARU, SUMATERA UTARA , PADANG LAWAS , HUTA RAJA TINGGI , LUBUK BUNUT 
PEKANBARU, SUMATERA UTARA , PADANG LAWAS UTARA , PADANG BOLAK , PASAR GUNUNG TUA 
PEKANBARU, SUMATERA UTARA , PADANG LAWAS UTARA , PORTIBI , RONDAMAN DOLOK 
PEKANBARU, SUMATERA UTARA , PADANG SIDEMPUA , PADANGSIDIMPUAN / PADANG SIDEMPUAN UTARA , WEK II 
PEKANBARU, SUMATERA UTARA , PADANG SIDEMPUA , PADANGSIDIMPUAN / PADANG SIDEMPUAN UTARA , TANOBATO (TANO BATO) 
PEKANBARU, RIAU , PADANG SIDEMPUA , PADANG SIDEMPUAN TENGGARA , MANUNGGANG JULU 
PEKANBARU, SUMATERA UTARA , PADANG SIDEMPUA , PADANGSIDIMPUAN / PADANG SIDEMPUAN SELATAN , UJUNG PADANG 
PEKANBARU, SUMATERA UTARA , PADANG SIDEMPUA , PADANGSIDIMPUAN / PADANG SIDEMPUAN UTARA , SADABUAN 
PEKANBARU, SUMATERA UTARA , PADANG SIDEMPUA , PADANGSIDIMPUAN / PADANG SIDEMPUAN BATUNADUA , BATUNADUA JAE 
PEKANBARU, SUMATERA UTARA , PADANG SIDEMPUA , PADANGSIDIMPUAN / PADANG SIDEMPUAN TENGGARA , PIJOR KOLING 
PEKANBARU, SUMATERA UTARA , PADANG SIDEMPUA , PADANGSIDIMPUAN / PADANG SIDEMPUAN TENGGARA , SIHITANG 
PEKANBARU, RIAU , PEKANBARU , SUKAJADI , KAMPUNG MELAYU 
PEKANBARU, RIAU , PEKANBARU , BUKIT RAYA , TANGKERANG UTARA 
PEKANBARU, RIAU , PEKANBARU , SUKAJADI , JADIREJO 
PEKANBARU, RIAU , PEKANBARU , MARPOYAN DAMAI , WONOREJO 
PEKANBARU, RIAU , PEKANBARU , PAYUNG SEKAKI , TAMPAN 
PEKANBARU, RIAU , PEKANBARU , TAMPAN , SIDOMULYO BARAT 
PEKANBARU, RIAU , PEKANBARU , PAYUNG SEKAKI , LABUH BARU TIMUR 
PEKANBARU, RIAU , PEKANBARU , BUKIT RAYA , SIMPANG TIGA 
PEKANBARU, RIAU , PEKANBARU , MARPOYAN DAMAI , TANGKERANG TENGAH 
PEKANBARU, RIAU , PEKANBARU , TENAYAN RAYA , REJOSARI 
PEKANBARU, RIAU , PEKANBARU , TAMPAN , TUAHKARYA (TUAH KARYA) 
PEKANBARU, RIAU , PEKANBARU , MARPOYAN DAMAI , SIDOMULYO TIMUR 
PEKANBARU, RIAU , PEKANBARU , SAIL , SUKAMAJU (SUKA MAJU) 
PEKANBARU, RIAU , PEKANBARU , TAMPAN , SIMPANGBARU 
PEKANBARU, RIAU , PEKANBARU , BUKIT RAYA , TANGKERANG SELATAN 
PEKANBARU, RIAU , PEKANBARU , TENAYAN RAYA , TANGKERANG TIMUR 
PEKANBARU, RIAU , PEKANBARU , SENAPELAN , KAMPUNG BANDAR 
PEKANBARU, RIAU , PEKANBARU , MARPOYAN DAMAI , MAHARATU 
PEKANBARU, RIAU , PEKANBARU , LIMA PULUH , PESISIR 
PEKANBARU, RIAU , PEKANBARU , SUKAJADI , PULAU KAROMAH 
PEKANBARU, RIAU , PEKANBARU , RUMBAI PESISIR , LIMBUNGAN BARU 
PEKANBARU, RIAU , PEKANBARU , PAYUNG SEKAKI , LABUH BARU BARAT 
PEKANBARU, RIAU , PEKANBARU , SUKAJADI , SUKAJADI 
PEKANBARU, RIAU , PEKANBARU , TAMPAN , DELIMA 
PEKANBARU, RIAU , PEKANBARU , LIMA PULUH , SEKIP 
PEKANBARU, RIAU , PEKANBARU , RUMBAI , UMBAN SARI 
PEKANBARU, RIAU , PEKANBARU , SUKAJADI , KEDUNG SARI (KEDUNGSARI) 
PEKANBARU, RIAU , PEKANBARU , SENAPELAN , KAMPUNG BARU 
PEKANBARU, RIAU , PEKANBARU , SUKAJADI , KAMPUNG TENGAH 
PEKANBARU, RIAU , PEKANBARU , PEKANBARU KOTA , SUMAHILANG (SUMA HILANG) 
PEKANBARU, RIAU , PEKANBARU , TENAYAN RAYA , KULIM 
PEKANBARU, RIAU , PEKANBARU , SAIL , CINTA RAJA 
PEKANBARU, RIAU , PEKANBARU , BUKIT RAYA , TANGKERANG LABUAI 
PEKANBARU, RIAU , PEKANBARU , MARPOYAN DAMAI , TANGKERANG BARAT 
PEKANBARU, RIAU , PEKANBARU , RUMBAI , PALAS 
PEKANBARU, RIAU , PEKANBARU , RUMBAI PESISIR , LIMBUNGAN 
PEKANBARU, RIAU , PEKANBARU , LIMA PULUH , RINTIS 
PEKANBARU, RIAU , PEKANBARU , SUKAJADI , HARJOSARI 
PEKANBARU, RIAU , PEKANBARU , PEKANBARU KOTA , SIMPANG EMPAT 
PEKANBARU, RIAU , PEKANBARU , SAIL , SUKA MULIA (SUKAMULYA) 
PEKANBARU, RIAU , PEKANBARU , TENAYAN RAYA , BENCAHLESUNG (SAIL) 
PEKANBARU, RIAU , PEKANBARU , RUMBAI PESISIR , LEMBAH SARI 
PEKANBARU, RIAU , PEKANBARU , SENAPELAN , SAGO 
PEKANBARU, RIAU , PEKANBARU , PAYUNG SEKAKI , AIR HITAM 
PEKANBARU, RIAU , PEKANBARU , SENAPELAN , PADANG TERUBUK 
PEKANBARU, RIAU , PEKANBARU , PEKANBARU KOTA , SUKARAMAI (SUKA RAMAI) 
PEKANBARU, RIAU , PEKANBARU , RUMBAI , RUMBAI BUKIT 
PEKANBARU, RIAU , PELALAWAN , PANGKALAN KERINCI , PANGKALAN KERINCI TIMUR AGUNG 
PEKANBARU, RIAU , PELALAWAN , BANDAR SEI KIJANG , LUBUK OGUNG 
PEKANBARU, RIAU , PELALAWAN , PANGKALAN KURAS , SOREK I (SOREK SATU) 
PEKANBARU, RIAU , PELALAWAN , PANGKALAN KERINCI , PANGKALAN KERINCI KOTA 
PEKANBARU, RIAU , PELALAWAN , BANDAR PETALANGAN , LUBUK TERAP 
PEKANBARU, RIAU , PELALAWAN , PANGKALAN LESUNG , PANGKALAN LESUNG 
PEKANBARU, RIAU , PELALAWAN , UKUI , UKUI I (SATU) 
PEKANBARU, RIAU , PELALAWAN , UKUI , TRI MULYA JAYA 
PEKANBARU, RIAU , PELALAWAN , PANGKALAN KERINCI , PANGKALAN KERINCI BARAT 
PEKANBARU, RIAU , PELALAWAN , PANGKALAN KERINCI , MAKMUR 
PEKANBARU, RIAU , PELALAWAN , KERUMUTAN , BUKIT LEMBAH SUBUR 
PEKANBARU, RIAU , PELALAWAN , PANGKALAN KURAS , TERANTANG MANUK 
PEKANBARU, RIAU , PELALAWAN , PANGKALAN LESUNG , PESAGUAN 
PEKANBARU, RIAU , PELALAWAN , BANDAR SEI KIJANG , SEI KIJANG 
PEKANBARU, RIAU , PELALAWAN , BUNUT , PANGKALAN BUNUT TERAP (PANGKALAN BUNUT) 
PEKANBARU, RIAU , PELALAWAN , LANGGAM , SEGATI 
PEKANBARU, RIAU , PELALAWAN , PANGKALAN KURAS , SOREK II (SOREK DUA) 
PEKANBARU, RIAU , ROKAN HILIR , BAGAN SINEMBAH , BAGAN BATU 
PEKANBARU, RIAU , ROKAN HILIR , BANGKO , BAGAN TIMUR 
PEKANBARU, RIAU , ROKAN HILIR , BANGKO PUSAKA (PUSAKO) , BANGKO SEMPURNA 
PEKANBARU, RIAU , ROKAN HILIR , TANAH PUTIH , UJUNG TANJUNG 
PEKANBARU, RIAU , ROKAN HILIR , BAGAN SINEMBAH , BALAI JAYA 
PEKANBARU, RIAU , ROKAN HILIR , BAGAN SINEMBAH , BAHTERA MAKMUR 
PEKANBARU, RIAU , ROKAN HILIR , BAGAN SINEMBAH , BALAM SEMPURNA 
PEKANBARU, RIAU , ROKAN HILIR , RIMBA MELINTANG , LENGGADAI/LANGGADAI HULU 
PEKANBARU, RIAU , ROKAN HILIR , TANAH PUTIH , BANJAR XII 
PEKANBARU, RIAU , ROKAN HILIR , TANAH PUTIH , SEDINGINAN 
PEKANBARU, RIAU , ROKAN HILIR , RIMBA MELINTANG , RIMBA MELINTANG 
PEKANBARU, RIAU , ROKAN HILIR , BANGKO , BAGAN PUNAK 
PEKANBARU, RIAU , ROKAN HILIR , BANGKO PUSAKA (PUSAKO) , BANGKO PERMATA 
PEKANBARU, RIAU , ROKAN HILIR , BANGKO , BAGAN JAWA 
PEKANBARU, RIAU , ROKAN HILIR , PUJUD , PUJUD 
PEKANBARU, RIAU , ROKAN HILIR , BAGAN SINEMBAH , GELORA 
PEKANBARU, RIAU , ROKAN HILIR , BAGAN SINEMBAH , BAGAN SINEMBAH 
PEKANBARU, RIAU , ROKAN HILIR , BANGKO PUSAKA (PUSAKO) , BANGKO MUKTI 
PEKANBARU, RIAU , ROKAN HILIR , SIMPANG KANAN , SIMPANG KANAN 
PEKANBARU, RIAU , ROKAN HILIR , TANAH PUTIH , MENGGALA SEMPURNA 
PEKANBARU, RIAU , ROKAN HILIR , TANAH PUTIH TANJUNG MELAWAN , MELAYU BESAR KOTA 
PEKANBARU, RIAU , ROKAN HULU , PAGARAN TAPAH DARUSSALAM , PAGARAN TAPAH 
PEKANBARU, RIAU , ROKAN HULU , UJUNG BATU , UJUNG BATU 
PEKANBARU, RIAU , ROKAN HULU , RAMBAH , PEMALANG BERANGAN (PEMATANG BERANGAN) 
PEKANBARU, RIAU , ROKAN HULU , KUNTO DARUSSALAM , KOTA LAMA 
PEKANBARU, RIAU , ROKAN HULU , KABUN , KABUN 
PEKANBARU, RIAU , ROKAN HULU , RAMBAH SAMO , RAMBAH BARU 
PEKANBARU, RIAU , ROKAN HULU , TAMBUSAI , TAMBUSAI TENGAH 
PEKANBARU, RIAU , ROKAN HULU , KEPENUHAN , KEPENUHANTENGAH (KEPENUHAN TENGAH) 
PEKANBARU, RIAU , ROKAN HULU , ROKAN IV KOTO , LUBUK BENDAHARA 
PEKANBARU, RIAU , ROKAN HULU , TAMBUSAI UTARA , BANGUN JAYA 
PEKANBARU, RIAU , ROKAN HULU , TAMBUSAI UTARA , TANJUNG MEDAN 
PEKANBARU, RIAU , ROKAN HULU , KUNTO DARUSSALAM , KOTA RAYA 
PEKANBARU, RIAU , ROKAN HULU , RAMBAH HILIR , RAMBAH HILIR 
PEKANBARU, RIAU , ROKAN HULU , TANDUN , TANDUN 
PEKANBARU, RIAU , ROKAN HULU , KEPENUHAN , KEPENUHAN BARAT 
PEKANBARU, RIAU , ROKAN HULU , BANGUN PURBA , BANGUN PURBA 
PEKANBARU, RIAU , ROKAN HULU , RAMBAH , RAMBAH TENGAH UTARA 
PEKANBARU, RIAU , ROKAN HULU , KABUN , ALIANTAN 
PEKANBARU, RIAU , ROKAN HULU , KEPENUHAN HULU , KEPENUHAN HULU 
PEKANBARU, RIAU , ROKAN HULU , UJUNG BATU , SUKA DAMAI 
PEKANBARU, RIAU , ROKAN HULU , RAMBAH HILIR , RAMBAH 
PEKANBARU, RIAU , ROKAN HULU , TAMBUSAI UTARA , PAGAR MAYANG 
PEKANBARU, RIAU , ROKAN HULU , KUNTO DARUSSALAM , KOTA BARU 
PEKANBARU, RIAU , ROKAN HULU , BONAI DARUSSALAM , TELUK SONO 
PEKANBARU, RIAU , ROKAN HULU , TAMBUSAI UTARA , MAHATO 
PEKANBARU, RIAU , ROKAN HULU , PAGARAN TAPAH DARUSSALAM , KEMBANG DAMAI 
PEKANBARU, RIAU , ROKAN HULU , TAMBUSAI , SUKA MAJU 
PEKANBARU, RIAU , ROKAN HULU , RAMBAH SAMO , RAMBAH SAMO BARAT 
PEKANBARU, RIAU , ROKAN HULU , RAMBAH HILIR , SEJATI 
PEKANBARU, RIAU , ROKAN HULU , TANDUN , TANDUN BARAT 
PEKANBARU, RIAU , ROKAN HULU , RAMBAH SAMO , RAMBAH UTAMA 
PEKANBARU, RIAU , ROKAN HULU , UJUNG BATU , PEMATANG TEBIH 
PEKANBARU, RIAU , ROKAN HULU , RAMBAH SAMO , RAMBAH SAMO 
PEKANBARU, RIAU , SIAK , TUALANG , PERAWANG BARAT 
PEKANBARU, RIAU , SIAK , TUALANG , PERAWANG 
PEKANBARU, RIAU , SIAK , LUBUK DALAM , RAWANG KAO 
PEKANBARU, RIAU , SIAK , KANDIS , SIMPANG BELUTU 
PEKANBARU, RIAU , SIAK , BUNGA RAYA , JAYAPURA (JAYA PURA) 
PEKANBARU, RIAU , SIAK , KANDIS , KANDIS KOTA 
PEKANBARU, RIAU , SIAK , SUNGAI APIT , SUNGAI APIT 
PEKANBARU, RIAU , SIAK , SIAK , KAMPUNG REMPAK 
PEKANBARU, RIAU , SIAK , MINAS , MINAS JAYA 
PEKANBARU, RIAU , SIAK , KANDIS , LIBO JAYA 
PEKANBARU, RIAU , SIAK , KOTO GASIB , TASIK SEMINAI 
PEKANBARU, RIAU , SIAK , SIAK , KAMPUNG DALAM 
PEKANBARU, RIAU , SIAK , KANDIS , KANDIS 
PEKANBARU, RIAU , SIAK , BUNGA RAYA , BUNGA RAYA 
PEKANBARU, RIAU , SIAK , KANDIS , BELUTU 
PEKANBARU, RIAU , SIAK , KERINCI KANAN , BUKIT AGUNG 
PEKANBARU, RIAU , SIAK , KANDIS , TELAGA SAM-SAM 
PEKANBARU, RIAU , SIAK , KERINCI KANAN , SEMINAI 
PEKANBARU, RIAU , SIAK , KOTO GASIB , PANGKALAN PISANG 
PEKANBARU, RIAU , SIAK , TUALANG , PINANG SEBATANG TIMUR 
PEKANBARU, RIAU , SIAK , SABAK AUH , BANDAR SUNGAI 
PEKANBARU, RIAU , SIAK , DAYUN , BANJAR SEMINAI 
PEKANBARU, RIAU , SIAK , TUALANG , TUALANG 
PEKANBARU, RIAU , SIAK , BUNGA RAYA , KEMUNING MUDA 
PARUNG, JAWA BARAT , BOGOR , GUNUNG SINDUR , RAWAKALONG 
PARUNG, JAWA BARAT , BOGOR , KEMANG , KEMANG 
PARUNG, JAWA BARAT , BOGOR , PARUNG , WARUJAYA 
PARUNG, JAWA BARAT , BOGOR , PARUNG , COGREG 
PARUNG, JAWA BARAT , BOGOR , CISEENG , PARIGI MEKAR 
PARUNG, JAWA BARAT , BOGOR , PARUNG , PAMEGARSARI (PAMAGERSARI) 
PARUNG, JAWA BARAT , BOGOR , PARUNG PANJANG , LUMPANG 
PARUNG, JAWA BARAT , BOGOR , PARUNG , BOJONGSEMPU (BOJONG SEMPU) 
PARUNG, JAWA BARAT , BOGOR , RUMPIN , KAMPUNGSAWAH (KAMPUNG SAWAH) 
PARUNG, JAWA BARAT , BOGOR , KEMANG , BOJONG 
PARUNG, JAWA BARAT , BOGOR , KEMANG , SEMPLAK BARAT 
PARUNG, JAWA BARAT , BOGOR , RUMPIN , SUKAMULYA 
PARUNG, JAWA BARAT , BOGOR , GUNUNG SINDUR , GUNUNGSINDUR (GUNUNG SINDUR) 
PARUNG, JAWA BARAT , BOGOR , KEMANG , PARAKANJAYA (PARAKAN JAYA) 
PARUNG, JAWA BARAT , BOGOR , GUNUNG SINDUR , CIBINONG 
PARUNG, JAWA BARAT , BOGOR , KEMANG , JAMPANG 
PARUNG, JAWA BARAT , BOGOR , PARUNG PANJANG , KABASIRAN 
PARUNG, JAWA BARAT , BOGOR , PARUNG PANJANG , CIBUNAR 
PARUNG, JAWA BARAT , BOGOR , KEMANG , PONDOK UDIK 
PARUNG, JAWA BARAT , BOGOR , GUNUNG SINDUR , CIBADUNG 
PARUNG, JAWA BARAT , BOGOR , GUNUNG SINDUR , PENGASINAN 
PARUNG, JAWA BARAT , BOGOR , CISEENG , CIBENTANG 
PARUNG, JAWA BARAT , BOGOR , CISEENG , PUTAT NUTUG 
PARUNG, JAWA BARAT , BOGOR , RUMPIN , RUMPIN 
PARUNG, JAWA BARAT , BOGOR , PARUNG PANJANG , JAGABAYA 
PARUNG, JAWA BARAT , BOGOR , GUNUNG SINDUR , CIDOKOM 
PARUNG, JAWA BARAT , BOGOR , GUNUNG SINDUR , JAMPANG 
PARUNG, JAWA BARAT , BOGOR , PARUNG PANJANG , CIKUDA 
PARUNG, JAWA BARAT , BOGOR , PARUNG , WARU 
PARUNG, JAWA BARAT , BOGOR , PARUNG PANJANG , PARUNGPANJANG 
PARUNG, JAWA BARAT , BOGOR , PARUNG , PARUNG 
PARUNG, JAWA BARAT , BOGOR , PARUNG PANJANG , GOROWONG 
PARUNG, JAWA BARAT , BOGOR , CISEENG , CISEENG 
PARUNG, JAWA BARAT , BOGOR , CISEENG , CIBEUTEUNG UDIK 
PARUNG, JAWA BARAT , BOGOR , RUMPIN , SUKASARI 
PARUNG, JAWA BARAT , BOGOR , GUNUNG SINDUR , CURUG 
PARUNG, JAWA BARAT , BOGOR , CISEENG , BABAKAN 
PARUNG, JAWA BARAT , BOGOR , RUMPIN , CIDOKOM 
PARUNG, JAWA BARAT , BOGOR , PARUNG PANJANG , JAGABITA 
PARUNG, JAWA BARAT , BOGOR , CISEENG , KARIHKIL 
PARUNG, JAWA BARAT , BOGOR , RUMPIN , TAMANSARI (TAMAN SARI) 
PARUNG, JAWA BARAT , BOGOR , PARUNG PANJANG , PINGKU 
PARUNG, JAWA BARAT , BOGOR , KEMANG , TEGAL 
PARUNG, JAWA BARAT , BOGOR , KEMANG , PABUARAN 
PARUNG, JAWA BARAT , BOGOR , RUMPIN , CIPINANG 
PARUNG, JAWA BARAT , BOGOR , GUNUNG SINDUR , PABUARAN 
PARUNG, JAWA BARAT , BOGOR , GUNUNG SINDUR , PADURENAN 
PARUNG, JAWA BARAT , BOGOR , GUNUNG SINDUR , RAWAKALONG 
PARUNG, JAWA BARAT , BOGOR , GUNUNG SINDUR , GUNUNGSINDUR (GUNUNG SINDUR) 
PARUNG, DKI JAKARTA , JAKARTA SELATAN , PASAR MINGGU , PASAR MINGGU 
PARUNG, DKI JAKARTA , JAKARTA SELATAN , JAGAKARSA , TANJUNG BARAT 
PARUNG, DKI JAKARTA , JAKARTA SELATAN , JAGAKARSA , CIPEDAK 
PARUNG, DKI JAKARTA , JAKARTA SELATAN , JAGAKARSA , SRENGSENG SAWAH 
PARUNG, DKI JAKARTA , JAKARTA SELATAN , CILANDAK , CIPETE SELATAN 
PARUNG, DKI JAKARTA , JAKARTA SELATAN , JAGAKARSA , JAGAKARSA 
PARUNG, DKI JAKARTA , JAKARTA SELATAN , CILANDAK , LEBAK BULUS 
PARUNG, DKI JAKARTA , JAKARTA SELATAN , PASAR MINGGU , PEJATEN BARAT 
PARUNG, DKI JAKARTA , JAKARTA SELATAN , CILANDAK , GANDARIA SELATAN 
PARUNG, DKI JAKARTA , JAKARTA SELATAN , CILANDAK , CILANDAK BARAT 
PARUNG, DKI JAKARTA , JAKARTA SELATAN , CILANDAK , PONDOK LABU 
PARUNG, DKI JAKARTA , JAKARTA SELATAN , PASAR MINGGU , JATI PADANG 
PARUNG, DKI JAKARTA , JAKARTA SELATAN , JAGAKARSA , LENTENG AGUNG 
PARUNG, DKI JAKARTA , JAKARTA SELATAN , PASAR MINGGU , PEJATEN TIMUR 
PARUNG, DKI JAKARTA , JAKARTA SELATAN , PASAR MINGGU , RAGUNAN 
PARUNG, DKI JAKARTA , JAKARTA SELATAN , JAGAKARSA , CIGANJUR 
PARUNG, DKI JAKARTA , JAKARTA SELATAN , PASAR MINGGU , CILANDAK TIMUR 
PARUNG, DKI JAKARTA , JAKARTA SELATAN , PASAR MINGGU , KEBAGUSAN 
PARUNG, BANTEN , TANGERANG , CISAUK , SURADITA 
PARUNG, BANTEN , TANGERANG , CISAUK , SAMPORA 
PARUNG, BANTEN , TANGERANG , CISAUK , CISAUK 
PARUNG, BANTEN , TANGERANG , CISAUK , CIBOGO 
PARUNG, BANTEN , TANGERANG , CISAUK , DANGDANG 
PARUNG, BANTEN , TANGERANG SELAT , PAMULANG , BENDA BARU 
PARUNG, BANTEN , TANGERANG SELAT , CIPUTAT , CIPUTAT 
PARUNG, BANTEN , TANGERANG SELAT , CIPUTAT , JOMBANG 
PARUNG, BANTEN , TANGERANG SELAT , CIPUTAT , SERUA INDAH (SARUA INDAH) 
PARUNG, BANTEN , TANGERANG SELAT , SERPONG , RAWA MEKARJAYA (RAWA MEKAR JAYA) 
PARUNG, BANTEN , TANGERANG SELAT , SERPONG , SERPONG 
PARUNG, BANTEN , TANGERANG SELAT , SETU , BAKTI JAYA 
PARUNG, BANTEN , TANGERANG SELAT , SERPONG UTARA , JELUPANG 
PARUNG, BANTEN , TANGERANG SELAT , SERPONG , RAWABUNTU (RAWA BUNTU) 
PARUNG, BANTEN , TANGERANG SELAT , PAMULANG , KEDAUNG 
PARUNG, BANTEN , TANGERANG SELAT , SERPONG , CIATER 
PARUNG, BANTEN , TANGERANG SELAT , PONDOK AREN , JURANGMANGU BARAT (JURANG MANGU BARAT) 
PARUNG, BANTEN , TANGERANG SELAT , PONDOK AREN , PONDOK JAYA 
PARUNG, BANTEN , TANGERANG SELAT , CIPUTAT TIMUR , PISANGAN 
PARUNG, BANTEN , TANGERANG SELAT , SETU , KADEMANGAN 
PARUNG, BANTEN , TANGERANG SELAT , SETU , SETU 
PARUNG, BANTEN , TANGERANG SELAT , PAMULANG , PONDOK BENDA 
PARUNG, BANTEN , TANGERANG SELAT , CIPUTAT , SAWAH LAMA 
PARUNG, BANTEN , TANGERANG SELAT , SERPONG UTARA , PONDOK JAGUNG TIMUR 
PARUNG, BANTEN , TANGERANG SELAT , PONDOK AREN , PONDOK KACANG TIMUR 
PARUNG, BANTEN , TANGERANG SELAT , SETU , BABAKAN 
PARUNG, BANTEN , TANGERANG SELAT , PONDOK AREN , JURANGMANGU TIMUR (JURANG MANGU TIMUR) 
PARUNG, BANTEN , TANGERANG SELAT , CIPUTAT , SAWAH BARU 
PARUNG, BANTEN , TANGERANG SELAT , CIPUTAT TIMUR , RENGAS 
PARUNG, BANTEN , TANGERANG SELAT , PAMULANG , PAMULANG BARAT 
PARUNG, BANTEN , TANGERANG SELAT , SERPONG UTARA , PONDOK JAGUNG 
PARUNG, BANTEN , TANGERANG SELAT , PONDOK AREN , PONDOK PUCUNG 
PARUNG, BANTEN , TANGERANG SELAT , PONDOK AREN , PONDOK BETUNG 
PARUNG, BANTEN , TANGERANG SELAT , PONDOK AREN , PONDOK KACANG BARAT 
PARUNG, BANTEN , TANGERANG SELAT , PONDOK AREN , PARIGI (PERIGI LAMA) 
PARUNG, BANTEN , TANGERANG SELAT , PAMULANG , PONDOK CABE ILIR 
PARUNG, BANTEN , TANGERANG SELAT , CIPUTAT TIMUR , CIREUNDEU 
PARUNG, BANTEN , TANGERANG SELAT , CIPUTAT , SARUA (SERUA) 
PARUNG, BANTEN , TANGERANG SELAT , CIPUTAT , CIPAYUNG 
PARUNG, BANTEN , TANGERANG SELAT , CIPUTAT TIMUR , REMPOA 
PARUNG, BANTEN , TANGERANG SELAT , SERPONG , BUARAN 
PARUNG, BANTEN , TANGERANG SELAT , PONDOK AREN , PONDOK AREN 
PARUNG, BANTEN , TANGERANG SELAT , PAMULANG , PAMULANG TIMUR 
PARUNG, BANTEN , TANGERANG SELAT , SERPONG UTARA , LENGKONG KARYA 
PARUNG, BANTEN , TANGERANG SELAT , CIPUTAT TIMUR , PONDOK RANJI 
PARUNG, BANTEN , TANGERANG SELAT , PAMULANG , PONDOK CABE UDIK 
PARUNG, BANTEN , TANGERANG SELAT , SERPONG , CILENGGANG 
PARUNG, BANTEN , TANGERANG SELAT , SERPONG , LENGKONG GUDANG TIMUR 
PARUNG, BANTEN , TANGERANG SELAT , PONDOK AREN , PONDOK KARYA 
PARUNG, BANTEN , TANGERANG SELAT , SETU , MUNCUL 
PARUNG, BANTEN , TANGERANG SELAT , CIPUTAT TIMUR , CEMPAKA PUTIH 
PARUNG, BANTEN , TANGERANG SELAT , SERPONG , LENGKONG GUDANG 
PARUNG, BANTEN , TANGERANG SELAT , SETU , KERANGGAN (KRANGGAN) 
PARUNG, BANTEN , TANGERANG SELAT , SERPONG UTARA , PAKULONAN 
PARUNG, BANTEN , TANGERANG SELAT , SERPONG , LENGKONG WETAN 
PARUNG, BANTEN , TANGERANG SELAT , PAMULANG , BAMBUAPUS (BAMBU APUS) 
PARUNG, BANTEN , TANGERANG SELAT , PONDOK AREN , PARIGI BARU (PERIGI BARU) 
PALEMBANG, SUMATERA SELATAN , BANYUASIN , TALANG KELAPA , SUKOMORO (SUKAMORO) 
PALEMBANG, SUMATERA SELATAN , BANYUASIN , TALANG KELAPA , KENTEN 
PALEMBANG, SUMATERA SELATAN , BANYUASIN , BETUNG , BETUNG 
PALEMBANG, SUMATERA SELATAN , BANYUASIN , TALANG KELAPA , SUKAJADI 
PALEMBANG, SUMATERA SELATAN , BANYUASIN , SEMBAWA , LALANG SEMBAWA 
PALEMBANG, SUMATERA SELATAN , BANYUASIN , BANYUASIN I , MARIANA 
PALEMBANG, SUMATERA SELATAN , BANYUASIN , RAMBUTAN , SUNGAIKEDUKAN (SUNGAI KEDUKAN) 
PALEMBANG, SUMATERA SELATAN , BANYUASIN , BANYUASIN III , PANGKALAN BALAI 
PALEMBANG, SUMATERA SELATAN , BANYUASIN , BETUNG , LUBUK KARET 
PALEMBANG, SUMATERA SELATAN , BANYUASIN , TALANG KELAPA , TALANG BULUH 
PALEMBANG, SUMATERA SELATAN , BANYUASIN , BANYUASIN III , KAYUARA KUNING 
PALEMBANG, SUMATERA SELATAN , BANYUASIN , SEMBAWA , MAINAN 
PALEMBANG, SUMATERA SELATAN , BANYUASIN , BANYUASIN I , SUNGAIREBO (SUNGAI REBO) 
PALEMBANG, SUMATERA SELATAN , BANYUASIN , BANYUASIN I , SUNGAIGERONG (SUNGAI GERONG) 
PALEMBANG, SUMATERA SELATAN , BANYUASIN , SEMBAWA , REJODADI 
PALEMBANG, SUMATERA SELATAN , BANYUASIN , RAMBUTAN , SUNGAIDUA (SUNGAI DUA) 
PALEMBANG, SUMATERA SELATAN , BANYUASIN , BANYUASIN III , KEDONDONG RAYE 
PALEMBANG, SUMATERA SELATAN , BANYUASIN , BANYUASIN III , MULYA AGUNG 
PALEMBANG, SUMATERA SELATAN , BANYUASIN , TALANG KELAPA , GASING 
PALEMBANG, SUMATERA SELATAN , BANYUASIN , RAMBUTAN , SUNGAIPINANG (SUNGAI PINANG) 
PALEMBANG, SUMATERA SELATAN , BANYUASIN , SUAK TAPEH , LUBUK LANCANG 
PALEMBANG, SUMATERA SELATAN , BANYUASIN , RAMBUTAN , SAKO 
PALEMBANG, SUMATERA SELATAN , BANYUASIN , TALANG KELAPA , TANAH MAS 
PALEMBANG, SUMATERA SELATAN , BANYUASIN , AIR KUMBANG , SIDOMULYO 
PALEMBANG, SUMATERA SELATAN , BANYUASIN , TALANG KELAPA , TALANG KERAMAT 
PALEMBANG, SUMATERA SELATAN , BANYUASIN , BANYUASIN I , MARIANA ILIR 
PALEMBANG, SUMATERA SELATAN , BANYUASIN , TALANG KELAPA , AIR BATU 
PALEMBANG, SUMATERA SELATAN , BANYUASIN , AIR KUMBANG , CINTA MANIS BARU 
PALEMBANG, SUMATERA SELATAN , BANYUASIN , BANYUASIN I , PERAJEN 
PALEMBANG, SUMATERA SELATAN , BANYUASIN , TALANG KELAPA , PANGKALAN BENTENG 
PALEMBANG, SUMATERA SELATAN , BANYUASIN , BANYUASIN I , DUREN IJO 
PALEMBANG, SUMATERA SELATAN , BANYUASIN , BETUNG , BUKIT 
PALEMBANG, SUMATERA SELATAN , BANYUASIN , BANYUASIN III , PANGKALAN PANJI 
PALEMBANG, SUMATERA SELATAN , BANYUASIN , RAMBUTAN , RAMBUTAN 
PALEMBANG, SUMATERA SELATAN , BANYUASIN , AIR KUMBANG , NUSA MAKMUR 
PALEMBANG, SUMATERA SELATAN , BANYUASIN , BANYUASIN II , SUNGSANG I 
PALEMBANG, SUMATERA SELATAN , BANYUASIN , BANYUASIN I , TIRTO SARI 
PALEMBANG, SUMATERA SELATAN , BANYUASIN , PULAU RIMAU , TELUK BETUNG 
PALEMBANG, SUMATERA SELATAN , BANYUASIN , BANYUASIN III , PETALING 
PALEMBANG, SUMATERA SELATAN , BANYUASIN , MUARA PADANG , KARANG ANYAR 
PALEMBANG, SUMATERA SELATAN , BANYUASIN , BETUNG , TAJA RAYA I (TALANG JAYA RAYA 1) 
PALEMBANG, SUMATERA SELATAN , BANYUASIN , PULAU RIMAU , RAWA BANDA 
PALEMBANG, SUMATERA SELATAN , BANYUASIN , BANYUASIN II , SUNGSANG II 
PALEMBANG, SUMATERA SELATAN , BANYUASIN , RAMBUTAN , GELEBAK DALAM 
PALEMBANG, SUMATERA SELATAN , BANYUASIN , MUARA PADANG , MARGO MULYO 20 (MARGOMULYO 20) 
PALEMBANG, SUMATERA SELATAN , BANYUASIN , AIR KUMBANG , SEBOKOR 
PALEMBANG, SUMATERA SELATAN , BANYUASIN , BETUNG , TAJA INDAH (TALANG JAYA INDAH) 
PALEMBANG, SUMATERA SELATAN , BANYUASIN , AIR KUMBANG , PANCA DESA 
PALEMBANG, SUMATERA SELATAN , BANYUASIN , MUARA PADANG , SIDO MULYO 18 (SIDOMULYO 18) 
PALEMBANG, SUMATERA SELATAN , LAHAT , MERAPI TIMUR , LEBUAY BANDUNG 
PALEMBANG, SUMATERA SELATAN , MUARA ENIM , BELIMBING , BELIMBING 
PALEMBANG, SUMATERA SELATAN , MUARA ENIM , MUARA ENIM , PASAR II MUARA ENIM (PASAR II) 
PALEMBANG, SUMATERA SELATAN , MUARA ENIM , LAWANG KIDUL , TANJUNG ENIM SELATAN 
PALEMBANG, SUMATERA SELATAN , MUARA ENIM , MUARA ENIM , PASAR I MUARA ENIM (PASAR I) 
PALEMBANG, SUMATERA SELATAN , MUARA ENIM , GELUMBANG , GELUMBANG 
PALEMBANG, SUMATERA SELATAN , MUARA ENIM , LAWANG KIDUL , TEGAL REJO 
PALEMBANG, SUMATERA SELATAN , MUARA ENIM , MUARA ENIM , TANJUNG JATI 
PALEMBANG, SUMATERA SELATAN , MUARA ENIM , LAWANG KIDUL , PASAR TANJUNG ENIM 
PALEMBANG, SUMATERA SELATAN , MUARA ENIM , GELUMBANG , KARANG ENDAH 
PALEMBANG, SUMATERA SELATAN , MUARA ENIM , LAWANG KIDUL , LINGGA 
PALEMBANG, SUMATERA SELATAN , MUARA ENIM , MUARA ENIM , AIR LINTANG 
PALEMBANG, SUMATERA SELATAN , MUARA ENIM , MUARA ENIM , MUARA ENIM 
PALEMBANG, SUMATERA SELATAN , MUARA ENIM , LAWANG KIDUL , TANJUNG ENIM 
PALEMBANG, SUMATERA SELATAN , MUARA ENIM , MUARA ENIM , TUNGKAL 
PALEMBANG, SUMATERA SELATAN , MUARA ENIM , MUARA ENIM , PASAR III MUARA ENIM (PASAR III) 
PALEMBANG, SUMATERA SELATAN , MUARA ENIM , GUNUNG MEGANG , GUNUNG MEGANG DALAM 
PALEMBANG, SUMATERA SELATAN , MUARA ENIM , UJAN MAS , UJAN MAS BARU 
PALEMBANG, SUMATERA SELATAN , MUARA ENIM , LUBAI ULU , PAGAR DEWA 
PALEMBANG, SUMATERA SELATAN , MUARA ENIM , LUBAI , BERINGIN 
PALEMBANG, SUMATERA SELATAN , MUARA ENIM , SEMENDE DARAT LAUT , TANAH ABANG 
PALEMBANG, SUMATERA SELATAN , MUARA ENIM , BELIMBING , DALAM 
PALEMBANG, SUMATERA SELATAN , MUARA ENIM , SUNGAI ROTAN , SUKARAMI 
PALEMBANG, SUMATERA SELATAN , MUARA ENIM , LEMBAK , ALAI 
PALEMBANG, SUMATERA SELATAN , MUARA ENIM , BELIMBING , CINTA KASIH 
PALEMBANG, SUMATERA SELATAN , MUARA ENIM , TANJUNG AGUNG , TANJUNG LALANG 
PALEMBANG, SUMATERA SELATAN , MUARA ENIM , UJAN MAS , UJAN MAS LAMA 
PALEMBANG, SUMATERA SELATAN , MUARA ENIM , RAMBANG , SUMBER RAHAYU 
PALEMBANG, SUMATERA SELATAN , MUARA ENIM , LEMBAK , LEMBAK 
PALEMBANG, SUMATERA SELATAN , MUARA ENIM , MUARA ENIM , LUBUK EMPLAS (LUBUK EMPELAS) 
PALEMBANG, SUMATERA SELATAN , MUARA ENIM , MUARA ENIM , KEPUR 
PALEMBANG, SUMATERA SELATAN , MUARA ENIM , LAWANG KIDUL , KEBAN AGUNG 
PALEMBANG, SUMATERA SELATAN , MUARA ENIM , LUBAI ULU , KARANG AGUNG 
PALEMBANG, SUMATERA SELATAN , MUARA ENIM , GUNUNG MEGANG , PANANG JAYA 
PALEMBANG, SUMATERA SELATAN , MUARA ENIM , MUARA ENIM , MUARA LAWAI 
PALEMBANG, SUMATERA SELATAN , MUARA ENIM , GUNUNG MEGANG , GUNUNG MEGANG LUAR 
PALEMBANG, SUMATERA SELATAN , MUARA ENIM , RAMBANG DANGKU , GUNUNG RAJA 
PALEMBANG, SUMATERA SELATAN , MUARA ENIM , TANJUNG AGUNG , PULAU PANGGUNG 
PALEMBANG, SUMATERA SELATAN , MUARA ENIM , LUBAI ULU , PRABUMENANG 
PALEMBANG, SUMATERA SELATAN , MUARA ENIM , TANJUNG AGUNG , MATAS 
PALEMBANG, SUMATERA SELATAN , MUARA ENIM , GELUMBANG , TALANG TALING 
PALEMBANG, SUMATERA SELATAN , MUARA ENIM , UJAN MAS , MUARA GULA BARU 
PALEMBANG, SUMATERA SELATAN , MUARA ENIM , LUBAI , AIR ASAM (AIR MASAM) 
PALEMBANG, SUMATERA SELATAN , MUARA ENIM , MUARA ENIM , KARANG RAJA 
PALEMBANG, SUMATERA SELATAN , MUSI BANYUASIN , SEKAYU , KAYU ARA (KAYUARA) 
PALEMBANG, SUMATERA SELATAN , MUSI BANYUASIN , SEKAYU , BALAI AGUNG 
PALEMBANG, SUMATERA SELATAN , MUSI BANYUASIN , LAIS , LAIS 
PALEMBANG, SUMATERA SELATAN , MUSI BANYUASIN , SUNGAI LILIN , SUNGAI LILIN 
PALEMBANG, SUMATERA SELATAN , MUSI BANYUASIN , SEKAYU , SERASAN JAYA 
PALEMBANG, SUMATERA SELATAN , MUSI BANYUASIN , SUNGAI LILIN , PINANG BANJAR 
PALEMBANG, SUMATERA SELATAN , MUSI BANYUASIN , BABAT SUPAT , SUKA MAJU 
PALEMBANG, SUMATERA SELATAN , MUSI BANYUASIN , BABAT TOMAN , BABAT 
PALEMBANG, SUMATERA SELATAN , MUSI BANYUASIN , BABAT TOMAN , TOMAN 
PALEMBANG, SUMATERA SELATAN , MUSI BANYUASIN , TUNGKAL JAYA , PENINGGALAN 
PALEMBANG, SUMATERA SELATAN , MUSI BANYUASIN , BATANG HARI LEKO , TANAH ABANG 
PALEMBANG, SUMATERA SELATAN , MUSI BANYUASIN , BABAT TOMAN , MANGUN JAYA 
PALEMBANG, SUMATERA SELATAN , MUSI BANYUASIN , SUNGAI LILIN , SRI GUNUNG (SRIGUNUNG) 
PALEMBANG, SUMATERA SELATAN , MUSI BANYUASIN , SANGA DESA , NGULAK I 
PALEMBANG, SUMATERA SELATAN , MUSI BANYUASIN , KELUANG , KELUANG 
PALEMBANG, SUMATERA SELATAN , MUSI BANYUASIN , SUNGAI KERUH , TEBING BULANG 
PALEMBANG, SUMATERA SELATAN , MUSI BANYUASIN , SANGA DESA , AIR BALUI 
PALEMBANG, SUMATERA SELATAN , MUSI BANYUASIN , LAWANG WETAN , ULAK PACEH JAYA 
PALEMBANG, SUMATERA SELATAN , MUSI BANYUASIN , BABAT SUPAT , TANJUNG KERANG 
PALEMBANG, SUMATERA SELATAN , MUSI BANYUASIN , SUNGAI LILIN , BERLIAN MAKMUR 
PALEMBANG, SUMATERA SELATAN , MUSI BANYUASIN , SEKAYU , LUMPATAN 
PALEMBANG, SUMATERA SELATAN , MUSI BANYUASIN , PLAKAT TINGGI (PELAKAT TINGGI) , AIR PUTIAIR PUTIH ULU 
PALEMBANG, SUMATERA SELATAN , MUSI BANYUASIN , KELUANG , MULYO ASIH 
PALEMBANG, SUMATERA SELATAN , MUSI BANYUASIN , LAWANG WETAN , KARANG RINGIN I 
PALEMBANG, SUMATERA SELATAN , MUSI BANYUASIN , SEKAYU , SUNGAI BATANG 
PALEMBANG, SUMATERA SELATAN , MUSI BANYUASIN , LAWANG WETAN , RANTAU PANJANG 
PALEMBANG, SUMATERA SELATAN , MUSI BANYUASIN , KELUANG , SIDO REJO 
PALEMBANG, SUMATERA SELATAN , MUSI BANYUASIN , TUNGKAL JAYA , SIMPANG TUNGKAL 
PALEMBANG, SUMATERA SELATAN , MUSI BANYUASIN , SUNGAI KERUH , RANTAU SIALANG 
PALEMBANG, SUMATERA SELATAN , MUSI BANYUASIN , KELUANG , DAWAS 
PALEMBANG, SUMATERA SELATAN , MUSI BANYUASIN , SEKAYU , BANDAR JAYA 
PALEMBANG, SUMATERA SELATAN , MUSI BANYUASIN , SUNGAI LILIN , BUMI KENCANA 
PALEMBANG, SUMATERA SELATAN , MUSI BANYUASIN , SEKAYU , MUARA TELADAN 
PALEMBANG, SUMATERA SELATAN , MUSI BANYUASIN , LAIS , EPIL 
PALEMBANG, SUMATERA SELATAN , MUSI BANYUASIN , SUNGAI KERUH , KERTA JAYA 
PALEMBANG, SUMATERA SELATAN , MUSI BANYUASIN , BABAT TOMAN , KASMARAN 
PALEMBANG, SUMATERA SELATAN , MUSI BANYUASIN , SUNGAI LILIN , MEKAR JADI 
PALEMBANG, SUMATERA SELATAN , MUSI BANYUASIN , SEKAYU , BAILANGU 
PALEMBANG, SUMATERA SELATAN , MUSI BANYUASIN , PLAKAT TINGGI (PELAKAT TINGGI) , SIDO RAHAYU (SIDORAHAYU) 
PALEMBANG, SUMATERA SELATAN , MUSI BANYUASIN , SUNGAI LILIN , CINTA DAMAI 
PALEMBANG, SUMATERA SELATAN , MUSI BANYUASIN , BABAT SUPAT , TANJUNG KERANG 
PALEMBANG, SUMATERA SELATAN , OGAN ILIR , INDRALAYA UTARA , PALEM RAYA 
PALEMBANG, SUMATERA SELATAN , OGAN ILIR , INDRALAYA , INDRALAYA MULIA 
PALEMBANG, SUMATERA SELATAN , OGAN ILIR , INDRALAYA UTARA , TIMBANGAN 
PALEMBANG, SUMATERA SELATAN , OGAN ILIR , TANJUNG BATU , TANJUNG BATU TIMUR 
PALEMBANG, SUMATERA SELATAN , OGAN ILIR , INDRALAYA , INDRALAYA RAYA 
PALEMBANG, SUMATERA SELATAN , OGAN ILIR , TANJUNG RAJA , TANJUNG RAJA 
PALEMBANG, SUMATERA SELATAN , OGAN ILIR , SUNGAI PINANG , SERIJABO 
PALEMBANG, SUMATERA SELATAN , OGAN ILIR , RAMBANG KUANG , TANJUNG BULAN 
PALEMBANG, SUMATERA SELATAN , OGAN ILIR , TANJUNG RAJA , SUKA PINDAH 
PALEMBANG, SUMATERA SELATAN , OGAN ILIR , INDRALAYA SELATAN , TEBING GERINTING UTARA 
PALEMBANG, SUMATERA SELATAN , OGAN ILIR , INDRALAYA UTARA , TANJUNG PERING 
PALEMBANG, SUMATERA SELATAN , OGAN ILIR , INDRALAYA , INDRALAYA INDAH 
PALEMBANG, SUMATERA SELATAN , OGAN ILIR , PEMULUTAN , PEGAYUT 
PALEMBANG, SUMATERA SELATAN , OGAN ILIR , INDRALAYA SELATAN , MERANJAT ILIR 
PALEMBANG, SUMATERA SELATAN , OGAN ILIR , INDRALAYA SELATAN , TANJUNG LUBUK 
PALEMBANG, SUMATERA SELATAN , OGAN ILIR , INDRALAYA , TANJUNG SEJARO 
PALEMBANG, SUMATERA SELATAN , OGAN ILIR , INDRALAYA UTARA , PERMATA BARU 
PALEMBANG, SUMATERA SELATAN , OGAN ILIR , TANJUNG BATU , TANJUNG PINANG I 
PALEMBANG, SUMATERA SELATAN , OGAN ILIR , TANJUNG BATU , BANGUN JAYA 
PALEMBANG, SUMATERA SELATAN , OGAN ILIR , PEMULUTAN , BABATAN SAUDAGAR 
PALEMBANG, SUMATERA SELATAN , OGAN ILIR , PEMULUTAN , PIPA PUTIH 
PALEMBANG, SUMATERA SELATAN , OGAN ILIR , PEMULUTAN , PEMULUTAN ULU 
PALEMBANG, SUMATERA SELATAN , OGAN ILIR , INDRALAYA UTARA , PARIT 
PALEMBANG, SUMATERA SELATAN , OGAN ILIR , INDRALAYA , TALANG AUR 
PALEMBANG, SUMATERA SELATAN , OGAN ILIR , SUNGAI PINANG , SUNGAI PINANG II 
PALEMBANG, SUMATERA SELATAN , OGAN ILIR , PEMULUTAN , IBUL BESAR II 
PALEMBANG, SUMATERA SELATAN , OGAN ILIR , TANJUNG BATU , TANJUNG BATU SEBERANG 
PALEMBANG, SUMATERA SELATAN , OGAN ILIR , TANJUNG RAJA , TALANG BALAI BARU II 
PALEMBANG, SUMATERA SELATAN , OGAN ILIR , LUBUK KELIAT , TALANG TENGAH DARAT 
PALEMBANG, SUMATERA SELATAN , OGAN ILIR , INDRALAYA UTARA , SUNGAI RAMBUTAN 
PALEMBANG, SUMATERA SELATAN , OGAN ILIR , PEMULUTAN , PEMULUTAN ILIR 
PALEMBANG, SUMATERA SELATAN , OGAN ILIR , RANTAU PANJANG , SEJANGKO I 
PALEMBANG, SUMATERA SELATAN , OGAN KOMERING ILIR , KAYU AGUNG , MANGUN JAYA 
PALEMBANG, SUMATERA SELATAN , OGAN KOMERING ILIR , KAYU AGUNG , JUA JUA 
PALEMBANG, SUMATERA SELATAN , OGAN KOMERING ILIR , MESUJI , SURYA ADI 
PALEMBANG, SUMATERA SELATAN , OGAN KOMERING ILIR , LEMPUING , TUGUMULYO 
PALEMBANG, SUMATERA SELATAN , OGAN KOMERING ILIR , LEMPUING , BUMI ARJO (BUMIARJO) 
PALEMBANG, SUMATERA SELATAN , OGAN KOMERING ILIR , TANJUNG LUBUK , TANJUNG LUBUK (TANJUNG LUBUK PMD) 
PALEMBANG, SUMATERA SELATAN , OGAN KOMERING ILIR , LEMPUING JAYA , LUBUK SEBERUK 
PALEMBANG, SUMATERA SELATAN , OGAN KOMERING ILIR , LEMPUING JAYA , PURWO ASRI 
PALEMBANG, SUMATERA SELATAN , OGAN KOMERING ILIR , KAYU AGUNG , PAKU 
PALEMBANG, SUMATERA SELATAN , OGAN KOMERING ILIR , SIRAH PULAU PADANG , SERDANG MENANG 
PALEMBANG, SUMATERA SELATAN , OGAN KOMERING ILIR , LEMPUING , BUMIAGUNG 
PALEMBANG, SUMATERA SELATAN , OGAN KOMERING ILIR , LEMPUING , TEBING SULUH 
PALEMBANG, SUMATERA SELATAN , OGAN KOMERING ILIR , KAYU AGUNG , KUTARAJA (KOTA RAYA) 
PALEMBANG, SUMATERA SELATAN , OGAN KOMERING ILIR , TELUK GELAM , TALANG PENGERAN (TALANG PANGERAN) 
PALEMBANG, SUMATERA SELATAN , OGAN KOMERING ILIR , MESUJI RAYA , SUMBU SARI 
PALEMBANG, SUMATERA SELATAN , OGAN KOMERING ILIR , TELUK GELAM , MULYAGUNA (MULYA GUNA) 
PALEMBANG, SUMATERA SELATAN , OGAN KOMERING ILIR , LEMPUING , DABUK REJO 
PALEMBANG, SUMATERA SELATAN , OGAN KOMERING ILIR , LEMPUING , TUGU JAYA 
PALEMBANG, SUMATERA SELATAN , OGAN KOMERING ILIR , PEDAMARAN TIMUR , SUMBER HIDUP 
PALEMBANG, SUMATERA SELATAN , OGAN KOMERING ILIR , PEDAMARAN , MENANG RAYA 
PALEMBANG, SUMATERA SELATAN , OGAN KOMERING ILIR , PANGKALAN LAMPAM , PANGKALAN LAMPAN (PANGKALAN LAMPAM) 
PALEMBANG, SUMATERA SELATAN , OGAN KOMERING ILIR , TULUNG SELAPAN , TULUNG SELAPAN ULU 
PALEMBANG, SUMATERA SELATAN , OGAN KOMERING ILIR , MESUJI , MAKARTI MULYA 
PALEMBANG, SUMATERA SELATAN , OGAN KOMERING ILIR , MESUJI RAYA , KERTAMUKTI (KERTA MUKTI) 
PALEMBANG, SUMATERA SELATAN , OGAN KOMERING ILIR , LEMPUING JAYA , MUARA BURNAI II 
PALEMBANG, SUMATERA SELATAN , OGAN KOMERING ILIR , KAYU AGUNG , CINTARAJA (CINTA RAJA / RAYA) 
PALEMBANG, SUMATERA SELATAN , OGAN KOMERING ILIR , KAYU AGUNG , CELIKAH 
PALEMBANG, SUMATERA SELATAN , OGAN KOMERING ILIR , KAYU AGUNG , SIDAKERSA (SIDAREKSA) 
PALEMBANG, SUMATERA SELATAN , OGAN KOMERING ILIR , MESUJI , PEMATANG PANGGANG 
PALEMBANG, SUMATERA SELATAN , OGAN KOMERING ILIR , MESUJI RAYA , ROTAN MULYA 
PALEMBANG, SUMATERA SELATAN , OGAN KOMERING ILIR , KAYU AGUNG , SERIGENI BARU 
PALEMBANG, SUMATERA SELATAN , OGAN KOMERING ILIR , SUNGAI MENANG , SIDOMULYO 
PALEMBANG, SUMATERA SELATAN , OGAN KOMERING ILIR , PEDAMARAN , PEDAMARAN I 
PALEMBANG, SUMATERA SELATAN , OGAN KOMERING ILIR , MESUJI RAYA , BALIAN MAKMUR 
PALEMBANG, SUMATERA SELATAN , OGAN KOMERING ILIR , SIRAH PULAU PADANG , TERATE 
PALEMBANG, SUMATERA SELATAN , OGAN KOMERING ILIR , LEMPUING , CAHYA BUMI (CAHAYA BUMI) 
PALEMBANG, SUMATERA SELATAN , OGAN KOMERING ILIR , JEJAWI , JEJAWI 
PALEMBANG, SUMATERA SELATAN , OGAN KOMERING ILIR , MESUJI RAYA , MATARAM JAYA 
PALEMBANG, SUMATERA SELATAN , OGAN KOMERING ILIR , SIRAH PULAU PADANG , AWAL TERUSAN 
PALEMBANG, SUMATERA SELATAN , OGAN KOMERING ILIR , SIRAH PULAU PADANG , TERUSAN MENANG 
PALEMBANG, SUMATERA SELATAN , OGAN KOMERING ILIR , PEDAMARAN TIMUR , GADING RAJA (GADING REJO) 
PALEMBANG, SUMATERA SELATAN , OGAN KOMERING ILIR , TELUK GELAM , SERIGUNA 
PALEMBANG, SUMATERA SELATAN , OGAN KOMERING ILIR , TULUNG SELAPAN , TULUNG SELAPAN ILIR 
PALEMBANG, SUMATERA SELATAN , OGAN KOMERING ILIR , JEJAWI , LINGKIS 
PALEMBANG, SUMATERA SELATAN , OGAN KOMERING ILIR , SIRAH PULAU PADANG , BERKAT 
PALEMBANG, SUMATERA SELATAN , OGAN KOMERING ILIR , PEDAMARAN TIMUR , TANJUNG MAKMUR 
PALEMBANG, SUMATERA SELATAN , OGAN KOMERING ILIR , MESUJI RAYA , KEMANG INDAH 
PALEMBANG, SUMATERA SELATAN , OGAN KOMERING ILIR , MESUJI MAKMUR , SURYA KARTA 
PALEMBANG, SUMATERA SELATAN , OGAN KOMERING ILIR , JEJAWI , TALANG CEMPEDAK 
PALEMBANG, SUMATERA SELATAN , OGAN KOMERING ILIR , KAYU AGUNG , SUKADANA 
PALEMBANG, SUMATERA SELATAN , OGAN KOMERING ILIR , KAYU AGUNG , ANYAR 
PALEMBANG, SUMATERA SELATAN , PALEMBANG , ILIR TIMUR I , 20 ILIR D. I (20 ILIR I) 
PALEMBANG, SUMATERA SELATAN , PALEMBANG , SAKO , SUKA MAJU (SUKAMAJU) 
PALEMBANG, SUMATERA SELATAN , PALEMBANG , SEMATANG BORANG , LEBONG/LEBUNG GAJAH 
PALEMBANG, SUMATERA SELATAN , PALEMBANG , ILIR BARAT I , LOROK PAKJO 
PALEMBANG, SUMATERA SELATAN , PALEMBANG , ALANG ALANG LEBAR , ALANG ALANG LEBAR 
PALEMBANG, SUMATERA SELATAN , PALEMBANG , ALANG ALANG LEBAR , TALANG KELAPA 
PALEMBANG, SUMATERA SELATAN , PALEMBANG , SUKARAMI , SUKA BANGUN 
PALEMBANG, SUMATERA SELATAN , PALEMBANG , ILIR BARAT I , BUKIT LAMA 
PALEMBANG, SUMATERA SELATAN , PALEMBANG , SEBERANG ULU I , 1 ULU 
PALEMBANG, SUMATERA SELATAN , PALEMBANG , SEMATANG BORANG , SUKAMULYA (SUKA MULYA) 
PALEMBANG, SUMATERA SELATAN , PALEMBANG , SEMATANG BORANG , SRI MULYA (SRIMULYO) 
PALEMBANG, SUMATERA SELATAN , PALEMBANG , KEMUNING , TALANG AMAN 
PALEMBANG, SUMATERA SELATAN , PALEMBANG , SAKO , SAKO 
PALEMBANG, SUMATERA SELATAN , PALEMBANG , KEMUNING , PIPA REJA 
PALEMBANG, SUMATERA SELATAN , PALEMBANG , SAKO , SIALANG 
PALEMBANG, SUMATERA SELATAN , PALEMBANG , JAKABARING , 8 ULU 
PALEMBANG, SUMATERA SELATAN , PALEMBANG , SUKARAMI , SUKA RAMI (SUKARAMI) 
PALEMBANG, SUMATERA SELATAN , PALEMBANG , KEMUNING , 20 ILIR D II (20 ILIR II) 
PALEMBANG, SUMATERA SELATAN , PALEMBANG , SEBERANG ULU II , 12 ULU 
PALEMBANG, SUMATERA SELATAN , PALEMBANG , SEBERANG ULU I , 3 / 4 ULU (3-4 ULU) 
PALEMBANG, SUMATERA SELATAN , PALEMBANG , SEBERANG ULU I , 7 ULU 
PALEMBANG, SUMATERA SELATAN , PALEMBANG , SEBERANG ULU II , 11 ULU 
PALEMBANG, SUMATERA SELATAN , PALEMBANG , PLAJU , BAGUS KUNING 
PALEMBANG, SUMATERA SELATAN , PALEMBANG , ILIR TIMUR TIGA , 8 ILIR 
PALEMBANG, SUMATERA SELATAN , PALEMBANG , KALIDONI , SEI SELAYUR 
PALEMBANG, SUMATERA SELATAN , PALEMBANG , KEMUNING , SEKIP JAYA 
PALEMBANG, SUMATERA SELATAN , PALEMBANG , ILIR TIMUR I , 20 ILIR D. III (20 ILIR III) 
PALEMBANG, SUMATERA SELATAN , PALEMBANG , BUKIT KECIL , TALANG SEMUT 
PALEMBANG, SUMATERA SELATAN , PALEMBANG , JAKABARING , 15 ULU 
PALEMBANG, SUMATERA SELATAN , PALEMBANG , PLAJU , PLAJU ULU 
PALEMBANG, SUMATERA SELATAN , PALEMBANG , SUKARAMI , KEBUN BUNGA 
PALEMBANG, SUMATERA SELATAN , PALEMBANG , ILIR TIMUR TIGA , 9 ILIR 
PALEMBANG, SUMATERA SELATAN , PALEMBANG , ILIR TIMUR II , 2 ILIR 
PALEMBANG, SUMATERA SELATAN , PALEMBANG , ILIR BARAT I , BUKIT BARU 
PALEMBANG, SUMATERA SELATAN , PALEMBANG , PLAJU , TALANG PUTRI 
PALEMBANG, SUMATERA SELATAN , PALEMBANG , KERTAPATI , KEMAS RINDO 
PALEMBANG, SUMATERA SELATAN , PALEMBANG , BUKIT KECIL , 24 ILIR 
PALEMBANG, SUMATERA SELATAN , PALEMBANG , ILIR TIMUR II , LAWANG KIDUL 
PALEMBANG, SUMATERA SELATAN , PALEMBANG , SEBERANG ULU II , 16 ULU 
PALEMBANG, SUMATERA SELATAN , PALEMBANG , ILIR BARAT II , 30 ILIR 
PALEMBANG, SUMATERA SELATAN , PALEMBANG , ILIR BARAT I , DEMANG LEBAR DAUN 
PALEMBANG, SUMATERA SELATAN , PALEMBANG , ILIR TIMUR II , 3 ILIR 
PALEMBANG, SUMATERA SELATAN , PALEMBANG , KALIDONI , KALIDONI 
PALEMBANG, SUMATERA SELATAN , PALEMBANG , ALANG ALANG LEBAR , KARYA BARU 
PALEMBANG, SUMATERA SELATAN , PALEMBANG , SEBERANG ULU II , 14 ULU 
PALEMBANG, SUMATERA SELATAN , PALEMBANG , GANDUS , GANDUS 
PALEMBANG, SUMATERA SELATAN , PALEMBANG , ILIR TIMUR I , 18 ILIR 
PALEMBANG, SUMATERA SELATAN , PALEMBANG , ILIR TIMUR TIGA , DUKU 
PALEMBANG, SUMATERA SELATAN , PALEMBANG , BUKIT KECIL , 19 ILIR 
PALEMBANG, SUMATERA SELATAN , PALEMBANG , ILIR TIMUR TIGA , KUTO BATU 
PALEMBANG, SUMATERA SELATAN , PALEMBANG , ILIR TIMUR I , 15 ILIR 
PALEMBANG, SUMATERA SELATAN , PALEMBANG , ILIR TIMUR I , 17 ILIR 
PALEMBANG, SUMATERA SELATAN , PALEMBANG , ALANG ALANG LEBAR , SRI JAYA (SRIJAYA) 
PALEMBANG, SUMATERA SELATAN , PALEMBANG , JAKABARING , 9-10 ULU 
PALEMBANG, SUMATERA SELATAN , PALEMBANG , ILIR TIMUR I , SUNGAI PANGERAN (SEI PANGERAN) 
PALEMBANG, SUMATERA SELATAN , PALEMBANG , BUKIT KECIL , 22 ILIR 
PALEMBANG, SUMATERA SELATAN , PALEMBANG , SEBERANG ULU II , 13 ULU 
PALEMBANG, SUMATERA SELATAN , PALEMBANG , KALIDONI , BUKIT SANGKAL 
PALEMBANG, SUMATERA SELATAN , PALEMBANG , ILIR TIMUR II , SEI BUAH (SUNGAI BUAH) 
PALEMBANG, SUMATERA SELATAN , PALEMBANG , KEMUNING , ARIO KEMUNING 
PALEMBANG, SUMATERA SELATAN , PALEMBANG , ILIR BARAT II , 29 ILIR 
PALEMBANG, SUMATERA SELATAN , PALEMBANG , JAKABARING , TUAN KENTANG 
PALEMBANG, SUMATERA SELATAN , PALEMBANG , SUKARAMI , SUKAJAYA 
PALEMBANG, SUMATERA SELATAN , PALEMBANG , ILIR BARAT II , 27 ILIR 
PALEMBANG, SUMATERA SELATAN , PALEMBANG , SEBERANG ULU II , TANGGA TAKAT 
PALEMBANG, SUMATERA SELATAN , PALEMBANG , ILIR TIMUR I , 13 ILIR 
PALEMBANG, SUMATERA SELATAN , PALEMBANG , SEBERANG ULU I , 5 ULU 
PALEMBANG, SUMATERA SELATAN , PALEMBANG , BUKIT KECIL , 26 ILIR 
PALEMBANG, SUMATERA SELATAN , PALEMBANG , ILIR BARAT I , SIRING AGUNG 
PALEMBANG, SUMATERA SELATAN , PALEMBANG , ILIR TIMUR II , 5 ILIR 
PALEMBANG, SUMATERA SELATAN , PALEMBANG , ILIR BARAT II , KEMANG MANIS 
PALEMBANG, SUMATERA SELATAN , PALEMBANG , KERTAPATI , KARYA JAYA 
PALEMBANG, SUMATERA SELATAN , PALEMBANG , SUKARAMI , TALANG BETUTU 
PALEMBANG, SUMATERA SELATAN , PALEMBANG , SAKO , SAKO BARU 
PALEMBANG, SUMATERA SELATAN , PALEMBANG , KALIDONI , SEI LAIS 
PALEMBANG, SUMATERA SELATAN , PALEMBANG , KERTAPATI , KEMANG AGUNG 
PALEMBANG, SUMATERA SELATAN , PALEMBANG , PLAJU , PLAJU DARAT 
PALEMBANG, SUMATERA SELATAN , PALEMBANG , SUKARAMI , SUKODADI 
PALEMBANG, SUMATERA SELATAN , PALEMBANG , KERTAPATI , KERTAPATI 
PALEMBANG, SUMATERA SELATAN , PALEMBANG , SUKARAMI , JAMBE (TALANG JAMBE) 
PALEMBANG, SUMATERA SELATAN , PALEMBANG , GANDUS , KARANG ANYAR 
PALEMBANG, SUMATERA SELATAN , PALEMBANG , ILIR TIMUR I , 20 ILIR D IV (20 ILIR IV) 
PALEMBANG, SUMATERA SELATAN , PALEMBANG , SEMATANG BORANG , KARYA MULIA (KARYA MULYA) 
PALEMBANG, SUMATERA SELATAN , PALEMBANG , ILIR BARAT I , 26 ILIR D. I 
PALEMBANG, SUMATERA SELATAN , PALEMBANG , GANDUS , 36 ILIR 
PALEMBANG, SUMATERA SELATAN , PALEMBANG , JAKABARING , SILABERANTI 
PALEMBANG, SUMATERA SELATAN , PALEMBANG , KERTAPATI , OGAN BARU 
PALEMBANG, SUMATERA SELATAN , PALEMBANG , SEBERANG ULU II , SENTOSA 
PALEMBANG, SUMATERA SELATAN , PALEMBANG , KALIDONI , SEI SELINCAH 
PALEMBANG, SUMATERA SELATAN , PALEMBANG , KEMUNING , PAHLAWAN 
PALEMBANG, SUMATERA SELATAN , PALEMBANG , ILIR BARAT II , 32 ILIR 
PALEMBANG, SUMATERA SELATAN , PALEMBANG , GANDUS , PULO KERTO 
PALEMBANG, SUMATERA SELATAN , PALEMBANG , KERTAPATI , KERAMASAN 
PALEMBANG, SUMATERA SELATAN , PALEMBANG , GANDUS , KARANG JAYA 
PALEMBANG, SUMATERA SELATAN , PALEMBANG , PLAJU , PLAJU ILIR 
PALEMBANG, SUMATERA SELATAN , PENUKAL ABAB LEMATANG ILIR , ABAB , BETUNG BARAT 
PALEMBANG, SUMATERA SELATAN , PENUKAL ABAB LEMATANG ILIR , PENUKAL , BABAT 
PALEMBANG, SUMATERA SELATAN , PENUKAL ABAB LEMATANG ILIR , TANAH ABANG , BUMI AYU 
PALEMBANG, SUMATERA SELATAN , PENUKAL ABAB LEMATANG ILIR , TALANG UBI , TALANG UBI TIMUR 
PALEMBANG, SUMATERA SELATAN , PENUKAL ABAB LEMATANG ILIR , TALANG UBI , TALANG BULANG 
PALEMBANG, SUMATERA SELATAN , PENUKAL ABAB LEMATANG ILIR , TANAH ABANG , TANAH ABANG SELATAN 
PALEMBANG, SUMATERA SELATAN , PENUKAL ABAB LEMATANG ILIR , TALANG UBI , TALANG UBI BARAT 
PALEMBANG, SUMATERA SELATAN , PENUKAL ABAB LEMATANG ILIR , TALANG UBI , PASAR BHAYANGKARA 
PALEMBANG, SUMATERA SELATAN , PENUKAL ABAB LEMATANG ILIR , PENUKAL UTARA , TEMPIRAI 
PALEMBANG, SUMATERA SELATAN , PENUKAL ABAB LEMATANG ILIR , PENUKAL , AIR ITAM 
PALEMBANG, SUMATERA SELATAN , PENUKAL ABAB LEMATANG ILIR , TANAH ABANG , RAJA 
PALEMBANG, SUMATERA SELATAN , PENUKAL ABAB LEMATANG ILIR , TALANG UBI , TALANG UBI SELATAN 
PALEMBANG, SUMATERA SELATAN , PENUKAL ABAB LEMATANG ILIR , ABAB , KARANG AGUNG 
PALEMBANG, SUMATERA SELATAN , PENUKAL ABAB LEMATANG ILIR , TALANG UBI , SIMPANG TAIS 
PALEMBANG, SUMATERA SELATAN , PENUKAL ABAB LEMATANG ILIR , ABAB , PENGABUAN 
PALEMBANG, SUMATERA SELATAN , PRABUMULIH , PRABUMULIH TIMUR , GUNUNG IBUL BARAT 
PALEMBANG, SUMATERA SELATAN , PRABUMULIH , PRABUMULIH BARAT , PRABUMULIH 
PALEMBANG, SUMATERA SELATAN , PRABUMULIH , PRABUMULIH UTARA , MANGGA BESAR 
PALEMBANG, SUMATERA SELATAN , PRABUMULIH , PRABUMULIH TIMUR , GUNUNG IBUL 
PALEMBANG, SUMATERA SELATAN , PRABUMULIH , PRABUMULIH UTARA , PASAR PRABUMULIH I (PASAR PRABUMULIH) 
PALEMBANG, SUMATERA SELATAN , PRABUMULIH , PRABUMULIH TIMUR , MUARA DUA 
PALEMBANG, SUMATERA SELATAN , PRABUMULIH , PRABUMULIH TIMUR , TUGU KECIL 
PALEMBANG, SUMATERA SELATAN , PRABUMULIH , CAMBAI , PANGKUL 
PALEMBANG, SUMATERA SELATAN , PRABUMULIH , PRABUMULIH TIMUR , SUKAJADI 
PALEMBANG, SUMATERA SELATAN , PRABUMULIH , CAMBAI , SUNGAI MEDANG 
PALEMBANG, SUMATERA SELATAN , PRABUMULIH , PRABUMULIH TIMUR , KARANG JAYA 
PALEMBANG, SUMATERA SELATAN , PRABUMULIH , PRABUMULIH UTARA , WONOSARI 
PALEMBANG, SUMATERA SELATAN , PRABUMULIH , PRABUMULIH SELATAN , SUKARAJA 
PALEMBANG, SUMATERA SELATAN , PRABUMULIH , PRABUMULIH BARAT , PATIH GALUNG 
PALEMBANG, SUMATERA SELATAN , PRABUMULIH , PRABUMULIH SELATAN , MAJASARI 
PALEMBANG, SUMATERA SELATAN , PRABUMULIH , PRABUMULIH SELATAN , TANJUNG RAMAN 
PALEMBANG, SUMATERA SELATAN , PRABUMULIH , CAMBAI , CAMBAI 
PALEMBANG, SUMATERA SELATAN , PRABUMULIH , PRABUMULIH BARAT , MUNTANG TAPUS 
PALEMBANG, SUMATERA SELATAN , PRABUMULIH , RAMBANG KAPAK TENGAH , KARANGAN 
MEDAN, ACEH (NAD) , ACEH SELATAN , TAPAK TUAN , GAMPONG LHOK BANGKUANG 
MEDAN, ACEH (NAD) , ACEH SELATAN , TAPAKTUAN (TAPAK TUAN) , HILIR 
MEDAN, ACEH (NAD) , ACEH SELATAN , LABUHAN HAJI BARAT , PEULOKAN 
MEDAN, ACEH (NAD) , ACEH SELATAN , KLUET UTARA , SIMPANG EMPAT 
MEDAN, ACEH (NAD) , ACEH SINGKIL , GUNUNG MERIAH (MARIAH) , RIMO 
MEDAN, ACEH (NAD) , ACEH SINGKIL , SIMPANG KANAN , LIPAT KAJANG 
MEDAN, ACEH (NAD) , ACEH SINGKIL , GUNUNG MERIAH (MARIAH) , GUNUNG LAGAN 
MEDAN, ACEH (NAD) , ACEH SINGKIL , SINGKIL , PULO SAROK 
MEDAN, ACEH (NAD) , ACEH SINGKIL , GUNUNG MERIAH (MARIAH) , BUKIT HARAPAN 
MEDAN, SUMATERA UTARA , ASAHAN , KOTA KISARAN BARAT , KISARAN BARU 
MEDAN, SUMATERA UTARA , ASAHAN , AEK KUASAN , AEK LOBA 
MEDAN, SUMATERA UTARA , ASAHAN , AEK LEDONG , LEDONG TIMUR 
MEDAN, SUMATERA UTARA , ASAHAN , AIR BATU , SEI/SUNGAI ALIM ULU 
MEDAN, SUMATERA UTARA , ASAHAN , AIR BATU , HESSA PERLOMPONGAN 
MEDAN, SUMATERA UTARA , ASAHAN , AIR JOMAN , BINJAI SERBANGAN 
MEDAN, SUMATERA UTARA , ASAHAN , SIMPANG EMPAT , SIMPANG EMPAT 
MEDAN, SUMATERA UTARA , ASAHAN , KOTA KISARAN BARAT , KISARAN BARAT 
MEDAN, SUMATERA UTARA , ASAHAN , KOTA KISARAN BARAT , TEGAL SARI 
MEDAN, SUMATERA UTARA , ASAHAN , KOTA KISARAN BARAT , SEI RENGGAS 
MEDAN, SUMATERA UTARA , ASAHAN , SEI DADAP , TANJUNG ALAM 
MEDAN, SUMATERA UTARA , ASAHAN , BUNTU PANE , SEI SILAU TIMUR 
MEDAN, SUMATERA UTARA , ASAHAN , MERANTI , MERANTI 
MEDAN, SUMATERA UTARA , ASAHAN , RAHUNING , RAHUNING 
MEDAN, SUMATERA UTARA , ASAHAN , KOTA KISARAN TIMUR , SENTANG 
MEDAN, SUMATERA UTARA , ASAHAN , PULAU RAKYAT , PULAU RAKYAT TUA 
MEDAN, SUMATERA UTARA , ASAHAN , KOTA KISARAN TIMUR , KISARAN NAGA 
MEDAN, SUMATERA UTARA , ASAHAN , KOTA KISARAN BARAT , SIDOMUKTI 
MEDAN, SUMATERA UTARA , ASAHAN , KOTA KISARAN BARAT , BUNUT BARAT 
MEDAN, SUMATERA UTARA , ASAHAN , BANDAR PASIR MANDOGE , BANDAR PASIR MANDOGE 
MEDAN, SUMATERA UTARA , ASAHAN , AEK SONGSONGAN , AEK SONGSONGAN 
MEDAN, SUMATERA UTARA , ASAHAN , KOTA KISARAN BARAT , SENDANG SARI 
MEDAN, SUMATERA UTARA , ASAHAN , KOTA KISARAN TIMUR , SIUMBUT BARU 
MEDAN, SUMATERA UTARA , ASAHAN , SEI KEPAYANG , SEI KEPAYANG TENGAH 
MEDAN, SUMATERA UTARA , ASAHAN , KOTA KISARAN TIMUR , MUTIARA 
MEDAN, SUMATERA UTARA , BATU BARA , TANJUNG TIRAM , SUKA MAJU 
MEDAN, SUMATERA UTARA , BATU BARA , LIMA PULUH (LIMAPULUH) , LIMA PULUH KOTA 
MEDAN, SUMATERA UTARA , BATU BARA , SEI BALAI , PERKEBUNAN SEI BEJANGKAR 
MEDAN, SUMATERA UTARA , BATU BARA , AIR PUTIH , INDRASAKTI 
MEDAN, SUMATERA UTARA , BATU BARA , LIMA PULUH (LIMAPULUH) , SIMPANG DOLOK 
MEDAN, SUMATERA UTARA , BATU BARA , MEDANG DERAS , PAKAM RAYA 
MEDAN, SUMATERA UTARA , BATU BARA , SEI BALAI , SEI BALAI 
MEDAN, SUMATERA UTARA , BATU BARA , TANJUNG TIRAM , TANJUNGTIRAM 
MEDAN, SUMATERA UTARA , BATU BARA , SEI SUKA , SEI SUKA DERAS 
MEDAN, SUMATERA UTARA , BATU BARA , TALAWI , PAHANG 
MEDAN, SUMATERA UTARA , BATU BARA , SEI SUKA , KWALA/KUALA TANJUNG 
MEDAN, SUMATERA UTARA , DAIRI , SIDIKALANG , SIDIKALANG (SIDIKALANG KOTA) 
MEDAN, SUMATERA UTARA , DAIRI , SIDIKALANG , BATANG BERUH 
MEDAN, SUMATERA UTARA , DAIRI , SUMBUL , PAGAGAN JULU I (PEGAGAN JULU I) 
MEDAN, SUMATERA UTARA , DAIRI , SIDIKALANG , SIDIKALANG 
MEDAN, SUMATERA UTARA , DAIRI , TIGALINGGA (TIGA LINGGA) , TIGALINGGA (TIGA LINGGA) 
MEDAN, SUMATERA UTARA , DAIRI , SITINJO , SITINJO II 
MEDAN, SUMATERA UTARA , DAIRI , SIDIKALANG , HUTA RAKYAT (HUTA RAKJAT) 
MEDAN, SUMATERA UTARA , DAIRI , PARBULUAN , PARBULUAN IV 
MEDAN, SUMATERA UTARA , DAIRI , SITINJO , SITINJO 
MEDAN, SUMATERA UTARA , DAIRI , SUMBUL , PAGAGAN JULU VI (PEGAGAN JULU VI) 
MEDAN, SUMATERA UTARA , DAIRI , SILIMA PUNGGA PUNGGA , PARONGIL 
MEDAN, SUMATERA UTARA , DAIRI , SITINJO , PANJI DABUTAR (BAKO) 
MEDAN, SUMATERA UTARA , DAIRI , SIDIKALANG , KUTA GAMBIR 
MEDAN, SUMATERA UTARA , DELI SERDANG , TANJUNG MORAWA , LIMAU MANIS 
MEDAN, SUMATERA UTARA , DELI SERDANG , PATUMBAK , MARENDAL I (MARINDAL SATU) 
MEDAN, SUMATERA UTARA , DELI SERDANG , LUBUK PAKAM , LUBUK PAKAM I-II 
MEDAN, SUMATERA UTARA , DELI SERDANG , TANJUNG MORAWA , TANJUNG MORAWA B 
MEDAN, SUMATERA UTARA , DELI SERDANG , DELI TUA , DELI TUA 
MEDAN, SUMATERA UTARA , DELI SERDANG , BATANG KUIS , TANJUNG SARI 
MEDAN, SUMATERA UTARA , DELI SERDANG , PERCUT SEI TUAN , LAUT DENDANG 
MEDAN, SUMATERA UTARA , DELI SERDANG , PERCUT SEI TUAN , BANDAR KHALIPAH (BANDAR KHALIFAH / KLIPPA) 
MEDAN, SUMATERA UTARA , DELI SERDANG , LUBUK PAKAM , LUBUK PAKAM PEKAN 
MEDAN, SUMATERA UTARA , DELI SERDANG , SIBOLANGIT , BANDAR BARU 
MEDAN, SUMATERA UTARA , DELI SERDANG , BATANG KUIS , BATANGKUIS PEKAN (BATANG KUIS PEKAN) 
MEDAN, SUMATERA UTARA , DELI SERDANG , PERCUT SEI TUAN , MEDAN ESTATE 
MEDAN, SUMATERA UTARA , DELI SERDANG , TANJUNG MORAWA , BANGUN SARI 
MEDAN, SUMATERA UTARA , DELI SERDANG , TANJUNG MORAWA , BUNTU BADIMBAR (BEDIMBAR) 
MEDAN, SUMATERA UTARA , DELI SERDANG , BERINGIN , SERDANG 
MEDAN, SUMATERA UTARA , DELI SERDANG , PERCUT SEI TUAN , SAMPALI 
MEDAN, SUMATERA UTARA , DELI SERDANG , PERCUT SEI TUAN , SAENTIS 
MEDAN, SUMATERA UTARA , DELI SERDANG , PATUMBAK , PATUMBAK KAMPUNG 
MEDAN, SUMATERA UTARA , DELI SERDANG , PERCUT SEI TUAN , SEI ROTAN 
MEDAN, SUMATERA UTARA , DELI SERDANG , PATUMBAK , LANTASAN BARU 
MEDAN, SUMATERA UTARA , DELI SERDANG , BATANG KUIS , SENA 
MEDAN, SUMATERA UTARA , DELI SERDANG , DELI TUA , MEKAR SARI 
MEDAN, SUMATERA UTARA , DELI SERDANG , GALANG , PETUMBUKAN 
MEDAN, SUMATERA UTARA , DELI SERDANG , TANJUNG MORAWA , TELAGA SARI 
MEDAN, SUMATERA UTARA , DELI SERDANG , PATUMBAK , PATUMBAK I (PATUMBAK SATU) 
MEDAN, SUMATERA UTARA , DELI SERDANG , SIBIRU-BIRU (BIRU-BIRU) , SIDOMULYO 
MEDAN, SUMATERA UTARA , DELI SERDANG , GALANG , GALANG SUKA 
MEDAN, SUMATERA UTARA , DELI SERDANG , TANJUNG MORAWA , TANJUNG MORAWA A 
MEDAN, SUMATERA UTARA , DELI SERDANG , PANTAI LABU , PANTAI LABU PEKAN 
MEDAN, SUMATERA UTARA , DELI SERDANG , LUBUK PAKAM , CEMARA 
MEDAN, SUMATERA UTARA , DELI SERDANG , SIBOLANGIT , SUKA MAKMUR 
MEDAN, SUMATERA UTARA , DELI SERDANG , PERCUT SEI TUAN , BANDAR SETIA 
MEDAN, SUMATERA UTARA , DELI SERDANG , NAMORAMBE (NAMO RAMBE) , DELI TUA 
MEDAN, SUMATERA UTARA , DELI SERDANG , PERCUT SEI TUAN , CINTA RAKYAT 
MEDAN, SUMATERA UTARA , DELI SERDANG , TANJUNG MORAWA , BANDAR LABUHAN 
MEDAN, SUMATERA UTARA , DELI SERDANG , DELI TUA , SUKA MAKMUR 
MEDAN, SUMATERA UTARA , DELI SERDANG , PAGAR MERBAU , TANJUNG MULIA 
MEDAN, SUMATERA UTARA , DELI SERDANG , LUBUK PAKAM , LUBUK PAKAM III (LUBUK PAKAM TIGA) 
MEDAN, SUMATERA UTARA , DELI SERDANG , DELI TUA , KEDAI DURIAN 
MEDAN, SUMATERA UTARA , DELI SERDANG , LUBUK PAKAM , BAKARAN BATU 
MEDAN, SUMATERA UTARA , DELI SERDANG , PERCUT SEI TUAN , TEMBUNG 
MEDAN, SUMATERA UTARA , DELI SERDANG , TANJUNG MORAWA , DAGANG KRAWAN (KERAWAN) 
MEDAN, SUMATERA UTARA , DELI SERDANG , TANJUNG MORAWA , WONOSARI (WONO SARI) 
MEDAN, SUMATERA UTARA , DELI SERDANG , BERINGIN , SIDODADI RAMONIA (RAMUNIA) 
MEDAN, SUMATERA UTARA , DELI SERDANG , NAMORAMBE (NAMO RAMBE) , BATU PENJEMURAN 
MEDAN, SUMATERA UTARA , DELI SERDANG , PANCUR BATU , DORIN TONGGAL (DURIN TUNGGAL) 
MEDAN, SUMATERA UTARA , DELI SERDANG , LUBUK PAKAM , SEKIP 
MEDAN, SUMATERA UTARA , DELI SERDANG , PERCUT SEI TUAN , KENANGAN BARU 
MEDAN, SUMATERA UTARA , DELI SERDANG , SIBIRU-BIRU (BIRU-BIRU) , AJI BAHO 
MEDAN, SUMATERA UTARA , DELI SERDANG , BATANG KUIS , TUMPATAN NIBUNG 
MEDAN, SUMATERA UTARA , DELI SERDANG , GALANG , TANJUNG SIPORKIS 
MEDAN, SUMATERA UTARA , DELI SERDANG , BANGUN PURBA , BANGUN PURBA 
MEDAN, SUMATERA UTARA , DELI SERDANG , PERCUT SEI TUAN , BANDAR KLIPPA (BANDAR KHALIPAH KEBON) 
MEDAN, SUMATERA UTARA , DELI SERDANG , TANJUNG MORAWA , PERDAMEAN (PERDAMAIAN) 
MEDAN, SUMATERA UTARA , DELI SERDANG , BATANG KUIS , BAKARAN BATU 
MEDAN, SUMATERA UTARA , DELI SERDANG , TANJUNG MORAWA , PENARA KEBON/KEBUN 
MEDAN, SUMATERA UTARA , DELI SERDANG , LUBUK PAKAM , TANJUNG GARBUS I (TANJUNG GARBUS) 
MEDAN, SUMATERA UTARA , DELI SERDANG , PATUMBAK , LANTASAN LAMA 
MEDAN, SUMATERA UTARA , DELI SERDANG , PATUMBAK , SIGARA GARA 
MEDAN, SUMATERA UTARA , DELI SERDANG , NAMORAMBE (NAMO RAMBE) , NAMO MBARAO (MBARU) 
MEDAN, SUMATERA UTARA , DELI SERDANG , PERCUT SEI TUAN , AMPLAS 
MEDAN, SUMATERA UTARA , DELI SERDANG , GALANG , SEI PUTIH 
MEDAN, SUMATERA UTARA , DELI SERDANG , NAMORAMBE (NAMO RAMBE) , KWALA SIMEME (KUALA SIMEME) 
MEDAN, SUMATERA UTARA , DELI SERDANG , SIBOLANGIT , SEMBAHE 
MEDAN, SUMATERA UTARA , HUMBANG HASUNDUTAN , DOLOK SANGGUL , DOLOK SANGGUL (PASAR DOLOK SANGGUL) 
MEDAN, SUMATERA UTARA , HUMBANG HASUNDUTAN , DOLOK SANGGUL , PASARIBU 
MEDAN, SUMATERA UTARA , HUMBANG HASUNDUTAN , PAKKAT , PAKKAT HAUAGONG 
MEDAN, SUMATERA UTARA , HUMBANG HASUNDUTAN , LINTONG NIHUTA , SITOLU BAHAL 
MEDAN, SUMATERA UTARA , KARO , TIGA PANAH , TIGAPANAH 
MEDAN, SUMATERA UTARA , KARO , MEREK , DOKAN 
MEDAN, SUMATERA UTARA , KARO , MEREK , MEREK 
MEDAN, SUMATERA UTARA , KARO , MEREK , REGAJI 
MEDAN, SUMATERA UTARA , KARO , TIGAPANAH (TIGA PANAH) , SUKADAME 
MEDAN, SUMATERA UTARA , KARO , BRASTAGI (BERASTAGI) , RAYA 
MEDAN, SUMATERA UTARA , KARO , BRASTAGI (BERASTAGI) , GURUSINGA 
MEDAN, SUMATERA UTARA , KARO , BARUSJAHE (BARUS JAHE) , BARUSJAHE (BARUS JAHE) 
MEDAN, SUMATERA UTARA , LABUHANBATU UTARA , NA IX-X , KAMPUNG PAJAK 
MEDAN, SUMATERA UTARA , LABUHANBATU UTARA , NA IX-X , SIMPANG MARBAU 
MEDAN, SUMATERA UTARA , LABUHANBATU UTARA , NA IX-X , AEK KOTA BATU 
MEDAN, SUMATERA UTARA , LABUHANBATU UTARA , KUALUH HULU , AEK KANOPAN 
MEDAN, SUMATERA UTARA , LABUHANBATU UTARA , KUALUH SELATAN , DAMULI KEBUN (PERKEBUNAN DAMULI) 
MEDAN, SUMATERA UTARA , LABUHANBATU UTARA , NA IX-X , SUNGAI RAJA 
MEDAN, SUMATERA UTARA , LABUHANBATU UTARA , MARBAU , MARBAU 
MEDAN, SUMATERA UTARA , LABUHANBATU UTARA , KUALUH HULU , AEK KANOPAN TIMUR 
MEDAN, SUMATERA UTARA , LABUHANBATU UTARA , KUALUH SELATAN , DAMULI PEKAN 
MEDAN, SUMATERA UTARA , LABUHANBATU UTARA , NA IX-X , PULO JANTAN 
MEDAN, SUMATERA UTARA , LABUHANBATU UTARA , KUALUH HULU , LONDUT (PERKEBUNAN LONDUT) 
MEDAN, SUMATERA UTARA , LABUHANBATU UTARA , KUALUH LEIDONG , PANGKALAN LUNANG 
MEDAN, SUMATERA UTARA , MEDAN , MEDAN MAIMUN , KAMPUNG BARU 
MEDAN, SUMATERA UTARA , MEDAN , MEDAN AREA , PASAR MERAH TIMUR 
MEDAN, SUMATERA UTARA , MEDAN , MEDAN PERJUANGAN , PANDAU HILIR 
MEDAN, SUMATERA UTARA , MEDAN , MEDAN AMPLAS , TIMBANG DELI 
MEDAN, SUMATERA UTARA , MEDAN , MEDAN JOHOR , GEDUNG JOHOR 
MEDAN, SUMATERA UTARA , MEDAN , MEDAN AMPLAS , SITIREJO III 
MEDAN, SUMATERA UTARA , MEDAN , MEDAN DENAI , DENAI 
MEDAN, SUMATERA UTARA , MEDAN , MEDAN DENAI , BINJAI 
MEDAN, SUMATERA UTARA , MEDAN , MEDAN JOHOR , PANGKALAN MANSUR (PANGKALAN MASYHUR) 
MEDAN, SUMATERA UTARA , MEDAN , MEDAN TEMBUNG , BANDAR SELAMAT 
MEDAN, SUMATERA UTARA , MEDAN , MEDAN KOTA , KOTAMATSUM III (KOTA MATSUM III) 
MEDAN, SUMATERA UTARA , MEDAN , MEDAN MAIMUN , SEI MATI 
MEDAN, SUMATERA UTARA , MEDAN , MEDAN DENAI , TEGAL SARI MANDALA II 
MEDAN, SUMATERA UTARA , MEDAN , MEDAN AMPLAS , HARJOSARI II 
MEDAN, SUMATERA UTARA , MEDAN , MEDAN TEMBUNG , BANTAN TIMUR 
MEDAN, SUMATERA UTARA , MEDAN , MEDAN JOHOR , TITI KUNING 
MEDAN, SUMATERA UTARA , MEDAN , MEDAN KOTA , SUDIREJO II (SUDI REJO II) 
MEDAN, SUMATERA UTARA , MEDAN , MEDAN KOTA , PANDAU HULU I 
MEDAN, SUMATERA UTARA , MEDAN , MEDAN JOHOR , KWALA BEKALA 
MEDAN, SUMATERA UTARA , MEDAN , MEDAN DENAI , TEGAL SARI MANDALA III 
MEDAN, SUMATERA UTARA , MEDAN , MEDAN TEMBUNG , SIDOREJO 
MEDAN, SUMATERA UTARA , MEDAN , MEDAN KOTA , SUDIREJO (SUDI REJO I) 
MEDAN, SUMATERA UTARA , MEDAN , MEDAN TEMBUNG , BANTAN 
MEDAN, SUMATERA UTARA , MEDAN , MEDAN AREA , SUKARAMAI II 
MEDAN, SUMATERA UTARA , MEDAN , MEDAN KOTA , TELADAN BARAT 
MEDAN, SUMATERA UTARA , MEDAN , MEDAN POLONIA , POLONIA 
MEDAN, SUMATERA UTARA , MEDAN , MEDAN DENAI , TEGAL SARI MANDALA I 
MEDAN, SUMATERA UTARA , MEDAN , MEDAN MAIMUN , AUR 
MEDAN, SUMATERA UTARA , MEDAN , MEDAN AREA , SEI RENGAS PERMATA 
MEDAN, SUMATERA UTARA , MEDAN , MEDAN KOTA , SITIREJO I (SITI REJO I) 
MEDAN, SUMATERA UTARA , MEDAN , MEDAN KOTA , MESJID 
MEDAN, SUMATERA UTARA , MEDAN , MEDAN AMPLAS , AMPLAS 
MEDAN, SUMATERA UTARA , MEDAN , MEDAN MAIMUN , HAMDAN 
MEDAN, SUMATERA UTARA , MEDAN , MEDAN AREA , KOTA MATSUM IV 
MEDAN, SUMATERA UTARA , MEDAN , MEDAN JOHOR , SUKA MAJU 
MEDAN, SUMATERA UTARA , MEDAN , MEDAN AMPLAS , HARJOSARI I 
MEDAN, SUMATERA UTARA , MEDAN , MEDAN TEMBUNG , TEMBUNG 
MEDAN, SUMATERA UTARA , MEDAN , MEDAN POLONIA , SUKA DAMAI 
MEDAN, SUMATERA UTARA , MEDAN , MEDAN TEMBUNG , INDRA KASIH 
MEDAN, SUMATERA UTARA , MEDAN , MEDAN TEMBUNG , SIDOREJO HILIR 
MEDAN, SUMATERA UTARA , MEDAN , MEDAN PERJUANGAN , SIDORAME TIMUR 
MEDAN, SUMATERA UTARA , MEDAN , MEDAN AREA , TEGAL SARI I 
MEDAN, SUMATERA UTARA , MEDAN , MEDAN POLONIA , MADRAS HULU 
MEDAN, SUMATERA UTARA , MEDAN , MEDAN AREA , SUKARAMAI I 
MEDAN, SUMATERA UTARA , MEDAN , MEDAN AMPLAS , SITIREJO II 
MEDAN, SUMATERA UTARA , MEDAN , MEDAN AMPLAS , BANGUN MULIA 
MEDAN, SUMATERA UTARA , MEDAN , MEDAN KOTA , PASAR MERAH BARAT 
MEDAN, SUMATERA UTARA , MEDAN , MEDAN DENAI , MEDAN TENGGARA 
MEDAN, SUMATERA UTARA , MEDAN , MEDAN PERJUANGAN , TEGALREJO (TEGAL REJO) 
MEDAN, SUMATERA UTARA , MEDAN , MEDAN MAIMUN , SUKARAJA (SUKA RAJA) 
MEDAN, SUMATERA UTARA , MEDAN , MEDAN TIMUR , PULO BERAYAN DARAT II (PULO BRAYAN DARAT II) 
MEDAN, SUMATERA UTARA , MEDAN , MEDAN AREA , KOTA MATSUM I 
MEDAN, SUMATERA UTARA , P. SIANTAR , SIANTAR MARIHAT , SUKAMAJU 
MEDAN, SUMATERA UTARA , P. SIANTAR , SIANTAR TIMUR , MERDEKA 
MEDAN, SUMATERA UTARA , P. SIANTAR , SIANTAR UTARA , SUKADAME 
MEDAN, SUMATERA UTARA , P. SIANTAR , SIANTAR BARAT , TIMBANG GALUNG 
MEDAN, SUMATERA UTARA , P. SIANTAR , SIANTAR MARIMBUN , PEMATANG MARIHAT 
MEDAN, SUMATERA UTARA , P. SIANTAR , SIANTAR BARAT , BANTAN 
MEDAN, SUMATERA UTARA , P. SIANTAR , SIANTAR SELATAN , TOBA 
MEDAN, SUMATERA UTARA , P. SIANTAR , SIANTAR UTARA , SIGULANGGULANG (SIGULANG GULANG I) 
MEDAN, SUMATERA UTARA , P. SIANTAR , SIANTAR TIMUR , ASUHAN 
MEDAN, SUMATERA UTARA , P. SIANTAR , SIANTAR MARIMBUN , NAGA HUTA (NAGAHUTA) 
MEDAN, SUMATERA UTARA , P. SIANTAR , SIANTAR MARIMBUN , SIMARIMBUN 
MEDAN, SUMATERA UTARA , P. SIANTAR , SIANTAR SELATAN , KARO 
MEDAN, SUMATERA UTARA , PAKPAK BHARAT , SALAK , BOANGMANALU (BOANGMANALU SALAK) 
MEDAN, SUMATERA UTARA , PAKPAK BHARAT , SALAK , SALAK II 
MEDAN, SUMATERA UTARA , PEMATANG SIANTA , SIANTAR SITALASARI , BUKIT SOFA/SHOFA 
MEDAN, SUMATERA UTARA , PEMATANG SIANTA , SIANTAR MARTOBA , SUMBER JAYA 
MEDAN, SUMATERA UTARA , PEMATANG SIANTA , SIANTAR TIMUR , SIOPAT SUHU 
MEDAN, SUMATERA UTARA , PEMATANG SIANTA , SIANTAR MARTOBA , TAMBUN NABOLON 
MEDAN, SUMATERA UTARA , PEMATANG SIANTA , SIANTAR BARAT , PROKLAMASI 
MEDAN, SUMATERA UTARA , PEMATANG SIANTA , SIANTAR SELATAN , KRISTEN 
MEDAN, SUMATERA UTARA , PEMATANG SIANTA , SIANTAR TIMUR , PAHLAWAN 
MEDAN, SUMATERA UTARA , SAMOSIR , PANGURURAN , PASAR PANGURURAN 
MEDAN, SUMATERA UTARA , SAMOSIR , PANGURURAN , PARDOMUAN I 
MEDAN, SUMATERA UTARA , SAMOSIR , PANGURURAN , SIOPAT SOSOR 
MEDAN, SUMATERA UTARA , SAMOSIR , SIMANINDO , TOMOK 
MEDAN, SUMATERA UTARA , SAMOSIR , SIMANINDO , SIMANINDO SANGKAL 
MEDAN, SUMATERA UTARA , SERDANG BEDAGAI , PERBAUNGAN , SIMPANG TIGA PEKAN 
MEDAN, SUMATERA UTARA , SERDANG BEDAGAI , PERBAUNGAN , BENGKEL 
MEDAN, SUMATERA UTARA , SERDANG BEDAGAI , SEI RAMPASEI RAMPAH , SEI RAMPASEI RAMPAH 
MEDAN, SUMATERA UTARA , SERDANG BEDAGAI , SEI BAMBAN , PON (KAMPUNG PON) 
MEDAN, SUMATERA UTARA , SERDANG BEDAGAI , DOLOK MASIHUL , PEKAN DOLOK MASIHUL 
MEDAN, SUMATERA UTARA , SERDANG BEDAGAI , TELUK MENGKUDU , PEMATANG SETRAK (PEMATANG SETERAK / STRAK) 
MEDAN, SUMATERA UTARA , SERDANG BEDAGAI , TEBING SYAHBANDAR , PAYA PASIR 
MEDAN, SUMATERA UTARA , SERDANG BEDAGAI , TELUK MENGKUDU , PEKAN SIALANG BUAH 
MEDAN, SUMATERA UTARA , SERDANG BEDAGAI , PERBAUNGAN , CITAMAN JERNIH 
MEDAN, SUMATERA UTARA , SERDANG BEDAGAI , TANJUNG BERINGIN , PEKAN TANJUNG BERINGIN 
MEDAN, SUMATERA UTARA , SERDANG BEDAGAI , PERBAUNGAN , MELATI II (MELATI DUA) 
MEDAN, SUMATERA UTARA , SERDANG BEDAGAI , SEI RAMPASEI RAMPAH , FIRDAUS 
MEDAN, SUMATERA UTARA , SERDANG BEDAGAI , PANTAI CERMIN , PANTAI CERMIN KANAN 
MEDAN, SUMATERA UTARA , SERDANG BEDAGAI , TELUK MENGKUDU , SEI/SUNGAI BULUH 
MEDAN, SUMATERA UTARA , SERDANG BEDAGAI , TELUK MENGKUDU , LIBERIA 
MEDAN, SUMATERA UTARA , SERDANG BEDAGAI , BANDAR KHALIFAH , PEKAN BANDAR KHALIPAH 
MEDAN, SUMATERA UTARA , SERDANG BEDAGAI , PERBAUNGAN , BATANG TERAP 
MEDAN, SUMATERA UTARA , SIBOLGA , SIBOLGA SELATAN , AEK MANIS 
MEDAN, SUMATERA UTARA , SIBOLGA , SIBOLGA KOTA , PASAR BARU 
MEDAN, SUMATERA UTARA , SIBOLGA , SIBOLGA SAMBAS , PANCURAN KERAMBIL 
MEDAN, SUMATERA UTARA , SIBOLGA , SIBOLGA UTARA , SIMARE-MARE (SIMAREMARE) 
MEDAN, SUMATERA UTARA , SIBOLGA , SIBOLGA KOTA , PANCURAN GEROBAK 
MEDAN, SUMATERA UTARA , SIBOLGA , SIBOLGA UTARA , SIBOLGA ILIR 
MEDAN, SUMATERA UTARA , SIMALUNGUN , TAPIAN DOLOK , SINAKSAK 
MEDAN, SUMATERA UTARA , SIMALUNGUN , DOLOK BATU NANGGAR , SERBELAWAN 
MEDAN, SUMATERA UTARA , SIMALUNGUN , GIRSANG SIPANGAN BOLON , PARAPAT 
MEDAN, SUMATERA UTARA , SIMALUNGUN , BANDAR , PERDAGANGAN I 
MEDAN, SUMATERA UTARA , SIMALUNGUN , SIANTAR , LARAS DUA 
MEDAN, SUMATERA UTARA , SIMALUNGUN , RAYA , BAHAPAL RAYA 
MEDAN, SUMATERA UTARA , SIMALUNGUN , RAYA , SONDI RAYA 
MEDAN, SUMATERA UTARA , SIMALUNGUN , SILIMAKUTA , SARIBU DOLOK 
MEDAN, SUMATERA UTARA , SIMALUNGUN , SIDAMANIK , SARIMATONDANG 
MEDAN, SUMATERA UTARA , SIMALUNGUN , BANDAR HULUAN , NAGA JAYA I 
MEDAN, SUMATERA UTARA , SIMALUNGUN , GUNUNG MALELA , MARGO MULIYO 
MEDAN, SUMATERA UTARA , SIMALUNGUN , PANOMBEIAN PANE , PEMATANG PANE 
MEDAN, SUMATERA UTARA , SIMALUNGUN , PURBA , TIGA RUNGGU 
MEDAN, SUMATERA UTARA , SIMALUNGUN , BANDAR , PARDAGANGAN II (PERDAGANGAN II) 
MEDAN, SUMATERA UTARA , SIMALUNGUN , SIANTAR , DOLOK MARLAWAN 
MEDAN, SUMATERA UTARA , SIMALUNGUN , TANAH JAWA , BALIMBINGAN 
MEDAN, SUMATERA UTARA , SIMALUNGUN , GIRSANG SIPANGAN BOLON , TIGA RAJA 
MEDAN, SUMATERA UTARA , SIMALUNGUN , PANEI , SIBORNA 
MEDAN, SUMATERA UTARA , SIMALUNGUN , PEMATANG BANDAR , KERASAAN I 
MEDAN, SUMATERA UTARA , SIMALUNGUN , TANAH JAWA , PEMATANG TANAH JAWA 
MEDAN, SUMATERA UTARA , SIMALUNGUN , PANEI , PANEI TONGAH 
MEDAN, SUMATERA UTARA , SIMALUNGUN , GUNUNG MALIGAS , KARANG REJO 
MEDAN, SUMATERA UTARA , SIMALUNGUN , SIANTAR BARAT , TELADAN 
MEDAN, SUMATERA UTARA , SIMALUNGUN , BANDAR MASILAM , BANDAR SILOU 
MEDAN, SUMATERA UTARA , SIMALUNGUN , JORLANG HATARAN , PINANG RATUS 
MEDAN, SUMATERA UTARA , SIMALUNGUN , DOLOK BATU NANGGAR , BANDAR SELAMAT 
MEDAN, SUMATERA UTARA , SIMALUNGUN , GUNUNG MALELA , SENIO 
MEDAN, SUMATERA UTARA , SIMALUNGUN , BANDAR , PEMATANG KERASAAN 
MEDAN, SUMATERA UTARA , SIMALUNGUN , PEMATANG SIDAMANIK , SAIT BUTTU SARIBU 
MEDAN, ACEH (NAD) , SUBULUSSALAM , SIMPANG KIRI , MUKTI MAKMUR 
MEDAN, ACEH (NAD) , SUBULUSSALAM , SIMPANG KIRI , SUBULUSSALAM 
MEDAN, ACEH (NAD) , SUBULUSSALAM , PENANGGALAN , PENANGGALAN 
MEDAN, ACEH (NAD) , SUBULUSSALAM , SIMPANG KIRI , SUBULUSSALAM SELATAN 
MEDAN, SUMATERA UTARA , TANJUNG BALAI , TANJUNG BALAI SELATAN , KARYA 
MEDAN, SUMATERA UTARA , TANJUNG BALAI , SEI TUALANG RASO , MUARA SENTOSA 
MEDAN, SUMATERA UTARA , TANJUNG BALAI , TANJUNG BALAI SELATAN , INDRA SAKTI 
MEDAN, SUMATERA UTARA , TANJUNG BALAI , TELUK NIBUNG , KAPIAS PULAU BUAYA 
MEDAN, SUMATERA UTARA , TANJUNG BALAI , DATUK BANDAR TIMUR , BUNGA TANJUNG 
MEDAN, SUMATERA UTARA , TANJUNG BALAI , TELUK NIBUNG , PERJUANGAN 
MEDAN, SUMATERA UTARA , TANJUNG BALAI , TANJUNG BALAI SELATAN , TANJUNG BALAI KOTA II (TANJUNGBALAI KOTA II) 
MEDAN, SUMATERA UTARA , TANJUNG BALAI , DATUK BANDAR , PAHANG 
MEDAN, SUMATERA UTARA , TANJUNG BALAI , TANJUNG BALAI SELATAN , PANTAI BURUNG 
MEDAN, SUMATERA UTARA , TANJUNG BALAI , DATUK BANDAR , SIJAMBI 
MEDAN, SUMATERA UTARA , TAPANULI TENGAH , BADIRI , HUTABALANG 
MEDAN, SUMATERA UTARA , TAPANULI TENGAH , PANDAN , SIBULUAN INDAH 
MEDAN, SUMATERA UTARA , TAPANULI TENGAH , PANDAN , PANDAN 
MEDAN, SUMATERA UTARA , TAPANULI TENGAH , SARUDIK , PASIR BIDANG 
MEDAN, SUMATERA UTARA , TAPANULI TENGAH , PANDAN , KALANGAN 
MEDAN, SUMATERA UTARA , TAPANULI TENGAH , BARUS , PADANG MASIANG 
MEDAN, SUMATERA UTARA , TAPANULI TENGAH , PINANGSORI , SITONONG BANGUN 
MEDAN, SUMATERA UTARA , TAPANULI TENGAH , MANDUAMAS , PASAR ONAN MANDUAMAS 
MEDAN, SUMATERA UTARA , TAPANULI TENGAH , SIBABANGUN , SIBABANGUN 
MEDAN, SUMATERA UTARA , TAPANULI TENGAH , PINANGSORI , PINANGBARU (PINANG BARU) 
MEDAN, SUMATERA UTARA , TAPANULI TENGAH , SORKAM BARAT , SIPEA PEA 
MEDAN, SUMATERA UTARA , TAPANULI TENGAH , PANDAN , HAJORAN 
MEDAN, SUMATERA UTARA , TAPANULI TENGAH , ANDAM DEWI , BONDAR SIHUDON II 
MEDAN, SUMATERA UTARA , TAPANULI UTARA , SIBORONG-BORONG , PASAR SIBORONG BORONG 
MEDAN, SUMATERA UTARA , TAPANULI UTARA , TARUTUNG , PARTOLI TORUAN (PARTALI TORUAN) 
MEDAN, SUMATERA UTARA , TAPANULI UTARA , TARUTUNG , HUTATORUAN VII 
MEDAN, SUMATERA UTARA , TAPANULI UTARA , SIBORONG-BORONG , SIBORONG-BORONG I 
MEDAN, SUMATERA UTARA , TAPANULI UTARA , SIPOHOLON , SITUMEANG HABINSARAN 
MEDAN, SUMATERA UTARA , TAPANULI UTARA , TARUTUNG , HUTATORUAN X 
MEDAN, SUMATERA UTARA , TAPANULI UTARA , SIPOHOLON , HUTAURUK 
MEDAN, SUMATERA UTARA , TAPANULI UTARA , MUARA , SILANDO 
MEDAN, SUMATERA UTARA , TAPANULI UTARA , SIATAS BARITA , SIMORANGKIR JULU 
MEDAN, SUMATERA UTARA , TAPANULI UTARA , PAHAE JAE , SARULLA (PASAR SARULLA) 
MEDAN, SUMATERA UTARA , TEBING TINGGI , PADANG HULU , TUALANG 
MEDAN, SUMATERA UTARA , TEBING TINGGI , TEBING TINGGI KOTA , PASAR BARU 
MEDAN, SUMATERA UTARA , TEBING TINGGI , TEBING TINGGI KOTA , PASAR GAMBIR 
MEDAN, SUMATERA UTARA , TEBING TINGGI , RAMBUTAN , SRI PADANG 
MEDAN, SUMATERA UTARA , TEBING TINGGI , TEBING TINGGI KOTA , BADAK BEJUANG 
MEDAN, SUMATERA UTARA , TEBING TINGGI , BAJENIS , BULIAN 
MEDAN, SUMATERA UTARA , TEBING TINGGI , BAJENIS , DURIAN 
MEDAN, SUMATERA UTARA , TEBING TINGGI , RAMBUTAN , LALANG 
MEDAN, SUMATERA UTARA , TEBING TINGGI , RAMBUTAN , RANTAU LABAN 
MEDAN, SUMATERA UTARA , TEBING TINGGI , RAMBUTAN , TANJUNG MARULAK 
MEDAN, SUMATERA UTARA , TEBING TINGGI , RAMBUTAN , TANJUNG MARULAK HILIR 
MEDAN, SUMATERA UTARA , TEBING TINGGI , PADANG HILIR , TEBING TINGGI 
MEDAN, SUMATERA UTARA , TEBING TINGGI , TEBING TINGGI KOTA , RAMBUNG 
MEDAN, SUMATERA UTARA , TOBA SAMOSIR , PORSEA , PATANE II 
MEDAN, SUMATERA UTARA , TOBA SAMOSIR , BALIGE , BALIGE I 
MEDAN, SUMATERA UTARA , TOBA SAMOSIR , LAGUBOTI , PASAR LAGUBOTI (PASAR LAGU BOTI) 
MEDAN, SUMATERA UTARA , TOBA SAMOSIR , SIANTAR NARUMONDA , NARUMONDA IV 
MEDAN, SUMATERA UTARA , TOBA SAMOSIR , LAGUBOTI , SITOLUAMA 
MANADO, SULAWESI UTARA , BITUNG , MADIDIR (BITUNG TENGAH) , WANGURER TIMUR 
MANADO, SULAWESI UTARA , BITUNG , AERTEMBAGA (BITUNG TIMUR) , WINENET DUA (II) 
MANADO, SULAWESI UTARA , BITUNG , AERTEMBAGA (BITUNG TIMUR) , PETETEN SATU (I) 
MANADO, SULAWESI UTARA , BITUNG , MAESA , PAKADOODAN 
MANADO, SULAWESI UTARA , BITUNG , MAESA , BITUNG TIMUR 
MANADO, SULAWESI UTARA , BITUNG , MATUARI (BITUNG BARAT) , MANEMBO NEMBO ATAS 
MANADO, SULAWESI UTARA , BITUNG , GIRIAN , GIRIAN INDAH 
MANADO, SULAWESI UTARA , BITUNG , MATUARI (BITUNG BARAT) , MANEMBO-NEMBO (MANEMBO NEMBO BAWAH) 
MANADO, SULAWESI UTARA , BITUNG , RANOWULU (BITUNG UTARA) , PINOKALAN 
MANADO, SULAWESI UTARA , BITUNG , MAESA , BITUNG BARAT DUA (II) 
MANADO, SULAWESI UTARA , BITUNG , GIRIAN , GIRIAN BAWAH 
MANADO, SULAWESI UTARA , BITUNG , MADIDIR (BITUNG TENGAH) , PACEDA 
MANADO, SULAWESI UTARA , BITUNG , MADIDIR (BITUNG TENGAH) , MADIDIR UNET 
MANADO, SULAWESI UTARA , BITUNG , GIRIAN , GIRIAN ATAS 
MANADO, SULAWESI UTARA , BITUNG , GIRIAN , GIRIAN WERU DUA (II) 
MANADO, SULAWESI UTARA , BITUNG , MATUARI (BITUNG BARAT) , SAGERAT 
MANADO, SULAWESI UTARA , BITUNG , MAESA , BITUNG TENGAH 
MANADO, SULAWESI UTARA , BITUNG , RANOWULU (BITUNG UTARA) , DANOWUDU 
MANADO, SULAWESI UTARA , BITUNG , MADIDIR (BITUNG TENGAH) , WANGURER BARAT 
MANADO, SULAWESI UTARA , BITUNG , LEMBEH SELATAN (BITUNG SELATAN) , PAPUSUNGAN 
MANADO, SULAWESI UTARA , BITUNG , AERTEMBAGA (BITUNG TIMUR) , TANDURUSA (TANDU RUSA) 
MANADO, SULAWESI UTARA , BITUNG , LEMBEH UTARA , MAWALI 
MANADO, SULAWESI UTARA , BITUNG , RANOWULU (BITUNG UTARA) , KUMERSOT (KUMERESOT) 
MANADO, GORONTALO , BOALEMO , PAGUYAMAN , MOLOMBULAHE 
MANADO, GORONTALO , BOALEMO , TILAMUTA , LIMBATO 
MANADO, GORONTALO , BOALEMO , DULUPI , DULUPI 
MANADO, GORONTALO , BOALEMO , TILAMUTA , MODELOMO 
MANADO, GORONTALO , BOALEMO , WONOSARI , BONGO II (BONGO DUA) 
MANADO, GORONTALO , BOALEMO , MANANGGU , TABULO 
MANADO, GORONTALO , BOALEMO , BOTUMOITA , PATOAMEME 
MANADO, GORONTALO , BOALEMO , PAGUYAMAN PANTAI , BUBAA 
MANADO, GORONTALO , BOALEMO , PAGUYAMAN , DILOATO 
MANADO, SULAWESI UTARA , BOLAANG MONGONDOW , BOLAANG , INOBONTO 
MANADO, SULAWESI UTARA , BOLAANG MONGONDOW , DUMOGA BARAT , DOLODUO 
MANADO, SULAWESI UTARA , BOLAANG MONGONDOW , DUMOGA TENGAH , IBOLIAN 
MANADO, SULAWESI UTARA , BOLAANG MONGONDOW , DUMOGA UTARA , MOPUYA SELATAN 
MANADO, SULAWESI UTARA , BOLAANG MONGONDOW , LOLAK , LOLAK 
MANADO, SULAWESI UTARA , BOLAANG MONGONDOW , DUMOGA TIMUR , IMANDI 
MANADO, SULAWESI UTARA , BOLAANG MONGONDOW , DUMOGA , PUSIAN 
MANADO, SULAWESI UTARA , BOLAANG MONGONDOW , LOLAYAN , SANOYAN SELATAN (TANOYAN SELATAN) 
MANADO, SULAWESI UTARA , BOLAANG MONGONDOW , PASSI BARAT , PASSI (PASSI 1) 
MANADO, SULAWESI UTARA , BOLAANG MONGONDOW , LOLAK , SOLOG 
MANADO, SULAWESI UTARA , BOLAANG MONGONDOW , BOLAANG TIMUR , TADOY I 
MANADO, SULAWESI UTARA , BOLAANG MONGONDOW , LOLAK , MOTABANG 
MANADO, SULAWESI UTARA , BOLAANG MONGONDOW , POIGAR , POIGAR II 
MANADO, SULAWESI UTARA , BOLAANG MONGONDOW , LOLAK , LALOW 
MANADO, SULAWESI UTARA , BOLAANG MONGONDOW , LOLAK , MONGKOINIT 
MANADO, SULAWESI UTARA , BOLAANG MONGONDOW , DUMOGA UTARA , MOPUGAD UTARA 
MANADO, SULAWESI UTARA , BOLAANG MONGONDOW , DUMOGA TIMUR , DUMOGA 
MANADO, SULAWESI UTARA , BOLAANG MONGONDOW , POIGAR , NANASI 
MANADO, SULAWESI UTARA , BOLAANG MONGONDOW , BILALANG , BILALANG IV 
MANADO, SULAWESI UTARA , BOLAANG MONGONDOW , DUMOGA TENGGARA , TAPADAKA UTARA 
MANADO, SULAWESI UTARA , BOLAANG MONGONDOW , LOLAYAN , TUNGOI I 
MANADO, SULAWESI UTARA , BOLAANG MONGONDOW , PASSI TIMUR , SINSINGON 
MANADO, SULAWESI UTARA , BOLAANG MONGONDOW , LOLAYAN , MOPUSI 
MANADO, SULAWESI UTARA , BOLAANG MONGONDOW , DUMOGA , SINIYUNG 
MANADO, SULAWESI UTARA , BOLAANG MONGONDOW , DUMOGA BARAT , UUAN 
MANADO, SULAWESI UTARA , BOLAANG MONGONDOW , DUMOGA TENGGARA , KONAROM 
MANADO, SULAWESI UTARA , BOLAANG MONGONDOW TIMUR , KOTABUNAN , BUYAT II 
MANADO, SULAWESI UTARA , BOLAANG MONGONDOW TIMUR , MODAYAG BARAT , MOYONGKOTA 
MANADO, SULAWESI UTARA , BOLAANG MONGONDOW TIMUR , MODAYAG , PURWOREJO 
MANADO, SULAWESI UTARA , BOLAANG MONGONDOW TIMUR , TUTUYAN , TUTUYAN III 
MANADO, SULAWESI UTARA , BOLAANG MONGONDOW TIMUR , KOTABUNAN , KOTABUNAN 
MANADO, SULAWESI UTARA , BOLAANG MONGONDOW UTARA , BINTAUNA , PADANG 
MANADO, SULAWESI UTARA , BOLAANG MONGONDOW UTARA , SANGKUB , SANGKUP I (SANGKUB I) 
MANADO, SULAWESI UTARA , BOLAANG MONGONDOW UTARA , BINTAUNA , BINTAUNA 
MANADO, SULAWESI UTARA , BOLAANG MONGONDOW UTARA , KAIDIPANG , KUALA UTARA 
MANADO, SULAWESI UTARA , BOLAANG MONGONDOW UTARA , KAIDIPANG , BOROKO 
MANADO, SULAWESI UTARA , BOLAANG MONGONDOW UTARA , BOLANGITANG BARAT (BOLANG ITANG BARAT) , BOLANGITANG (BOLANG ITANG BARAT) 
MANADO, SULAWESI UTARA , BOLAANG MONGONDOW UTARA , BOLANGITANG TIMUR (BOLANG ITANG TIMUR) , BOHABAK I 
MANADO, SULAWESI UTARA , BOLAANG MONGONDOW UTARA , BINTAUNA , BUNIA 
MANADO, SULAWESI UTARA , BOLAANG MONGONDOW UTARA , PINOGALUMAN , BUKO 
MANADO, SULAWESI UTARA , BOLAANG MONGONDOW UTARA , BOLANGITANG TIMUR (BOLANG ITANG TIMUR) , BIONTONG 
MANADO, GORONTALO , BONE BOLANGO , SUWAWA , TINELO 
MANADO, GORONTALO , BONE BOLANGO , KABILA , TANGGILINGO 
MANADO, GORONTALO , BONE BOLANGO , KABILA , TOTO SELATAN 
MANADO, GORONTALO , BONE BOLANGO , TAPA , KERAMAT 
MANADO, GORONTALO , BONE BOLANGO , TAPA , TALULOBUTU 
MANADO, GORONTALO , BONE BOLANGO , SUWAWA , TINGKOHUBU 
MANADO, GORONTALO , BONE BOLANGO , TILONGKABILA , BONGOIME 
MANADO, GORONTALO , BONE BOLANGO , KABILA , TUMBIHE 
MANADO, GORONTALO , BONE BOLANGO , BOTUPINGGE (BOTU PINGGE) , TIMBUOLO 
MANADO, GORONTALO , BONE BOLANGO , KABILA BONE , HUANGOBOTU 
MANADO, GORONTALO , BONE BOLANGO , BULANGO TIMUR , BULOTALANGI 
MANADO, GORONTALO , BONE BOLANGO , TILONGKABILA , TOTO UTARA 
MANADO, GORONTALO , BONE BOLANGO , BONE RAYA , TUMBULILATO (TOMBULILATO) 
MANADO, GORONTALO , BONE BOLANGO , BONE , TALUDAA 
MANADO, GORONTALO , BONE BOLANGO , BONEPANTAI , BILUNGALA 
MANADO, GORONTALO , BONE BOLANGO , BULAWA , MOPUYA 
MANADO, GORONTALO , BONE BOLANGO , BULANGO SELATAN , AYULA SELATAN 
MANADO, GORONTALO , BONE BOLANGO , KABILA , OLOHUTA UTARA (OLUHUTA UTARA) 
MANADO, GORONTALO , BONE BOLANGO , SUWAWA TIMUR , DUMBAYA BULAN (DUMBAYABULAN) 
MANADO, GORONTALO , BONE BOLANGO , TILONGKABILA , MOUTONG 
MANADO, GORONTALO , BONE BOLANGO , TILONGKABILA , ILOHELUMA 
MANADO, SULAWESI TENGAH , BUOL , PALELEH , PALELEH 
MANADO, SULAWESI TENGAH , BUOL , BIAU , KALI 
MANADO, SULAWESI TENGAH , BUOL , BIAU , LEOK I 
MANADO, SULAWESI TENGAH , BUOL , BIAU , LEOK II 
MANADO, SULAWESI TENGAH , BUOL , BIAU , KULANGO 
MANADO, SULAWESI TENGAH , BUOL , BUNOBOGU , DOMAG MEKAR 
MANADO, SULAWESI TENGAH , BUOL , LAKEA (LIPUNOTO) , LAKEA II (LEOK II) 
MANADO, SULAWESI TENGAH , BUOL , MOMUNU , LAMADONG II 
MANADO, SULAWESI TENGAH , BUOL , BOKAT , BONGO 
MANADO, SULAWESI TENGAH , BUOL , BIAU , BUOL 
MANADO, SULAWESI TENGAH , BUOL , KARAMAT , BUSAK I 
MANADO, GORONTALO , GORONTALO , DUMBO RAYA , BUGIS 
MANADO, GORONTALO , GORONTALO , KOTA BARAT , PILOLODAA 
MANADO, GORONTALO , GORONTALO , KOTA SELATAN , BIAWAO 
MANADO, GORONTALO , GORONTALO , KOTA UTARA , DEMBE II 
MANADO, GORONTALO , GORONTALO , KOTA BARAT , BULADU 
MANADO, GORONTALO , GORONTALO , KOTA TENGAH , DULALOWO 
MANADO, GORONTALO , GORONTALO , DUNGINGI , HUANGOBOTU 
MANADO, GORONTALO , GORONTALO , KOTA TENGAH , PULUBALA 
MANADO, GORONTALO , GORONTALO , TELAGA , LUHU 
MANADO, GORONTALO , GORONTALO , KOTA SELATAN , LIMBA U SATU (LIMBA U I) 
MANADO, GORONTALO , GORONTALO , SIPATANA , MOLOSIFAT U (MOLOSIPAT U) 
MANADO, GORONTALO , GORONTALO , DUNGINGI , LIBUO 
MANADO, GORONTALO , GORONTALO , KOTA SELATAN , LIMBA B 
MANADO, GORONTALO , GORONTALO , TELAGA , HULAWA 
MANADO, GORONTALO , GORONTALO , LIMBOTO , HUTUO 
MANADO, GORONTALO , GORONTALO , KOTA TENGAH , PAGUYAMAN 
MANADO, GORONTALO , GORONTALO , TIBAWA , TOLOTIO 
MANADO, GORONTALO , GORONTALO , DUMBO RAYA , TALUMOLO 
MANADO, GORONTALO , GORONTALO , LIMBOTO , KAYUBULAN 
MANADO, GORONTALO , GORONTALO , TIBAWA , ISIMU RAYA 
MANADO, GORONTALO , GORONTALO , TELAGA BIRU , TIMUATO 
MANADO, GORONTALO , GORONTALO , KOTA UTARA , WONGKADITI TIMUR 
MANADO, GORONTALO , GORONTALO , HULONTHALANGI , SIENDENG 
MANADO, GORONTALO , GORONTALO , LIMBOTO BARAT , YOSONEGORO (YOOSONEGORO) 
MANADO, GORONTALO , GORONTALO , TELAGA BIRU , PENTADIO TIMUR 
MANADO, GORONTALO , GORONTALO , KOTA TIMUR , PADEBUOLO 
MANADO, GORONTALO , GORONTALO , KOTA TIMUR , HELEDULAA UTARA 
MANADO, GORONTALO , GORONTALO , DUNGINGI , TULADENGI (TULADENGGI) 
MANADO, GORONTALO , GORONTALO , LIMBOTO , HUNGGALUWA 
MANADO, GORONTALO , GORONTALO , HULONTHALANGI , TENDA 
MANADO, GORONTALO , GORONTALO , TOLANGOHULA , GANDARIA 
MANADO, GORONTALO , GORONTALO , SIPATANA , BULOTADAA BARAT 
MANADO, GORONTALO , GORONTALO , BOLIOHUTO (BOLIYOHUTO) , MONGGOLITO 
MANADO, GORONTALO , GORONTALO , KOTA UTARA , DULOMO SELATAN 
MANADO, GORONTALO , GORONTALO , TOLANGOHULA , SUKAMAKMUR 
MANADO, GORONTALO , GORONTALO , TELAGA BIRU , TULADENGGI 
MANADO, GORONTALO , GORONTALO , KOTA TIMUR , IPILO 
MANADO, GORONTALO , GORONTALO , DUNGALIYO , DUNGALIYO 
MANADO, GORONTALO , GORONTALO , LIMBOTO , TENILO 
MANADO, GORONTALO , GORONTALO , TELAGA , BULILA 
MANADO, GORONTALO , GORONTALO , TABONGO , ILOMANGGA 
MANADO, GORONTALO , GORONTALO , KOTA TENGAH , WUMIALO 
MANADO, GORONTALO , GORONTALO , SIPATANA , TAPA 
MANADO, GORONTALO , GORONTALO , LIMBOTO , DUTULANAA 
MANADO, GORONTALO , GORONTALO , LIMBOTO , KAYUMERAH 
MANADO, GORONTALO , GORONTALO , KOTA UTARA , DULOMO UTARA 
MANADO, GORONTALO , GORONTALO , TIBAWA , DUNGGALA 
MANADO, GORONTALO , GORONTALO , KOTA TENGAH , LILUWO 
MANADO, GORONTALO , GORONTALO , TELAGA BIRU , TINELO 
MANADO, GORONTALO , GORONTALO , HULONTHALANGI , DONGGALA 
MANADO, GORONTALO , GORONTALO , BOLIOHUTO (BOLIYOHUTO) , SIDODADI 
MANADO, GORONTALO , GORONTALO , BATUDAA , BARAKATI 
MANADO, GORONTALO , GORONTALO , DUMBO RAYA , LEATO SELATAN 
MANADO, GORONTALO , GORONTALO , ASPARAGA , MOHIYOLO 
MANADO, GORONTALO , GORONTALO , TIBAWA , ISIMU UTARA 
MANADO, GORONTALO , GORONTALO , TELAGA , PILOHAYANGA 
MANADO, GORONTALO , GORONTALO , BATUDAA PANTAI , BONGO 
MANADO, GORONTALO , GORONTALO , MOOTILANGO , PARIS 
MANADO, GORONTALO , GORONTALO , TALAGA JAYA (TELAGA JAYA) , LUWOO 
MANADO, GORONTALO , GORONTALO UTARA , KWANDANG , MOLUO 
MANADO, GORONTALO , GORONTALO UTARA , GENTUMA RAYA , GENTUMA 
MANADO, GORONTALO , GORONTALO UTARA , KWANDANG , MOLINGKAPOTO (MOLINGGAPOTO) 
MANADO, GORONTALO , GORONTALO UTARA , ATINGGOLA , KOTAJIN (KOTA JIN) 
MANADO, GORONTALO , GORONTALO UTARA , SUMALATA , BULOILA 
MANADO, GORONTALO , GORONTALO UTARA , ANGGREK , TOLANGO 
MANADO, GORONTALO , GORONTALO UTARA , SUMALATA TIMUR , BULADU 
MANADO, GORONTALO , GORONTALO UTARA , TOLINGGULA , TOLINGGULA TENGAH 
MANADO, SULAWESI UTARA , KOTAMOBAGU , KOTAMOBAGU SELATAN , POMBUNDAYAN (POBUNDAYAN) 
MANADO, SULAWESI UTARA , KOTAMOBAGU , KOTAMOBAGU SELATAN , MOTOBOI KECIL 
MANADO, SULAWESI UTARA , KOTAMOBAGU , KOTAMOBAGU BKOTAMOBAGU BARAT , MONGKONAI 
MANADO, SULAWESI UTARA , KOTAMOBAGU , KOTAMOBAGU UTARA , BIGA 
MANADO, SULAWESI UTARA , KOTAMOBAGU , KOTAMOBAGU TIMUR , SININDIAN 
MANADO, SULAWESI UTARA , KOTAMOBAGU , KOTAMOBAGU TIMUR , MOYAG 
MANADO, SULAWESI UTARA , KOTAMOBAGU , KOTAMOBAGU SELATAN , KOPANDAKAN SATU (KOPANDAKAN I) 
MANADO, SULAWESI UTARA , KOTAMOBAGU , KOTAMOBAGU BKOTAMOBAGU BARAT , MOGOLAING 
MANADO, SULAWESI UTARA , KOTAMOBAGU , KOTAMOBAGU TIMUR , MOTOBOI BESAR 
MANADO, SULAWESI UTARA , KOTAMOBAGU , KOTAMOBAGU BKOTAMOBAGU BARAT , KOTAMOBAGU 
MANADO, SULAWESI UTARA , KOTAMOBAGU , KOTAMOBAGU TIMUR , KOTOBANGUN (KOTOBANGON / KOTABANGON) 
MANADO, SULAWESI UTARA , KOTAMOBAGU , KOTAMOBAGU TIMUR , KOBO BESAR 
MANADO, SULAWESI UTARA , KOTAMOBAGU , KOTAMOBAGU BKOTAMOBAGU BARAT , MOLINOW 
MANADO, SULAWESI UTARA , KOTAMOBAGU , KOTAMOBAGU TIMUR , KOBO KECIL 
MANADO, SULAWESI UTARA , KOTAMOBAGU , KOTAMOBAGU SELATAN , POYOWA BESAR DUA (POYOWA BESAR II) 
MANADO, SULAWESI UTARA , KOTAMOBAGU , KOTAMOBAGU TIMUR , MATALI 
MANADO, SULAWESI UTARA , KOTAMOBAGU , KOTAMOBAGU BKOTAMOBAGU BARAT , MONGKONAI BARAT 
MANADO, SULAWESI UTARA , KOTAMOBAGU , KOTAMOBAGU SELATAN , BUNGKO 
MANADO, SULAWESI UTARA , MANADO , MALALAYANG , MALALAYANG SATU (I) 
MANADO, SULAWESI UTARA , MANADO , SARIO , SARIO 
MANADO, SULAWESI UTARA , MANADO , WANEA , TELING ATAS 
MANADO, SULAWESI UTARA , MANADO , SARIO , TITIWUNGAN SELATAN (TITIWUNGEN SELATAN) 
MANADO, SULAWESI UTARA , MANADO , WANEA , PAKOWA 
MANADO, SULAWESI UTARA , MANADO , SARIO , RANOTANA 
MANADO, SULAWESI UTARA , MANADO , MAPANGET , KAIRAGI DUA 
MANADO, SULAWESI UTARA , MANADO , SINGKIL , WAWONASA 
MANADO, SULAWESI UTARA , MANADO , WANEA , TANJUNG BATU 
MANADO, SULAWESI UTARA , MANADO , MAPANGET , KAIRAGI SATU 
MANADO, SULAWESI UTARA , MANADO , MALALAYANG , BAHU 
MANADO, SULAWESI UTARA , MANADO , SINGKIL , KOMBOS TIMUR 
MANADO, SULAWESI UTARA , MANADO , TUMINITING , TUMUMPA SATU 
MANADO, SULAWESI UTARA , MANADO , PAAL DUA , MALENDENG 
MANADO, SULAWESI UTARA , MANADO , TUMINITING , BITUNG KARANGRIA (BITUNGKARANGRIA) 
MANADO, SULAWESI UTARA , MANADO , MALALAYANG , MALALAYANG DUA (II) 
MANADO, SULAWESI UTARA , MANADO , TUMINITING , TUMINTING 
MANADO, SULAWESI UTARA , MANADO , WENANG , PINAESAAN 
MANADO, SULAWESI UTARA , MANADO , MALALAYANG , WINANGUN SATU 
MANADO, SULAWESI UTARA , MANADO , SINGKIL , KOMBOS BARAT 
MANADO, SULAWESI UTARA , MANADO , SINGKIL , SINGKIL SATU 
MANADO, SULAWESI UTARA , MANADO , WANEA , BUMI NYIUR 
MANADO, SULAWESI UTARA , MANADO , MAPANGET , PANIKI SATU 
MANADO, SULAWESI UTARA , MANADO , WENANG , TIKALA KUMARAKA 
MANADO, SULAWESI UTARA , MANADO , SARIO , SARIO UTARA 
MANADO, SULAWESI UTARA , MANADO , MALALAYANG , KLEAK 
MANADO, SULAWESI UTARA , MANADO , SARIO , SARIO TUMPAAN 
MANADO, SULAWESI UTARA , MANADO , PAAL DUA , DENDENGAN DALAM 
MANADO, SULAWESI UTARA , MANADO , PAAL DUA , PERKAMIL 
MANADO, SULAWESI UTARA , MANADO , MAPANGET , BUHA 
MANADO, SULAWESI UTARA , MANADO , MAPANGET , LAPANGAN 
MANADO, SULAWESI UTARA , MANADO , WENANG , WENANG SELATAN 
MANADO, SULAWESI UTARA , MANADO , WENANG , LAWANGIRUNG (LAWANG IRUNG) 
MANADO, SULAWESI UTARA , MANADO , WANEA , KAROMBASAN UTARA 
MANADO, SULAWESI UTARA , MANADO , MALALAYANG , BATU KOTA 
MANADO, SULAWESI UTARA , MANADO , SARIO , SARIO KOTABARU (SARIO KOTA BARU) 
MANADO, SULAWESI UTARA , MANADO , WANEA , WANEA 
MANADO, SULAWESI UTARA , MANADO , SINGKIL , SINGKIL DUA 
MANADO, SULAWESI UTARA , MANADO , PAAL DUA , PAAL DUA 
MANADO, SULAWESI UTARA , MANADO , TUMINITING , ISLAM (KAMPUNG ISLAM) 
MANADO, SULAWESI UTARA , MANADO , TIKALA , TIKALA ARES 
MANADO, SULAWESI UTARA , MANADO , PAAL DUA , KAIRAGI WERU 
MANADO, SULAWESI UTARA , MANADO , MAPANGET , MAPANGET BARAT 
MANADO, SULAWESI UTARA , MANADO , TIKALA , TAAS 
MANADO, SULAWESI UTARA , MANADO , WENANG , BUMI BERINGIN 
MANADO, SULAWESI UTARA , MANADO , SARIO , TITIWUNGAN UTARA (TITIWUNGEN UTARA) 
MANADO, SULAWESI UTARA , MANADO , MAPANGET , PANIKI BAWAH 
MANADO, SULAWESI UTARA , MANADO , SINGKIL , KETANG BARU 
MANADO, SULAWESI UTARA , MANADO , TIKALA , PAAL IV 
MANADO, SULAWESI UTARA , MANADO , BUNAKEN , PANDU 
MANADO, SULAWESI UTARA , MANADO , WENANG , MAHAKERET BARAT 
MANADO, SULAWESI UTARA , MANADO , MAPANGET , KIMA ATAS 
MANADO, SULAWESI UTARA , MANADO , WENANG , TELING BAWAH 
MANADO, SULAWESI UTARA , MANADO , MALALAYANG , MALALAYANG SATU BARAT 
MANADO, SULAWESI UTARA , MANADO , WENANG , CALACA 
MANADO, SULAWESI UTARA , MANADO , WENANG , WENANG UTARA 
MANADO, SULAWESI UTARA , MANADO , BUNAKEN , BAILANG 
MANADO, SULAWESI UTARA , MANADO , TUMINITING , SINDULANG DUA 
MANADO, SULAWESI UTARA , MANADO , WANEA , RANOTANA WERU 
MANADO, SULAWESI UTARA , MANADO , MALALAYANG , MALALAYANG SATU TIMUR 
MANADO, GORONTALO , MANADO , KOTA SELATAN , LIMBA U SATU (LIMBA U I) 
MANADO, SULAWESI UTARA , MANADO , WANEA , TINGKULU 
MANADO, SULAWESI UTARA , MANADO , TUMINITING , MAHAWU 
MANADO, SULAWESI UTARA , MANADO , TUMINITING , SUMOMPO 
MANADO, SULAWESI UTARA , MANADO , TUMINITING , MAASING 
MANADO, SULAWESI UTARA , MANADO , TIKALA , BANJER 
MANADO, SULAWESI UTARA , MANADO , MAPANGET , PANIKI DUA 
MANADO, SULAWESI UTARA , MANADO , PAAL DUA , DENDENGAN LUAR 
MANADO, SULAWESI UTARA , MANADO , PAAL DUA , RANOMUUT (RANOMUT) 
MANADO, SULAWESI UTARA , MANADO , TUMINITING , TUMUMPA DUA 
MANADO, SULAWESI UTARA , MANADO , BUNAKEN , TONGKEINA / TONGKAINA 
MANADO, SULAWESI UTARA , MINAHASA , MANDOLANG , TATELI SATU 
MANADO, SULAWESI UTARA , MINAHASA , MANDOLANG , TATELI 
MANADO, SULAWESI UTARA , MINAHASA , TONDANO UTARA , KAMPUNG JAWA 
MANADO, SULAWESI UTARA , MINAHASA , PINELENG , PINELENG II (PINELENG DUA) 
MANADO, SULAWESI UTARA , MINAHASA , LANGOWAN BARAT , KOYAWAS 
MANADO, SULAWESI UTARA , MINAHASA , TONDANO SELATAN , TATAARAN DUA (II) 
MANADO, SULAWESI UTARA , MINAHASA , TONDANO TIMUR , RANOWANGKO 
MANADO, SULAWESI UTARA , MINAHASA , TONDANO TIMUR , LININGAAN 
MANADO, SULAWESI UTARA , MINAHASA , TONDANO BARAT , WEWELAN (WEWELEN) 
MANADO, SULAWESI UTARA , MINAHASA , TOMBARIRI , BORGO 
MANADO, SULAWESI UTARA , MINAHASA , TONDANO BARAT , TUUTU 
MANADO, SULAWESI UTARA , MINAHASA , TOMPASO , TALIKURAN 
MANADO, SULAWESI UTARA , MINAHASA , TONDANO BARAT , RINEGETAN 
MANADO, SULAWESI UTARA , MINAHASA , LANGOWAN UTARA , WALANTAKAN 
MANADO, SULAWESI UTARA , MINAHASA , TONDANO BARAT , TOUNKURAMBER 
MANADO, SULAWESI UTARA , MINAHASA , KAWANGKOAN , SENDANGAN SELATAN 
MANADO, SULAWESI UTARA , MINAHASA , TONDANO SELATAN , TATAARAN PATAR 
MANADO, SULAWESI UTARA , MINAHASA , KAWANGKOAN UTARA , TALIKURAN 
MANADO, SULAWESI UTARA , MINAHASA , TONDANO BARAT , WAWALINTOUAN 
MANADO, SULAWESI UTARA , MINAHASA , TOMBARIRI , SARANI MATANI 
MANADO, SULAWESI UTARA , MINAHASA , REMBOKEN , PASLATEN 
MANADO, SULAWESI UTARA , MINAHASA , LANGOWAN BARAT , TOUNELET 
MANADO, SULAWESI UTARA , MINAHASA , LANGOWAN BARAT , NOONGAN (NOONGAN I) 
MANADO, SULAWESI UTARA , MINAHASA , KAKAS , TALIKURAN 
MANADO, SULAWESI UTARA , MINAHASA , PINELENG , PINELENG I (PINELENG SATU) 
MANADO, SULAWESI UTARA , MINAHASA , KAWANGKOAN UTARA , KIAWA DUA 
MANADO, SULAWESI UTARA , MINAHASA , TONDANO SELATAN , KOYA 
MANADO, SULAWESI UTARA , MINAHASA , SONDER , KOLONGAN ATAS DUA 
MANADO, SULAWESI UTARA , MINAHASA , SONDER , TOUNELET 
MANADO, SULAWESI UTARA , MINAHASA , LANGOWAN BARAT , TUMARATAS DUA (TUMARATAS II) 
MANADO, SULAWESI UTARA , MINAHASA , TONDANO TIMUR , KENDIS 
MANADO, SULAWESI UTARA , MINAHASA , ERIS , TOULIANG OKI 
MANADO, SULAWESI UTARA , MINAHASA , TOMBULU , KEMBES I (KEMBES SATU) 
MANADO, SULAWESI UTARA , MINAHASA , KAWANGKOAN BARAT , KANONANG SATU 
MANADO, SULAWESI UTARA , MINAHASA , TONDANO UTARA , KEMBUAN SATU 
MANADO, SULAWESI UTARA , MINAHASA , LANGOWAN TIMUR , AMONGENA DUA (II) 
MANADO, SULAWESI UTARA , MINAHASA , TOMBULU , KOKA 
MANADO, SULAWESI UTARA , MINAHASA , TOMBARIRI TIMUR , LOLAH DUA 
MANADO, SULAWESI UTARA , MINAHASA , KAWANGKOAN , KINALI 
MANADO, SULAWESI UTARA , MINAHASA , MANDOLANG , KALASEY SATU 
MANADO, SULAWESI UTARA , MINAHASA , TOMBARIRI , SENDUK 
MANADO, SULAWESI UTARA , MINAHASA , LANGOWAN TIMUR , WALEURE 
MANADO, SULAWESI UTARA , MINAHASA , TOMBULU , SAWANGAN 
MANADO, SULAWESI UTARA , MINAHASA , PINELENG , SEA TUMPENGAN 
MANADO, SULAWESI UTARA , MINAHASA , SONDER , LEILEM DUA 
MANADO, SULAWESI UTARA , MINAHASA , KAWANGKOAN , UNER SATU 
MANADO, SULAWESI UTARA , MINAHASA , TONDANO UTARA , TONSEA LAMA 
MANADO, SULAWESI UTARA , MINAHASA , TOMPASO BARAT , PINABETENGAN 
MANADO, SULAWESI UTARA , MINAHASA , LANGOWAN TIMUR , SUMARAYAR 
MANADO, SULAWESI UTARA , MINAHASA , TOMPASO , KAMANGA 
MANADO, SULAWESI UTARA , MINAHASA , KAWANGKOAN , TONDEGESAN I 
MANADO, SULAWESI UTARA , MINAHASA , ERIS , TANDENGAN 
MANADO, SULAWESI UTARA , MINAHASA , TONDANO TIMUR , LUAAN 
MANADO, SULAWESI UTARA , MINAHASA , TOMBARIRI TIMUR , LEMOH 
MANADO, SULAWESI UTARA , MINAHASA , PINELENG , SEA I 
MANADO, SULAWESI UTARA , MINAHASA , TONDANO SELATAN , MAESA UNIMA 
MANADO, SULAWESI UTARA , MINAHASA , PINELENG , LOTTA 
MANADO, SULAWESI UTARA , MINAHASA SELATAN , AMURANG TIMUR , RANOMEA 
MANADO, SULAWESI UTARA , MINAHASA SELATAN , TUMPAAN , TUMPAAN BARU 
MANADO, SULAWESI UTARA , MINAHASA SELATAN , TOMPASO BARU , TOMPASO BARU I (TOMPASO BARU SATU) 
MANADO, SULAWESI UTARA , MINAHASA SELATAN , AMURANG , UWURAN I (UWURAN SATU) 
MANADO, SULAWESI UTARA , MINAHASA SELATAN , AMURANG , BUYUNGON 
MANADO, SULAWESI UTARA , MINAHASA SELATAN , MODOINDING , PINASUNGKULAN 
MANADO, SULAWESI UTARA , MINAHASA SELATAN , AMURANG TIMUR , PONDANG 
MANADO, SULAWESI UTARA , MINAHASA SELATAN , TUMPAAN , TUMPAAN SATU 
MANADO, SULAWESI UTARA , MINAHASA SELATAN , MOTOLING , MOTOLING 
MANADO, SULAWESI UTARA , MINAHASA SELATAN , AMURANG TIMUR , LOPANA SATU 
MANADO, SULAWESI UTARA , MINAHASA SELATAN , SINONSAYANG , POIGAR II (POIGAR DUA) 
MANADO, SULAWESI UTARA , MINAHASA SELATAN , TENGA , TENGA 
MANADO, SULAWESI UTARA , MINAHASA SELATAN , SINONSAYANG , ONGKAW II (ONGKAW DUA) 
MANADO, SULAWESI UTARA , MINAHASA SELATAN , TUMPAAN , POPONTOLEN 
MANADO, SULAWESI UTARA , MINAHASA SELATAN , AMURANG BARAT , KAPITU 
MANADO, SULAWESI UTARA , MINAHASA SELATAN , AMURANG TIMUR , LOPANA 
MANADO, SULAWESI UTARA , MINAHASA SELATAN , MODOINDING , MAKAARUYEN 
MANADO, SULAWESI UTARA , MINAHASA SELATAN , AMURANG , RANOYAPO 
MANADO, SULAWESI UTARA , MINAHASA SELATAN , RANOYAPO , POOPO 
MANADO, SULAWESI UTARA , MINAHASA SELATAN , TOMPASO BARU , TOROUT 
MANADO, SULAWESI UTARA , MINAHASA SELATAN , MOTOLING BARAT , RAANAN BARU 
MANADO, SULAWESI UTARA , MINAHASA SELATAN , TATAPAAN , PASLATEN 
MANADO, SULAWESI UTARA , MINAHASA SELATAN , TUMPAAN , MATANI SATU 
MANADO, SULAWESI UTARA , MINAHASA SELATAN , MAESAAN , TAMBELANG 
MANADO, SULAWESI UTARA , MINAHASA SELATAN , KUMELEMBUAI , KUMELEMBUAI 
MANADO, SULAWESI UTARA , MINAHASA SELATAN , TATAPAAN , RAPRAP (RAP-RAP) 
MANADO, SULAWESI UTARA , MINAHASA SELATAN , TENGA , PAKU URE II (PAKUURE DUA) 
MANADO, SULAWESI UTARA , MINAHASA SELATAN , TARERAN , RUMOONG ATAS (ROMOONG ATAS) 
MANADO, SULAWESI UTARA , MINAHASA TENGGARA , RATAHAN , TOSURAYA SELATAN 
MANADO, SULAWESI UTARA , MINAHASA TENGGARA , TOMBATU TIMUR , MOLOMPAR DUA SELATAN 
MANADO, SULAWESI UTARA , MINAHASA TENGGARA , RATATOTOK , RATATOTOK 
MANADO, SULAWESI UTARA , MINAHASA TENGGARA , BELANG , MOLOMPAR UTARA 
MANADO, SULAWESI UTARA , MINAHASA TENGGARA , PASAN , LIWUTUNG 
MANADO, SULAWESI UTARA , MINAHASA TENGGARA , TOMBATU UTARA , TOMBATU TIGA TENGAH 
MANADO, SULAWESI UTARA , MINAHASA TENGGARA , PUSOMAEN , MAKALU 
MANADO, SULAWESI UTARA , MINAHASA TENGGARA , TOMBATU TIMUR , MUNDUNG 
MANADO, SULAWESI UTARA , MINAHASA TENGGARA , BELANG , BUKU UTARA 
MANADO, SULAWESI UTARA , MINAHASA TENGGARA , TOULUAAN , LOBU 
MANADO, SULAWESI UTARA , MINAHASA TENGGARA , TOMBATU , BETELAN 
MANADO, SULAWESI UTARA , MINAHASA TENGGARA , RATATOTOK , RATATOTOK DUA 
MANADO, SULAWESI UTARA , MINAHASA TENGGARA , RATAHAN , LOWU SATU 
MANADO, SULAWESI UTARA , MINAHASA TENGGARA , BELANG , BORGO SATU 
MANADO, SULAWESI UTARA , MINAHASA TENGGARA , SILIAN RAYA , SILIAN TENGAH 
MANADO, SULAWESI UTARA , MINAHASA TENGGARA , RATAHAN TIMUR , WIOI DUA 
MANADO, SULAWESI UTARA , MINAHASA TENGGARA , RATATOTOK , SOYOAN (SOYOWAN) 
MANADO, SULAWESI UTARA , MINAHASA TENGGARA , RATATOTOK , BASAAN SATU 
MANADO, SULAWESI UTARA , MINAHASA UTARA , KALAWAT , WATUTUMOU DUA (WATUTUMOU II) 
MANADO, SULAWESI UTARA , MINAHASA UTARA , AIRMADIDI , SARONSONG I (SARONGSONG SATU) 
MANADO, SULAWESI UTARA , MINAHASA UTARA , KALAWAT , MAUMBI 
MANADO, SULAWESI UTARA , MINAHASA UTARA , KAUDITAN , KAUDITAN I (KAUDITAN SATU) 
MANADO, SULAWESI UTARA , MINAHASA UTARA , AIRMADIDI , AIRMADIDI ATAS 
MANADO, SULAWESI UTARA , MINAHASA UTARA , KALAWAT , KOLONGAN TETEMPANGAN 
MANADO, SULAWESI UTARA , MINAHASA UTARA , TALAWAAN , MAPANGET 
MANADO, SULAWESI UTARA , MINAHASA UTARA , TALAWAAN , KOLONGAN 
MANADO, SULAWESI UTARA , MINAHASA UTARA , AIRMADIDI , SUKUR 
MANADO, SULAWESI UTARA , MINAHASA UTARA , DIMEMBE , TATELU 
MANADO, SULAWESI UTARA , MINAHASA UTARA , KAUDITAN , KAIMA 
MANADO, SULAWESI UTARA , MINAHASA UTARA , KEMA , KEMA II (KEMA DUA) 
MANADO, SULAWESI UTARA , MINAHASA UTARA , DIMEMBE , LAIKIT 
MANADO, SULAWESI UTARA , MINAHASA UTARA , LIKUPANG TIMUR , LIKUPANG II (LIKUPANG DUA) 
MANADO, SULAWESI UTARA , MINAHASA UTARA , TALAWAAN , PANIKI ATAS 
MANADO, SULAWESI UTARA , MINAHASA UTARA , KAUDITAN , LEMBEAN 
MANADO, SULAWESI UTARA , MINAHASA UTARA , KAUDITAN , KAUDITAN II (KAUDITAN DUA) 
MANADO, SULAWESI UTARA , MINAHASA UTARA , AIRMADIDI , SARONGSONG II (SARONGSONG DUA) 
MANADO, SULAWESI UTARA , MINAHASA UTARA , DIMEMBE , MATUNGKAS 
MANADO, SULAWESI UTARA , MINAHASA UTARA , LIKUPANG BARAT , MUNTE 
MANADO, SULAWESI UTARA , MINAHASA UTARA , LIKUPANG TIMUR , MAEN 
MANADO, SULAWESI UTARA , MINAHASA UTARA , DIMEMBE , WASIAN 
MANADO, SULAWESI UTARA , MINAHASA UTARA , KALAWAT , KOLONGAN 
MANADO, SULAWESI UTARA , MINAHASA UTARA , LIKUPANG TIMUR , LIKUPANG I (LIKUPANG SATU) 
MANADO, SULAWESI UTARA , MINAHASA UTARA , DIMEMBE , LUMPIAS 
MANADO, SULAWESI UTARA , MINAHASA UTARA , KAUDITAN , WATUDAMBO DUA 
MANADO, SULAWESI UTARA , MINAHASA UTARA , KAUDITAN , TUMALUNTUNG 
MANADO, SULAWESI UTARA , MINAHASA UTARA , DIMEMBE , WARUKAPAS 
MANADO, SULAWESI UTARA , MINAHASA UTARA , KALAWAT , WATUTUMOU TIGA (WATUTUMOU III) 
MANADO, SULAWESI UTARA , MINAHASA UTARA , LIKUPANG TIMUR , KALINAUN 
MANADO, SULAWESI UTARA , MINAHASA UTARA , KEMA , KEMA I (KEMA SATU) 
MANADO, SULAWESI UTARA , MINAHASA UTARA , LIKUPANG SELATAN , KOKOLEH DUA 
MANADO, SULAWESI UTARA , MINAHASA UTARA , KALAWAT , KAWANGKOAN BARU 
MANADO, SULAWESI UTARA , MINAHASA UTARA , WORI , WORI 
MANADO, SULAWESI TENGAH , PARIGI MOUTONG , MOUTONG , MOUTONG TENGAH 
MANADO, SULAWESI TENGAH , PARIGI MOUTONG , ONGKA MALINO , TINOMBALA BARAT 
MANADO, SULAWESI TENGAH , PARIGI MOUTONG , TINOMBO , TINOMBO 
MANADO, SULAWESI TENGAH , PARIGI MOUTONG , TAOPA , TAOPA 
MANADO, SULAWESI TENGAH , PARIGI MOUTONG , MEPANGA , SUMBER AGUNG 
MANADO, SULAWESI TENGAH , PARIGI MOUTONG , BOLANO , WANAMUKTI 
MANADO, GORONTALO , POHUWATO , BUNTULIA , TALUDUYUNU 
MANADO, GORONTALO , POHUWATO , PAGUAT , PENTADU 
MANADO, GORONTALO , POHUWATO , MARISA , MARISA SELATAN 
MANADO, GORONTALO , POHUWATO , DUHIADAA , BUNTULIA BARAT 
MANADO, GORONTALO , POHUWATO , RANDANGAN , MOTOLOHU 
MANADO, GORONTALO , POHUWATO , POPAYATO TIMUR , MALEO 
MANADO, GORONTALO , POHUWATO , MARISA , MARISA UTARA 
MANADO, GORONTALO , POHUWATO , LEMITO , LEMITO 
MANADO, GORONTALO , POHUWATO , POPAYATO , TRIKORA 
MANADO, GORONTALO , POHUWATO , PAGUAT , KEMIRI (KAMIRI) 
MANADO, GORONTALO , POHUWATO , TALUDITI (TALUDUTI) , PANCAKARSA II (PANCA KARSA II) 
MANADO, GORONTALO , POHUWATO , PATILANGGIO , DULOMO 
MANADO, GORONTALO , POHUWATO , PAGUAT , SIDUAN 
MANADO, GORONTALO , POHUWATO , MARISA , POHUWATO TIMUR 
MANADO, GORONTALO , POHUWATO , DUHIADAA , BUNTULIA JAYA 
MANADO, SULAWESI UTARA , TOMOHON , TOMOHON TENGAH , MATANI TIGA 
MANADO, SULAWESI UTARA , TOMOHON , TOMOHON UTARA , KAKASKASEN TIGA 
MANADO, SULAWESI UTARA , TOMOHON , TOMOHON SELATAN , LANSOT 
MANADO, SULAWESI UTARA , TOMOHON , TOMOHON UTARA , KAKASKASEN SATU 
MANADO, SULAWESI UTARA , TOMOHON , TOMOHON UTARA , KINILOW 
MANADO, SULAWESI UTARA , TOMOHON , TOMOHON TENGAH , MATANI DUA 
MANADO, SULAWESI UTARA , TOMOHON , TOMOHON TIMUR , PASLATEN SATU 
MANADO, SULAWESI UTARA , TOMOHON , TOMOHON SELATAN , LAHENDONG 
MANADO, SULAWESI UTARA , TOMOHON , TOMOHON BARAT , TARATARA SATU 
MANADO, SULAWESI UTARA , TOMOHON , TOMOHON BARAT , WOLOAN SATU 
MANADO, SULAWESI UTARA , TOMOHON , TOMOHON SELATAN , TUMATANGTANG 
MANADO, SULAWESI UTARA , TOMOHON , TOMOHON TENGAH , TALETE SATU 
MANADO, SULAWESI UTARA , TOMOHON , TOMOHON TENGAH , KAMASI 
MANADO, SULAWESI UTARA , TOMOHON , TOMOHON SELATAN , WALIAN SATU 
MALANG, JAWA TIMUR , BATU , BATU , SISIR 
MALANG, JAWA TIMUR , BATU , BUMIAJI , PUNTEN 
MALANG, JAWA TIMUR , BATU , BATU , SONGGOKERTO (SONGGO KERTO) 
MALANG, JAWA TIMUR , BATU , BATU , TEMAS 
MALANG, JAWA TIMUR , BATU , JUNREJO , BEJI 
MALANG, JAWA TIMUR , BATU , BATU , NGAGLIK 
MALANG, JAWA TIMUR , BATU , JUNREJO , PENDEM 
MALANG, JAWA TIMUR , BATU , JUNREJO , JUNREJO 
MALANG, JAWA TIMUR , BATU , BATU , PESANGGRAHAN 
MALANG, JAWA TIMUR , BATU , BATU , ORO-ORO OMBO 
MALANG, JAWA TIMUR , BATU , JUNREJO , TLEKUNG 
MALANG, JAWA TIMUR , BATU , JUNREJO , MOJOREJO 
MALANG, JAWA TIMUR , BATU , BUMIAJI , SUMBERBRANTAS (SUMBER BRANTAS) 
MALANG, JAWA TIMUR , BATU , BATU , SIDOMULYO 
MALANG, JAWA TIMUR , BATU , BUMIAJI , PAPANDANREJO (PANDAN REJO) 
MALANG, JAWA TIMUR , LUMAJANG , PRONOJIWO , PRONOJIWO 
MALANG, JAWA TIMUR , LUMAJANG , TEMPURSARI , PUNDUNGSARI 
MALANG, JAWA TIMUR , MALANG , LOWOKWARU , SUMBERSARI 
MALANG, JAWA TIMUR , MALANG , LOWOKWARU , TLOGOMAS 
MALANG, JAWA TIMUR , MALANG , TUREN , TUREN 
MALANG, JAWA TIMUR , MALANG , PUJON , PUJON LOR 
MALANG, JAWA TIMUR , MALANG , LOWOKWARU , DINOYO 
MALANG, JAWA TIMUR , MALANG , DAU , MULYOAGUNG 
MALANG, JAWA TIMUR , MALANG , KEPANJEN , KEPANJEN 
MALANG, JAWA TIMUR , MALANG , LOWOKWARU , TULUSREJO 
MALANG, JAWA TIMUR , MALANG , PAKIS , SEKARPURO 
MALANG, JAWA TIMUR , MALANG , SINGOSARI , PAGENTAN 
MALANG, JAWA TIMUR , MALANG , LAWANG , LAWANG 
MALANG, JAWA TIMUR , MALANG , LOWOKWARU , MOJOLANGU 
MALANG, JAWA TIMUR , MALANG , LAWANG , KALIREJO 
MALANG, JAWA TIMUR , MALANG , PAKIS , MANGLIAWAN 
MALANG, JAWA TIMUR , MALANG , KLOJEN , KLOJEN 
MALANG, JAWA TIMUR , MALANG , DAMPIT , DAMPIT 
MALANG, JAWA TIMUR , MALANG , BULULAWANG , KREBET 
MALANG, JAWA TIMUR , MALANG , KEDUNGKANDANG , KOTALAMA 
MALANG, JAWA TIMUR , MALANG , KEDUNGKANDANG , MERGOSONO 
MALANG, JAWA TIMUR , MALANG , JABUNG , KEMANTREN 
MALANG, JAWA TIMUR , MALANG , KARANG PLOSO (KARANGPLOSO) , NGIJO 
MALANG, JAWA TIMUR , MALANG , LOWOKWARU , LOWOKWARU 
MALANG, JAWA TIMUR , MALANG , SUKUN , KARANGBESUKI (KARANG BESUKI) 
MALANG, JAWA TIMUR , MALANG , LOWOKWARU , KETAWANGGEDE 
MALANG, JAWA TIMUR , MALANG , WAJAK , WAJAK 
MALANG, JAWA TIMUR , MALANG , BANTUR , WONOKERTO 
MALANG, JAWA TIMUR , MALANG , BLIMBING , PURWANTORO 
MALANG, JAWA TIMUR , MALANG , SUKUN , SUKUN 
MALANG, JAWA TIMUR , MALANG , SUKUN , PISANGCANDI (PISANG CANDI) 
MALANG, JAWA TIMUR , MALANG , KEPANJEN , CEPOKOMULYO 
MALANG, JAWA TIMUR , MALANG , BLIMBING , PURWODADI 
MALANG, JAWA TIMUR , MALANG , KLOJEN , KASIN 
MALANG, JAWA TIMUR , MALANG , LAWANG , BEDALI 
MALANG, JAWA TIMUR , MALANG , SUKUN , TANJUNGREJO 
MALANG, JAWA TIMUR , MALANG , PAKISAJI , PAKISAJI 
MALANG, JAWA TIMUR , MALANG , TUREN , TALOK 
MALANG, JAWA TIMUR , MALANG , BLIMBING , BUNULREJO 
MALANG, JAWA TIMUR , MALANG , KLOJEN , RAMPALCELAKET (RAMPAL CELAKET) 
MALANG, JAWA TIMUR , MALANG , SUKUN , BANDUNGREJOSARI 
MALANG, JAWA TIMUR , MALANG , TUMPANG , TUMPANG 
MALANG, JAWA TIMUR , MALANG , KEPANJEN , NGADILANGKUNG 
MALANG, JAWA TIMUR , MALANG , KLOJEN , BARENG 
MALANG, JAWA TIMUR , MALANG , SINGOSARI , LOSARI 
MALANG, JAWA TIMUR , MALANG , SUKUN , MULYOREJO 
MALANG, JAWA TIMUR , MALANG , DAU , KARANGWIDORO 
MALANG, JAWA TIMUR , MALANG , LOWOKWARU , MERJOSARI 
MALANG, JAWA TIMUR , MALANG , PAKIS , ASRIKATON 
MALANG, JAWA TIMUR , MALANG , SUKUN , GADANG 
MALANG, JAWA TIMUR , MALANG , KEDUNGKANDANG , SAWOJAJAR 
MALANG, JAWA TIMUR , MALANG , KLOJEN , KAUMAN 
MALANG, JAWA TIMUR , MALANG , SINGOSARI , BANJARARUM 
MALANG, JAWA TIMUR , MALANG , BLIMBING , POLEHAN 
MALANG, JAWA TIMUR , MALANG , KLOJEN , PENANGGUNGAN 
MALANG, JAWA TIMUR , MALANG , KEDUNGKANDANG , LESANPURO 
MALANG, JAWA TIMUR , MALANG , WAJAK , SUKOANYAR 
MALANG, JAWA TIMUR , MALANG , SUMBERPUCUNG , SUMBERPUCUNG 
MALANG, JAWA TIMUR , MALANG , DAMPIT , MAJANGTENGAH 
MALANG, JAWA TIMUR , MALANG , LOWOKWARU , JATIMULYO 
MALANG, JAWA TIMUR , MALANG , KEDUNGKANDANG , TLOGOWARU 
MALANG, JAWA TIMUR , MALANG , BLIMBING , ARJOSARI 
MALANG, JAWA TIMUR , MALANG , GONDANGLEGI , GONDANGLEGI KULON 
MALANG, JAWA TIMUR , MALANG , KEDUNGKANDANG , WONOKOYO 
MALANG, JAWA TIMUR , MALANG , PAKISAJI , KARANGDUREN 
MALANG, JAWA TIMUR , MALANG , TIRTOYUDO , TLOGOSARI 
MALANG, JAWA TIMUR , MALANG , KEPANJEN , DILEM 
MALANG, JAWA TIMUR , MALANG , KASEMBON , KASEMBON 
MALANG, JAWA TIMUR , MALANG , AMPELGADING , TIRTOMARTO 
MALANG, JAWA TIMUR , MALANG , LOWOKWARU , TUNJUNGSEKAR 
MALANG, JAWA TIMUR , MALANG , LAWANG , SUMBERPORONG (SUMBER PORONG) 
MALANG, JAWA TIMUR , MALANG , BLIMBING , PANDANWANGI 
MALANG, JAWA TIMUR , MALANG , PAKISAJI , KENDALPAYAK 
MALANG, JAWA TIMUR , MALANG , SUMBERPUCUNG , JATIGUWI 
MALANG, JAWA TIMUR , MALANG , TUMPANG , TULUSBESAR 
MALANG, JAWA TIMUR , MALANG , KARANG PLOSO (KARANGPLOSO) , TEGALGONDO 
MALANG, JAWA TIMUR , MALANG , NGANTANG , KAUMREJO 
MALANG, JAWA TIMUR , MALANG , KLOJEN , ORO ORO DOWO 
MALANG, JAWA TIMUR , MALANG , SINGOSARI , RANDUAGUNG 
MALANG, JAWA TIMUR , MALANG , PAKIS , SUMBERPASIR 
MALANG, JAWA TIMUR , MALANG , KROMENGAN , SLOROK 
MALANG, JAWA TIMUR , MALANG , SUMBERPUCUNG , NGEBRUG (NGEBRUK) 
MALANG, JAWA TIMUR , MALANG , PUJON , NGROTO 
MALANG, JAWA TIMUR , MALANG , SINGOSARI , WATUGEDE 
MALANG, JAWA TIMUR , MALANG , BULULAWANG , BULULAWANG 
MALANG, JAWA TIMUR , MALANG , PAKIS , PAKISJAJAR 
MALANG, JAWA TIMUR , MALANG , NGANTANG , JOMBOK 
MALANG, JAWA TIMUR , MALANG , SUMBERMANJING WETAN , SUMBERMANJING WETAN 
MALANG, JAWA TIMUR , MALANG , NGANTANG , NGANTRU 
MALANG, JAWA TIMUR , MALANG , LOWOKWARU , TASIK MADU (TASIKMADU) 
MALANG, JAWA TIMUR , MALANG , KARANG PLOSO (KARANGPLOSO) , AMPELDENTO 
MALANG, JAWA TIMUR , MALANG , SUKUN , BAKALANKRAJAN (BAKALAN KRAJAN) 
MALANG, JAWA TIMUR , MALANG , TUMPANG , MALANGSUKO 
MALANG, JAWA TIMUR , MALANG , WAJAK , BRINGIN 
MALANG, JAWA TIMUR , MALANG , PAGAK , GAMPINGAN 
MALANG, JAWA TIMUR , MALANG , WONOSARI , WONOSARI 
MALANG, JAWA TIMUR , MALANG , PONCOKUSUMO , BELUNG 
MALANG, JAWA TIMUR , MALANG , TUREN , TALANGSUKO 
MALANG, JAWA TIMUR , MALANG , TAJINAN , TAMBAKSARI (TAMBAKASRI) 
MALANG, JAWA TIMUR , MALANG , BULULAWANG , KUWOLU 
MALANG, JAWA TIMUR , MALANG , KARANG PLOSO (KARANGPLOSO) , DONOWARIH 
MALANG, JAWA TIMUR , MALANG , SINGOSARI , ARDIMULYO 
MALANG, JAWA TIMUR , MALANG , NGANTANG , MULYOREJO 
MALANG, JAWA TIMUR , MALANG , TAJINAN , GUNUNGSARI 
MALANG, JAWA TIMUR , MALANG , KROMENGAN , JATIKERTO 
MALANG, JAWA TIMUR , MALANG , LAWANG , MULYOARJO 
MALANG, JAWA TIMUR , MALANG , WAGIR , JEDONG 
MALANG, JAWA TIMUR , MALANG , SINGOSARI , CANDIRENGGO 
MALANG, JAWA TIMUR , MALANG , KEPANJEN , SUKOHARJO (SUKORAHARJO) 
MALANG, JAWA TIMUR , MALANG , PUJON , NGABAB 
MALANG, JAWA TIMUR , MALANG , WAJAK , BLAYU 
MALANG, JAWA TIMUR , MALANG , PAGAK , SUMBERMANJING KULON 
MALANG, JAWA TIMUR , MALANG , AMPELGADING , SIDORENGGO 
MALANG, JAWA TIMUR , MALANG , TUREN , SANANREJO 
MALANG, JAWA TIMUR , MALANG , PAKIS , AMPELDENTO 
MALANG, JAWA TIMUR , MALANG , PONCOKUSUMO , KARANGANYAR 
MALANG, JAWA TIMUR , MALANG , PAGAK , PAGAK 
MALANG, JAWA TIMUR , MALANG , TIRTOYUDO , AMPELGADING 
MALANG, JAWA TIMUR , MALANG , PAKISAJI , KEBONAGUNG 
MALANG, JAWA TIMUR , MALANG , TUMPANG , BOKOR 
MALANG, JAWA TIMUR , MALANG , PAKISAJI , KARANGPANDAN 
MALANG, JAWA TIMUR , MALANG , DONOMULYO , DONOMULYO 
MALANG, JAWA TIMUR , MALANG , KEPANJEN , PANARUKAN (PENARUKAN) 
MALANG, JAWA TIMUR , MALANG , SUMBERPUCUNG , SENGGRENG 
MALANG, JAWA TIMUR , MALANG , PAGELARAN , KARANGSUKO 
MALANG, JAWA TIMUR , MALANG , TUMPANG , PULUNGDOWO 
MALANG, JAWA TIMUR , MALANG , KEPANJEN , CURUNGREJO (CURUNG REJO) 
MALANG, JAWA TIMUR , MALANG , BULULAWANG , WANDANPURO 
MALANG, JAWA TIMUR , MALANG , WAGIR , PANDANLANDUNG 
MALANG, JAWA TIMUR , MALANG , LAWANG , SIDODADI 
MALANG, JAWA TIMUR , MALANG , KEPANJEN , MOJOSARI 
MALANG, JAWA TIMUR , MALANG , GONDANGLEGI , GONDANGLEGI WETAN 
MALANG, JAWA TIMUR , MALANG , BLIMBING , BLIMBING 
MALANG, JAWA TIMUR , MALANG , DAU , KALISONGO 
MALANG, JAWA TIMUR , MALANG , SUMBERPUCUNG , KARANGKATES 
MALANG, JAWA TIMUR , MALANG , GONDANGLEGI , SEPANJANG 
MALANG, JAWA TIMUR , MALANG , BULULAWANG , LUMBANGSARI 
MALANG, JAWA TIMUR , MALANG , KARANG PLOSO (KARANGPLOSO) , GIRIMOYO 
MALANG, JAWA TIMUR , MALANG , PONCOKUSUMO , WONOMULYO 
MALANG, JAWA TIMUR , MALANG , KEDUNGKANDANG , ARJOWINANGUN 
MALANG, JAWA TIMUR , MALANG , KASEMBON , SUKOSARI 
MALANG, JAWA TIMUR , MALANG , BANTUR , WONOREJO 
MALANG, JAWA TIMUR , MALANG , SINGOSARI , BATURETNO 
MALANG, JAWA TIMUR , MALANG , KEDUNGKANDANG , BUMIAYU 
MALANG, JAWA TIMUR , MALANG , KEPANJEN , PANGGUNGREJO 
MALANG, JAWA TIMUR , MALANG , PONCOKUSUMO , WRINGINANOM 
MALANG, JAWA TIMUR , MALANG , NGAJUNG (NGAJUM) , NGAJUM 
MALANG, JAWA TIMUR , MALANG , PAKIS , TIRTOMOYO 
MALANG, JAWA TIMUR , MALANG , KLOJEN , GADING KASRI (GADINGKASRI) 
MALANG, JAWA TIMUR , MALANG , GONDANGLEGI , KETAWANG 
MALANG, JAWA TIMUR , MALANG , KEDUNGKANDANG , BURING 
MALANG, JAWA TIMUR , MALANG , KEPANJEN , JENGGOLO 
MALANG, JAWA TIMUR , MALANG , TUREN , SAWAHAN 
MALANG, JAWA TIMUR , MALANG , PUJON , PANDESARI 
MALANG, JAWA TIMUR , MALANG , KEDUNGKANDANG , MADYOPURO 
MALANG, JAWA TIMUR , MALANG , PAKIS , PAKISKEMBAR 
MALANG, JAWA TIMUR , MALANG , KEPANJEN , TALANGAGUNG 
MALANG, JAWA TIMUR , MALANG , GONDANGLEGI , PUTAT KIDUL 
MALANG, JAWA TIMUR , MALANG , PAKIS , KEDUNGREJO 
MALANG, JAWA TIMUR , MALANG , BULULAWANG , PRINGU 
MALANG, JAWA TIMUR , MALANG , SINGOSARI , TAMANHARJO 
MALANG, JAWA TIMUR , MALANG , PAGELARAN , BANJAREJO 
MALANG, JAWA TIMUR , MALANG , GEDANGAN , SUMBEREJO 
MALANG, JAWA TIMUR , MALANG , BANTUR , REJOYOSO 
MALANG, JAWA TIMUR , MALANG , GONDANGLEGI , UREK UREK 
MALANG, JAWA TIMUR , MALANG , KLOJEN , KIDULDALEM (KIDUL DALEM) 
MALANG, JAWA TIMUR , MALANG , BLIMBING , POLOWIJEN 
MALANG, JAWA TIMUR , MALANG , BULULAWANG , SUDIMORO 
MALANG, JAWA TIMUR , MALANG , WAGIR , SITIREJO 
MALANG, JAWA TIMUR , MALANG , TIRTOYUDO , TIRTOYUDO 
MALANG, JAWA TIMUR , MALANG , KEDUNGKANDANG , CEMOROKANDANG 
MALANG, JAWA TIMUR , MALANG , SUKUN , KEBONSARI 
MALANG, JAWA TIMUR , MALANG , KARANG PLOSO (KARANGPLOSO) , KEPUHARJO 
MALANG, JAWA TIMUR , MALANG , BULULAWANG , GADING 
MALANG, JAWA TIMUR , MALANG , TUREN , PAGEDANGAN 
MALANG, JAWA TIMUR , MALANG , DAMPIT , REMBUN 
MALANG, JAWA TIMUR , MALANG , TUREN , KEDOK 
MALANG, JAWA TIMUR , MALANG , SINGOSARI , LANG - LANG (LANGLANG) 
MALANG, JAWA TIMUR , MALANG , KALIPARE , KALIPARE 
MALANG, JAWA TIMUR , MALANG , KEDUNGKANDANG , KEDUNGKANDANG 
MALANG, JAWA TIMUR , MALANG , TUREN , TANGGUNG 
MALANG, JAWA TIMUR , MALANG , KEPANJEN , KEDUNGPEDARINGAN 
MALANG, JAWA TIMUR , MALANG , LAWANG , KETINDAN 
MALANG, JAWA TIMUR ,  , LOWOKWARU , JATIMULYO 
MALANG, JAWA TIMUR , PASURUAN , PURWOREJO , TEMBOKREJO 
MALANG, JAWA TIMUR , PASURUAN , BANGIL , KIDULDALEM (KIDUL DALEM) 
MALANG, JAWA TIMUR , PASURUAN , PANDAAN , PANDAAN 
MALANG, JAWA TIMUR , PASURUAN , GADINGREJO , GENTONG 
MALANG, JAWA TIMUR , PASURUAN , PANGGUNGREJO , TRAJENG 
MALANG, JAWA TIMUR , PASURUAN , PANDAAN , SUMBERGEDANG (SUMBER GEDANG) 
MALANG, JAWA TIMUR , PASURUAN , SUKOREJO , SUKOREJO 
MALANG, JAWA TIMUR , PASURUAN , BEJI , GUNUNG GANGSIR 
MALANG, JAWA TIMUR , PASURUAN , BEJI , CANGKRINGMALANG (CANGKRING MALANG) 
MALANG, JAWA TIMUR , PASURUAN , GEMPOL , KEJAPANAN 
MALANG, JAWA TIMUR , PASURUAN , GRATI , KEDAWUNGKULON (KEDAWUNG KULON) 
MALANG, JAWA TIMUR , PASURUAN , PURWOREJO , PURWOREJO 
MALANG, JAWA TIMUR , PASURUAN , PURWOREJO , KEBONAGUNG 
MALANG, JAWA TIMUR , PASURUAN , PURWOSARI , PURWOSARI 
MALANG, JAWA TIMUR , PASURUAN , PRIGEN , PECALUKAN 
MALANG, JAWA TIMUR , PASURUAN , PANGGUNGREJO , BUGUL LOR 
MALANG, JAWA TIMUR , PASURUAN , WONOREJO , WONOREJO 
MALANG, JAWA TIMUR , PASURUAN , GADINGREJO , KARANGKETUG 
MALANG, JAWA TIMUR , PASURUAN , GONDANGWETAN (GONDANG WETAN) , KARANGSENTUL (KARANG SENTUL) 
MALANG, JAWA TIMUR , PASURUAN , PRIGEN , PRIGEN 
MALANG, JAWA TIMUR , PASURUAN , PANGGUNGREJO , MANDARANREJO 
MALANG, JAWA TIMUR , PASURUAN , GRATI , GRATITUNON (GRATI TUNON) 
MALANG, JAWA TIMUR , PASURUAN , BEJI , BEJI 
MALANG, JAWA TIMUR , PASURUAN , WINONGAN , PENATAAN 
MALANG, JAWA TIMUR , PASURUAN , GEMPOL , GEMPOL 
MALANG, JAWA TIMUR , PASURUAN , PANGGUNGREJO , KEBONSARI 
MALANG, JAWA TIMUR , PASURUAN , KRATON , KRATON 
MALANG, JAWA TIMUR , PASURUAN , GADINGREJO , GADINGREJO'AN (GADINGREJO) 
MALANG, JAWA TIMUR , PASURUAN , KEJAYAN , KEJAYAN 
MALANG, JAWA TIMUR , PASURUAN , REJOSO , ARJOSARI 
MALANG, JAWA TIMUR , PASURUAN , NGULING , NGULING 
MALANG, JAWA TIMUR , PASURUAN , BUGUL KIDUL , BUGUL KIDUL 
MALANG, JAWA TIMUR , PASURUAN , BANGIL , KOLURSARI 
MALANG, JAWA TIMUR , PASURUAN , PURWOREJO , PURUTREJO 
MALANG, JAWA TIMUR , PASURUAN , GADINGREJO , SEBANI 
MALANG, JAWA TIMUR , PASURUAN , BUGUL KIDUL , TAPA'AN (TAPAAN) 
MALANG, JAWA TIMUR , PASURUAN , PANDAAN , KUTOREJO 
MALANG, JAWA TIMUR , PASURUAN , GADINGREJO , KRAPYAKREJO 
MALANG, JAWA TIMUR , PASURUAN , TUTUR , WONOSARI 
MALANG, JAWA TIMUR , PASURUAN , PANGGUNGREJO , KARANGANYAR 
MALANG, JAWA TIMUR , PASURUAN , GEMPOL , LEGOK 
MALANG, JAWA TIMUR , PASURUAN , GADINGREJO , RANDUSARI 
MALANG, JAWA TIMUR , PASURUAN , PURWOREJO , SEKARGADUNG 
MALANG, JAWA TIMUR , PASURUAN , TUTUR , TUTUR 
MALANG, JAWA TIMUR , PASURUAN , PANDAAN , PETUNGASRI 
MALANG, JAWA TIMUR , PASURUAN , BANGIL , KALIREJO 
MALANG, JAWA TIMUR , PASURUAN , PANDAAN , KARANGJATI (KARANG JATI) 
MALANG, JAWA TIMUR , PASURUAN , PURWOREJO , POHJENTREK 
MALANG, JAWA TIMUR , PASURUAN , SUKOREJO , LEMAHBANG 
MALANG, JAWA TIMUR , PASURUAN , BANGIL , RACI 
MALANG, JAWA TIMUR , PASURUAN , SUKOREJO , GLAGAHSARI (GLAGAH SARI) 
MALANG, JAWA TIMUR , PASURUAN , PURWOSARI , SUMBERSUKO (SUMBER SUKO) 
MALANG, JAWA TIMUR , PASURUAN , POHJENTREK , SUNGIKULON (SUNGI KULON) 
MALANG, JAWA TIMUR , PASURUAN , PURWODADI , SENTUL 
MALANG, JAWA TIMUR , PASURUAN , GEMPOL , RANDUPITU 
MALANG, JAWA TIMUR , PASURUAN , BANGIL , POGAR 
MALANG, JAWA TIMUR , PASURUAN , SUKOREJO , NGADIMULYO 
MALANG, JAWA TIMUR , PASURUAN , KEJAYAN , SLADI 
MALANG, JAWA TIMUR , PASURUAN , PANGGUNGREJO , PEKUNCEN 
MALANG, JAWA TIMUR , PASURUAN , BANGIL , KERSIKAN 
MALANG, JAWA TIMUR , PASURUAN , SUKOREJO , KARANGSONO 
MALANG, JAWA TIMUR , PASURUAN , REMBANG , PEKOREN 
MALANG, JAWA TIMUR , PASURUAN , POHJENTREK , WARUNGDOWO (WARUNG DOWO) 
MALANG, JAWA TIMUR , PASURUAN , GEMPOL , KARANGREJO 
MALANG, JAWA TIMUR , PASURUAN , SUKOREJO , SUWAYUWO 
MAKASSAR, SULAWESI SELATAN , BANTAENG , BANTAENG , PALLANTIKANG 
MAKASSAR, SULAWESI SELATAN , BANTAENG , BISSAPPU , BONTO SUNGGU 
MAKASSAR, SULAWESI SELATAN , BANTAENG , BANTAENG , LETTA 
MAKASSAR, SULAWESI SELATAN , BANTAENG , BISSAPPU , BONTO LEBANG 
MAKASSAR, SULAWESI SELATAN , BANTAENG , BISSAPPU , BONTO RITA 
MAKASSAR, SULAWESI SELATAN , BANTAENG , TOMPO BULU (TOMPOBULU) , BANYORANG 
MAKASSAR, SULAWESI SELATAN , BANTAENG , EREMERASA , ULU GALUNG (ULUGALUNG) 
MAKASSAR, SULAWESI SELATAN , BONE , TANETE RIATTANG , BIRU 
MAKASSAR, SULAWESI SELATAN , BONE , TANETE RIATTANG , WATAMPONE 
MAKASSAR, SULAWESI SELATAN , BONE , TANETE RIATTANG , MASUMPU 
MAKASSAR, SULAWESI SELATAN , BONE , TANETE RIATTANG , TA 
MAKASSAR, SULAWESI SELATAN , BONE , ULAWENG , CINNONG 
MAKASSAR, SULAWESI SELATAN , BONE , KAHU , PALATTAE 
MAKASSAR, SULAWESI SELATAN , BONE , DUA BOCCOE , ULOE 
MAKASSAR, SULAWESI SELATAN , BONE , LAPPARIAJA , PATANGKAI 
MAKASSAR, SULAWESI SELATAN , BONE , TANETE TANETE RIATTANG BARAT , BULU TEMPE 
MAKASSAR, SULAWESI SELATAN , BONE , LAMURU , LALEBATA 
MAKASSAR, SULAWESI SELATAN , BONE , MARE , PADAELO 
MAKASSAR, SULAWESI SELATAN , BONE , SIBULUE , MAROANGING 
MAKASSAR, SULAWESI SELATAN , BONE , LIBURENG , WANUAWARU 
MAKASSAR, SULAWESI SELATAN , BONE , CINA , ABBUMPUNGENG 
MAKASSAR, SULAWESI SELATAN , BONE , BENGO , BENGO 
MAKASSAR, SULAWESI SELATAN , BONE , TONRA , BULU-BULU 
MAKASSAR, SULAWESI SELATAN , BONE , KAJUARA , PUDE 
MAKASSAR, SULAWESI SELATAN , BONE , TANETE RIATTANG , BUKAKA 
MAKASSAR, SULAWESI SELATAN , BONE , TANETE TANETE RIATTANG BARAT , MACANANG 
MAKASSAR, SULAWESI SELATAN , BONE , TANETE RIATTANG TIMUR , CELLU 
MAKASSAR, SULAWESI SELATAN , BONE , AWANGPONE , LAPPOASE (LAPPO ASE) 
MAKASSAR, SULAWESI SELATAN , BONE , TELLU SIATTINGE , SIJELLING 
MAKASSAR, SULAWESI SELATAN , BONE , LAPPARIAJA , SENGENG PALIE 
MAKASSAR, SULAWESI SELATAN , BONE , TELLU SIATTINGE , TOKASENG 
MAKASSAR, SULAWESI SELATAN , BONE , TANETE TANETE RIATTANG BARAT , MACEGE 
MAKASSAR, SULAWESI SELATAN , BULUKUMBA , BONTO BAHARI , TANAH BERU 
MAKASSAR, SULAWESI SELATAN , BULUKUMBA , UJUNGLOE (UJUNG LOE) , DANNUANG 
MAKASSAR, SULAWESI SELATAN , BULUKUMBA , GANTORANG/GANTARANG (GANGKING) , POLEWALI 
MAKASSAR, SULAWESI SELATAN , BULUKUMBA , UJUNG BULU , CAILE 
MAKASSAR, SULAWESI SELATAN , BULUKUMBA , UJUNG BULU , TANAH KONGKONG 
MAKASSAR, SULAWESI SELATAN , BULUKUMBA , BULUKUMBA (BULUKUMPA) , TANETE 
MAKASSAR, SULAWESI SELATAN , BULUKUMBA , UJUNG BULU , TERANG-TERANG 
MAKASSAR, SULAWESI SELATAN , BULUKUMBA , GANTORANG/GANTARANG (GANGKING) , MATEKKO (MATTEKKO) 
MAKASSAR, SULAWESI SELATAN , BULUKUMBA , UJUNGLOE (UJUNG LOE) , GARANTA 
MAKASSAR, SULAWESI SELATAN , BULUKUMBA , BONTO BAHARI , BIRA 
MAKASSAR, SULAWESI SELATAN , BULUKUMBA , BONTO BAHARI , ARA 
MAKASSAR, SULAWESI SELATAN , BULUKUMBA , BONTO TIRO (BONTOTIRO) , BONTO TANGNGA 
MAKASSAR, SULAWESI SELATAN , BULUKUMBA , HERO LANGE LANGE (HERLANG) , SINGA 
MAKASSAR, SULAWESI SELATAN , BULUKUMBA , GANTORANG/GANTARANG (GANGKING) , PALANG BARAE (PALAMBARAE) 
MAKASSAR, SULAWESI SELATAN , BULUKUMBA , RILAUALE (RILAU ALE) , PALAMPANG 
MAKASSAR, SULAWESI SELATAN , BULUKUMBA , KAJANG , TAMBANGAN 
MAKASSAR, SULAWESI SELATAN , BULUKUMBA , KAJANG , TANAH JAYA 
MAKASSAR, SULAWESI SELATAN , BULUKUMBA , UJUNG BULU , KALUMEME 
MAKASSAR, SULAWESI SELATAN , BULUKUMBA , GANTORANG/GANTARANG (GANGKING) , JALANJANG 
MAKASSAR, SULAWESI SELATAN , BULUKUMBA , RILAUALE (RILAU ALE) , BONTO LOHE (BONTOLOHE) 
MAKASSAR, SULAWESI SELATAN , BULUKUMBA , BULUKUMBA (BULUKUMPA) , BALANG PESOANG 
MAKASSAR, SULAWESI SELATAN , GOWA , SOMBA OPU (UPU) , TOMBOLO 
MAKASSAR, SULAWESI SELATAN , GOWA , SOMBA OPU (UPU) , BATANGKALUKU 
MAKASSAR, SULAWESI SELATAN , GOWA , BONTOMARANNU , ROMANG LOMPOA 
MAKASSAR, SULAWESI SELATAN , GOWA , BAJENG , PANCIRO 
MAKASSAR, SULAWESI SELATAN , GOWA , SOMBA OPU (UPU) , BONTO BONTOA 
MAKASSAR, SULAWESI SELATAN , JENEPONTO , BANGKALA , BENTENG 
MAKASSAR, SULAWESI SELATAN , JENEPONTO , BINAMU , EMPOANG 
MAKASSAR, SULAWESI SELATAN , JENEPONTO , TAMALATEA , BONTO TANGNGA (BONTOTANGNGA) 
MAKASSAR, SULAWESI SELATAN , JENEPONTO , TAMALATEA , TURATEA TIMUR 
MAKASSAR, SULAWESI SELATAN , JENEPONTO , BINAMU , BALANG TOA 
MAKASSAR, SULAWESI SELATAN , JENEPONTO , BATANG , TOGO-TOGO 
MAKASSAR, SULAWESI SELATAN , JENEPONTO , ARUNGKEKE , ARUNGKEKE 
MAKASSAR, SULAWESI SELATAN , JENEPONTO , TAROWANG , BONTO UJUNG 
MAKASSAR, SULAWESI SELATAN , JENEPONTO , KELARA , TOLO 
MAKASSAR, SULAWESI SELATAN , JENEPONTO , BANGKALA , BONTORANNU 
MAKASSAR, SULAWESI SELATAN , JENEPONTO , TAROWANG , PAO 
MAKASSAR, SULAWESI SELATAN , JENEPONTO , RUMBIA , RUMBIA 
MAKASSAR, SULAWESI SELATAN , JENEPONTO , BINAMU , PABIRINGA 
MAKASSAR, SULAWESI SELATAN , JENEPONTO , BINAMU , BALANG 
MAKASSAR, SULAWESI SELATAN , JENEPONTO , RUMBIA , TOMPOBULU 
MAKASSAR, SULAWESI SELATAN , JENEPONTO , TAMALATEA , TAMAN ROYA 
MAKASSAR, SULAWESI SELATAN , JENEPONTO , BINAMU , BALANG BERU 
MAKASSAR, SULAWESI SELATAN , JENEPONTO , BONTORAMBA , BONTORAMBA 
MAKASSAR, SULAWESI SELATAN , JENEPONTO , BINAMU , EMPOANG SELATAN 
MAKASSAR, SULAWESI BARAT , MAJENE , BANGGAE , BANGGAE 
MAKASSAR, SULAWESI BARAT , MAJENE , BANGGAE , PANGALI-ALI 
MAKASSAR, SULAWESI BARAT , MAJENE , SENDANA , MOSSO 
MAKASSAR, SULAWESI BARAT , MAJENE , PAMBOANG , LALAMPANUA 
MAKASSAR, SULAWESI BARAT , MAJENE , BANGGAE , TOTOLI 
MAKASSAR, SULAWESI BARAT , MAJENE , MALUNDA , MALUNDA 
MAKASSAR, SULAWESI SELATAN , MAKASSAR , PANAKKUKANG , MASALE 
MAKASSAR, SULAWESI SELATAN , MAKASSAR , BIRINGKANAYA (BIRING KANAYA) , PAI 
MAKASSAR, SULAWESI SELATAN , MAKASSAR , MAKASSAR , LARIANGBANGI (LARIANG BANGI) 
MAKASSAR, SULAWESI SELATAN , MAKASSAR , TAMALANREA , TAMALANREA JAYA 
MAKASSAR, SULAWESI SELATAN , MAKASSAR , TAMALANREA , TAMALANREA 
MAKASSAR, SULAWESI SELATAN , MAKASSAR , MAKASSAR , BARA-BARAYA 
MAKASSAR, SULAWESI SELATAN , MAKASSAR , TAMALATE , MANNURUKI 
MAKASSAR, SULAWESI SELATAN , MAKASSAR , MAKASSAR , MACCINI 
MAKASSAR, SULAWESI SELATAN , MAKASSAR , TAMALANREA , TAMALANREA INDAH 
MAKASSAR, SULAWESI SELATAN , MAKASSAR , BIRINGKANAYA (BIRING KANAYA) , DAYA 
MAKASSAR, SULAWESI SELATAN , MAKASSAR , TAMALATE , PA'BAENG-BAENG (PA BAENG-BAENG) 
MAKASSAR, SULAWESI SELATAN , MAKASSAR , UJUNG TANAH , PATINGALLOANG BARU (PATTINGALLOANG BARU) 
MAKASSAR, SULAWESI SELATAN , MAKASSAR , TAMALATE , TANJUNG MERDEKA 
MAKASSAR, SULAWESI SELATAN , MAKASSAR , BONTOALA , LAYANG 
MAKASSAR, SULAWESI SELATAN , MAKASSAR , RAPPOCINI , TIDUNG 
MAKASSAR, SULAWESI SELATAN , MAKASSAR , RAPPOCINI , GUNUNG SARI 
MAKASSAR, SULAWESI SELATAN , MAKASSAR , TALLO , TALLO 
MAKASSAR, SULAWESI SELATAN , MAKASSAR , TALLO , RAPPOKALLING 
MAKASSAR, SULAWESI SELATAN , MAKASSAR , BIRINGKANAYA (BIRING KANAYA) , PACCERAKKANG (PACCERAKANG) 
MAKASSAR, SULAWESI SELATAN , MAKASSAR , PANAKKUKANG , TAMAMAUNG 
MAKASSAR, SULAWESI SELATAN , MAKASSAR , WAJO , MELAYU 
MAKASSAR, SULAWESI SELATAN , MAKASSAR , BIRINGKANAYA (BIRING KANAYA) , SUDIANG RAYA 
MAKASSAR, SULAWESI SELATAN , MAKASSAR , UJUNG PANDANG , PISANG UTARA 
MAKASSAR, SULAWESI SELATAN , MAKASSAR , UJUNG PANDANG , LOSARI 
MAKASSAR, SULAWESI SELATAN , MAKASSAR , BONTOALA , WAJO BARU 
MAKASSAR, SULAWESI SELATAN , MAKASSAR , MANGGALA , BANGKALA 
MAKASSAR, SULAWESI SELATAN , MAKASSAR , RAPPOCINI , RAPPOCINI 
MAKASSAR, SULAWESI SELATAN , MAKASSAR , UJUNG PANDANG , BARU 
MAKASSAR, SULAWESI SELATAN , MAKASSAR , TALLO , PANNAMPU 
MAKASSAR, SULAWESI SELATAN , MAKASSAR , UJUNG PANDANG , PISANG SELATAN 
MAKASSAR, SULAWESI SELATAN , MAKASSAR , PANAKKUKANG , PANAIKANG 
MAKASSAR, SULAWESI SELATAN , MAKASSAR , TAMALATE , PARANG TAMBUNG 
MAKASSAR, SULAWESI SELATAN , MAKASSAR , BIRINGKANAYA (BIRING KANAYA) , SUDIANG 
MAKASSAR, SULAWESI SELATAN , MAKASSAR , TALLO , SUANGGA (SUWANGGA) 
MAKASSAR, SULAWESI SELATAN , MAKASSAR , TAMALANREA , KAPASA 
MAKASSAR, SULAWESI SELATAN , MAKASSAR , RAPPOCINI , BANTA-BANTAENG 
MAKASSAR, SULAWESI SELATAN , MAKASSAR , MAKASSAR , MACCINI GUSUNG 
MAKASSAR, SULAWESI SELATAN , MAKASSAR , MAMAJANG , MANDALA 
MAKASSAR, SULAWESI SELATAN , MAKASSAR , PANAKKUKANG , PAROPO 
MAKASSAR, SULAWESI SELATAN , MAKASSAR , TALLO , UJUNG PANDANG BARU (MAKASSARDANG BARU) 
MAKASSAR, SULAWESI SELATAN , MAKASSAR , MARISO , KUNJUNG MAE 
MAKASSAR, SULAWESI SELATAN , MAKASSAR , TAMALATE , JONGAYA 
MAKASSAR, SULAWESI SELATAN , MAKASSAR , PANAKKUKANG , KARUWISI 
MAKASSAR, SULAWESI SELATAN , MAKASSAR , MARISO , KAMPUNG BUYANG 
MAKASSAR, SULAWESI SELATAN , MAKASSAR , RAPPOCINI , KARUNRUNG 
MAKASSAR, SULAWESI SELATAN , MAKASSAR , MANGGALA , BATUA 
MAKASSAR, SULAWESI SELATAN , MAKASSAR , MAKASSAR , MARADEKAYA 
MAKASSAR, SULAWESI SELATAN , MAKASSAR , WAJO , PATTUNUANG 
MAKASSAR, SULAWESI SELATAN , MAKASSAR , MANGGALA , BORONG 
MAKASSAR, SULAWESI SELATAN , MAKASSAR , BONTOALA , BONTOALA PARANG 
MAKASSAR, SULAWESI SELATAN , MAKASSAR , MAKASSAR , MARICAYA 
MAKASSAR, SULAWESI SELATAN , MAKASSAR , BIRINGKANAYA (BIRING KANAYA) , BULUROKEN (BULUROKENG) 
MAKASSAR, SULAWESI SELATAN , MAKASSAR , RAPPOCINI , BUAKANA 
MAKASSAR, SULAWESI SELATAN , MAKASSAR , WAJO , BUTUNG 
MAKASSAR, SULAWESI SELATAN , MAKASSAR , UJUNG PANDANG , MANGKURA 
MAKASSAR, SULAWESI SELATAN , MAKASSAR , TAMALATE , BAROMBONG 
MAKASSAR, SULAWESI SELATAN , MAKASSAR , TAMALATE , MANGASA 
MAKASSAR, SULAWESI SELATAN , MAKASSAR , MAMAJANG , BONTO BIRAENG 
MAKASSAR, SULAWESI SELATAN , MAKASSAR , MANGGALA , ANTANG 
MAKASSAR, SULAWESI SELATAN , MAKASSAR , MAMAJANG , BAJI MAPPAKASUNGGU 
MAKASSAR, SULAWESI SELATAN , MAKASSAR , MARISO , PANAMBUNGAN 
MAKASSAR, SULAWESI SELATAN , MAKASSAR , TAMALANREA , PARANG LOE 
MAKASSAR, SULAWESI SELATAN , MAKASSAR , UJUNG TANAH , GUSUNG 
MAKASSAR, SULAWESI SELATAN , MAKASSAR , MANGGALA , MANGGALA 
MAKASSAR, SULAWESI SELATAN , MAKASSAR , UJUNG PANDANG , BULOGADING 
MAKASSAR, SULAWESI SELATAN , MAKASSAR , UJUNG TANAH , TOTAKA 
MAKASSAR, SULAWESI SELATAN , MAKASSAR , RAPPOCINI , MAPPALA 
MAKASSAR, SULAWESI SELATAN , MAKASSAR , PANAKKUKANG , TELLO BARU 
MAKASSAR, SULAWESI SELATAN , MAKASSAR , PANAKKUKANG , SINRIJALA (SINRI JALA) 
MAKASSAR, SULAWESI SELATAN , MAKASSAR , PANAKKUKANG , PANDANG 
MAKASSAR, SULAWESI SELATAN , MAKASSAR , BONTOALA , BONTOALA 
MAKASSAR, SULAWESI SELATAN , MAKASSAR , TALLO , WALA-WALAYA 
MAKASSAR, SULAWESI SELATAN , MAKASSAR , MANGGALA , TAMANGAPA 
MAKASSAR, SULAWESI SELATAN , MAKASSAR , RAPPOCINI , KASSI-KASSI 
MAKASSAR, SULAWESI SELATAN , MAKASSAR , PANAKKUKANG , KARAMPUANG 
MAKASSAR, SULAWESI SELATAN , MAKASSAR , TAMALANREA , BIRA 
MAKASSAR, SULAWESI SELATAN , MAKASSAR , MAMAJANG , PARANG 
MAKASSAR, SULAWESI SELATAN , MAKASSAR , TAMALATE , BALANG BARU 
MAKASSAR, SULAWESI SELATAN , MAKASSAR , PANAKKUKANG , PAMPANG 
MAKASSAR, SULAWESI SELATAN , MAKASSAR , TALLO , KALUKU BODOA 
MAKASSAR, SULAWESI SELATAN , MAKASSAR , MARISO , TAMARUNANG 
MAKASSAR, SULAWESI SELATAN , MAKASSAR , UJUNG TANAH , TABARINGAN 
MAKASSAR, SULAWESI SELATAN , MAKASSAR , MAKASSAR , BARA-BARAYA TIMUR 
MAKASSAR, SULAWESI SELATAN , MAKASSAR , MAKASSAR , MARICAYA BARU 
MAKASSAR, SULAWESI SELATAN , MAKASSAR , MARISO , MARIO 
MAKASSAR, SULAWESI SELATAN , MAKASSAR , UJUNG PANDANG , MALOKU 
MAKASSAR, SULAWESI SELATAN , MAKASSAR , MAKASSAR , MARADEKAYA SELATAN 
MAKASSAR, SULAWESI SELATAN , MAKASSAR , MAMAJANG , SAMBUNG JAWA 
MAKASSAR, SULAWESI SELATAN , MAKASSAR , TALLO , KALUKUANG 
MAKASSAR, SULAWESI SELATAN , MAKASSAR , BONTOALA , MALIMONGAN BARU 
MAKASSAR, SULAWESI SELATAN , MAKASSAR , TAMALATE , MACCINI SOMBALA 
MAKASSAR, SULAWESI BARAT , MAMASA , SUMARORONG , SUMARORONG 
MAKASSAR, SULAWESI BARAT , MAMASA , MAMASA , MAMASA 
MAKASSAR, SULAWESI BARAT , MAMASA , MAMBI , MAMBI 
MAKASSAR, SULAWESI BARAT , MAMASA , MAMASA , BUNTU BUDA 
MAKASSAR, SULAWESI BARAT , MAMASA , ARALLE , ARALLE 
MAKASSAR, SULAWESI BARAT , MAMASA , TABULAHAN , TABULAHAN 
MAKASSAR, SULAWESI BARAT , MAMUJU , SIMBORO DAN KEPULAUAN , SIMBORO 
MAKASSAR, SULAWESI BARAT , MAMUJU , MAMUJU , BINANGA 
MAKASSAR, SULAWESI BARAT , MAMUJU , MAMUJU , KAREMA 
MAKASSAR, SULAWESI BARAT , MAMUJU , MAMUJU , RIMUKU 
MAKASSAR, SULAWESI BARAT , MAMUJU , KALUKKU , SINYONYOI 
MAKASSAR, SULAWESI BARAT , MAMUJU , MAMUJU , MAMUNYU 
MAKASSAR, SULAWESI BARAT , MAMUJU , TAPALANG , GALUNG 
MAKASSAR, SULAWESI BARAT , MAMUJU , MAMUJU , TADUI 
MAKASSAR, SULAWESI BARAT , MAMUJU , KALUKKU , KALUKKU 
MAKASSAR, SULAWESI SELATAN , MAROS , TURIKALE , ALLIRI TENGAE (ALLIRITENGAE) 
MAKASSAR, SULAWESI SELATAN , MAROS , TURIKALE , TURIKALE 
MAKASSAR, SULAWESI SELATAN , MAROS , TANRALILI , KURUSUMANGE (KURU SUMANGE) 
MAKASSAR, SULAWESI SELATAN , MAROS , MANDAI , BONTOA 
MAKASSAR, SULAWESI SELATAN , MAROS , LAU , BONTO MARRANU (BONTO MARANNU) 
MAKASSAR, SULAWESI SELATAN , MAROS , BANTIMURUNG , KALABBIRANG 
MAKASSAR, SULAWESI SELATAN , MAROS , TURIKALE , TAROADA 
MAKASSAR, SULAWESI SELATAN , MAROS , TURIKALE , ADATONGENG 
MAKASSAR, SULAWESI SELATAN , MAROS , MONCONG LOE (MONCONGLOE) , MONCONG LOE (MONCONGLOE) 
MAKASSAR, SULAWESI SELATAN , MAROS , CENRANA , LIMPOCCOE (LIMAM POCCOE) 
MAKASSAR, SULAWESI SELATAN , MAROS , CAMBA , CEMPANIGA 
MAKASSAR, SULAWESI SELATAN , MAROS , BONTOA (MAROS UTARA) , SALENRANG 
MAKASSAR, SULAWESI SELATAN , MAROS , SIMBANG , JENETAESA 
MAKASSAR, SULAWESI SELATAN , MAROS , MAROS BARU , BAJU BODOA 
MAKASSAR, SULAWESI SELATAN , MAROS , TURIKALE , PETTUADAE 
MAKASSAR, SULAWESI SELATAN , MAROS , TANRALILI , LEKOPANCING (LEKO PANCING) 
MAKASSAR, SULAWESI SELATAN , MAROS , TURIKALE , BORI BELLAYA 
MAKASSAR, SULAWESI SELATAN , MAROS , MARUSU , TEMMAPADUAE (TEMAPPADDUAE) 
MAKASSAR, SULAWESI SELATAN , MAROS , MANDAI , BONTO MATENE 
MAKASSAR, SULAWESI SELATAN , MAROS , CAMBA , PATTIRO DECENG 
MAKASSAR, SULAWESI SELATAN , MAROS , MARUSU , MARUMPA 
MAKASSAR, SULAWESI SELATAN , MAROS , MONCONG LOE (MONCONGLOE) , MONCONG LOE BULU (MONCONGLOE BULU) 
MAKASSAR, SULAWESI SELATAN , MAROS , LAU , ALLEPOLEA 
MAKASSAR, SULAWESI SELATAN , MAROS , MANDAI , BAJI MANGNGAI 
MAKASSAR, SULAWESI SELATAN , MAROS , TANRALILI , DAMAI 
MAKASSAR, SULAWESI SELATAN , PANGKAJENE KEPULAUAN , BUNGORO , SAMALEWA 
MAKASSAR, SULAWESI SELATAN , PANGKAJENE KEPULAUAN , PANGKAJENE , TUMAMPUA 
MAKASSAR, SULAWESI SELATAN , PANGKAJENE KEPULAUAN , SEGERI , SEGERI 
MAKASSAR, SULAWESI SELATAN , PANGKAJENE KEPULAUAN , MINASA TENE , BONTO LANGKASA 
MAKASSAR, SULAWESI SELATAN , PANGKAJENE KEPULAUAN , MARANG (MA RANG) , BONTO-BONTO 
MAKASSAR, SULAWESI SELATAN , PANGKAJENE KEPULAUAN , MANDALLE , TAMARUPA 
MAKASSAR, SULAWESI SELATAN , PANGKAJENE KEPULAUAN , PANGKAJENE , BONTO PERAK 
MAKASSAR, SULAWESI SELATAN , PANGKAJENE KEPULAUAN , PANGKAJENE , PADOANG DOANGAN (PADDOANG DOANGAN) 
MAKASSAR, SULAWESI SELATAN , PANGKAJENE KEPULAUAN , LABAKKANG , KANAUNGAN 
MAKASSAR, SULAWESI SELATAN , PANGKAJENE KEPULAUAN , LABAKKANG , LABAKKANG 
MAKASSAR, SULAWESI SELATAN , PANGKAJENE KEPULAUAN , PANGKAJENE , MAPPA SAILE (MAPPASAILE) 
MAKASSAR, SULAWESI SELATAN , PANGKAJENE KEPULAUAN , MARANG (MA RANG) , TALAKA 
MAKASSAR, SULAWESI SELATAN , PANGKAJENE KEPULAUAN , MINASA TENE , MINASA TENE 
MAKASSAR, SULAWESI SELATAN , PANGKAJENE KEPULAUAN , PANGKAJENE , JAGONG 
MAKASSAR, SULAWESI SELATAN , PANGKAJENE KEPULAUAN , PANGKAJENE , SIBATUA 
MAKASSAR, SULAWESI SELATAN , PANGKAJENE KEPULAUAN , BUNGORO , SAPANANG 
MAKASSAR, SULAWESI SELATAN , PANGKAJENE KEPULAUAN , PANGKAJENE , PADDOANG DOANGAN 
MAKASSAR, SULAWESI SELATAN , PANGKAJENE KEPULAUAN , MINASA TENE , BONTOA 
MAKASSAR, SULAWESI SELATAN , PANGKAJENE KEPULAUAN , BALOCCI , MAJANNANG 
MAKASSAR, SULAWESI SELATAN , PAREPARE , SOREANG , LAKESSI 
MAKASSAR, SULAWESI SELATAN , PAREPARE , UJUNG , UJUNG SABBANG 
MAKASSAR, SULAWESI SELATAN , PAREPARE , UJUNG , MALLUSETASI 
MAKASSAR, SULAWESI SELATAN , PAREPARE , BACUKIKI BARAT , KAMPUNG BARU 
MAKASSAR, SULAWESI SELATAN , PAREPARE , BACUKIKI , GALUNG MALOANG 
MAKASSAR, SULAWESI SELATAN , PAREPARE , UJUNG , UJUNG BULU 
MAKASSAR, SULAWESI SELATAN , PAREPARE , SOREANG , WATANG SOREANG (WATTANG SOREANG) 
MAKASSAR, SULAWESI SELATAN , PAREPARE , UJUNG , LAPADDE 
MAKASSAR, SULAWESI BARAT , POLEWALI MANDAR , POLEWALI , POLEWALI 
MAKASSAR, SULAWESI BARAT , POLEWALI MANDAR , POLEWALI , WATTANG 
MAKASSAR, SULAWESI BARAT , POLEWALI MANDAR , BINUANG , KUAJANG 
MAKASSAR, SULAWESI BARAT , POLEWALI MANDAR , POLEWALI , MADATE (MADATTE) 
MAKASSAR, SULAWESI BARAT , POLEWALI MANDAR , WONOMULYO , SIDOREJO 
MAKASSAR, SULAWESI BARAT , POLEWALI MANDAR , MAPILLI , MAPILI (MAPILLI) 
MAKASSAR, SULAWESI BARAT , POLEWALI MANDAR , WONOMULYO , CAMPURJO 
MAKASSAR, SULAWESI BARAT , POLEWALI MANDAR , POLEWALI , DARMA 
MAKASSAR, SULAWESI BARAT , POLEWALI MANDAR , WONOMULYO , SIDODADI 
MAKASSAR, SULAWESI SELATAN , SINJAI , SINJAI UTARA , BALANGNIPA 
MAKASSAR, SULAWESI SELATAN , SINJAI , SINJAI UTARA , BONGKI 
MAKASSAR, SULAWESI SELATAN , SINJAI , SINJAI UTARA , LAPPA 
MAKASSAR, SULAWESI SELATAN , SOPPENG , LALABATA , BILA 
MAKASSAR, SULAWESI SELATAN , SOPPENG , LALABATA , BOTTO 
MAKASSAR, SULAWESI SELATAN , SOPPENG , DONRI-DONRI , DONRI-DONRI 
MAKASSAR, SULAWESI SELATAN , SOPPENG , LILIRAJA (LILI RIAJA) , JENNAE 
MAKASSAR, SULAWESI SELATAN , SOPPENG , MARIORIWAWO (MARIO RIWAWO) , TETTIKENRARAE (TETTIKENGRARAE) 
MAKASSAR, SULAWESI SELATAN , SOPPENG , MARIORIAWA (MARIO RIAWA) , ATTANG SALO 
MAKASSAR, SULAWESI SELATAN , SOPPENG , LALABATA , LALABATA RILAU 
MAKASSAR, SULAWESI SELATAN , SOPPENG , GANRA , GANRA 
MAKASSAR, SULAWESI SELATAN , SOPPENG , LILIRILAU (LILI RILAU) , PAJALESANG 
MAKASSAR, SULAWESI SELATAN , SOPPENG , LILIRAJA (LILI RIAJA) , ROMPEGADING 
MAKASSAR, SULAWESI SELATAN , SOPPENG , LILIRAJA (LILI RIAJA) , BARANG 
MAKASSAR, SULAWESI SELATAN , TAKALAR , POLOMBANGKENG UTARA (POLOBANGKENG) , PALLEKO 
MAKASSAR, SULAWESI SELATAN , TAKALAR , PATTALLASSANG (PATALLASSANG) , KALABBIRANG 
MAKASSAR, SULAWESI SELATAN , TAKALAR , GALESONG , GALESONG KOTA 
MAKASSAR, SULAWESI SELATAN , TAKALAR , GALESONG , PA'RASANGANG BERU 
MAKASSAR, SULAWESI SELATAN , TAKALAR , PATTALLASSANG (PATALLASSANG) , BAJENG 
MAKASSAR, SULAWESI SELATAN , TAKALAR , MANGARABOMBANG (MANGARA BOMBANG) , MANGADU 
MAKASSAR, SULAWESI SELATAN , TAKALAR , GALESONG , BONTOLOE (BONTO LOE) 
MAKASSAR, SULAWESI SELATAN , TAKALAR , GALESONG UTARA , BONTOSUNGGU (BONTO SUNGGU) 
MAKASSAR, SULAWESI SELATAN , TAKALAR , MANGARABOMBANG (MANGARA BOMBANG) , PANYANGKALANG 
MAKASSAR, SULAWESI SELATAN , TAKALAR , PATTALLASSANG (PATALLASSANG) , PATTALLASSANG 
MAKASSAR, SULAWESI SELATAN , TAKALAR , GALESONG , BODDIA 
MAKASSAR, SULAWESI SELATAN , TAKALAR , GALESONG SELATAN , BONTOKASSI (BONTO KASSI) 
MAKASSAR, SULAWESI SELATAN , TAKALAR , GALESONG UTARA , BONTOKADDOPEPE 
MAKASSAR, SULAWESI SELATAN , TAKALAR , GALESONG UTARA , BONTOLEBANG 
MAKASSAR, SULAWESI SELATAN , TAKALAR , POLOMBANGKENG SELATAN (POLOBANGKENG) , PA'BUNDUKANG (PA BUNDUKANG) 
MAKASSAR, SULAWESI SELATAN , TAKALAR , PATTALLASSANG (PATALLASSANG) , SOMBABELLA (SOMBALA BELLA) 
MAKASSAR, SULAWESI SELATAN , TAKALAR , GALESONG UTARA , AENG BATU-BATU 
MAKASSAR, SULAWESI SELATAN , TAKALAR , POLOMBANGKENG UTARA (POLOBANGKENG) , MANONGKOKI (MANNONGKOKI) 
MAKASSAR, SULAWESI SELATAN , TAKALAR , SANROBONE , PADDINGING 
MAKASSAR, SULAWESI SELATAN , TAKALAR , GALESONG UTARA , TAMASAJU 
LEBAK, BANTEN , CILEGON , JOMBANG , JOMBANG WETAN 
LEBAK, BANTEN , CILEGON , CIBEBER , KEDALEMAN 
LEBAK, BANTEN , CILEGON , CITANGKIL , WARNASARI 
LEBAK, BANTEN , CILEGON , JOMBANG , PANGGUNG RAWI 
LEBAK, BANTEN , CILEGON , CILEGON , CIWADUK 
LEBAK, BANTEN , CILEGON , GEROGOL , GEREM 
LEBAK, BANTEN , CILEGON , JOMBANG , MASIGIT 
LEBAK, BANTEN , CILEGON , PULOMERAK , LEBAKGEDE (LEBAK GEDE) 
LEBAK, BANTEN , CILEGON , CITANGKIL , KEBONSARI 
LEBAK, BANTEN , CILEGON , CILEGON , BENDUNGAN 
LEBAK, BANTEN , CILEGON , CIWANDAN , RANDAKARI 
LEBAK, BANTEN , CILEGON , PULOMERAK , TAMANSARI 
LEBAK, BANTEN , CILEGON , PURWAKARTA , KOTABUMI 
LEBAK, BANTEN , CILEGON , CITANGKIL , SAMANGRAYA 
LEBAK, BANTEN , CILEGON , GEROGOL , RAWA ARUM 
LEBAK, BANTEN , CILEGON , CIWANDAN , KUBANGSARI 
LEBAK, BANTEN , CILEGON , PULOMERAK , MEKARSARI 
LEBAK, BANTEN , CILEGON , CIBEBER , CIBEBER 
LEBAK, BANTEN , CILEGON , GEROGOL , KOTASARI 
LEBAK, BANTEN , CILEGON , JOMBANG , SUKMAJAYA 
LEBAK, BANTEN , CILEGON , PURWAKARTA , RAMANUJU 
LEBAK, BANTEN , CILEGON , CIBEBER , KARANG ASEM (KARANGASEM) 
LEBAK, BANTEN , CILEGON , CITANGKIL , CITANGKIL 
LEBAK, BANTEN , CILEGON , CIBEBER , KALITIMBANG 
LEBAK, BANTEN , CILEGON , CITANGKIL , LEBAK DENOK (LEBAKDENOK) 
LEBAK, BANTEN , CILEGON , CILEGON , CIWEDUS 
LEBAK, BANTEN , CILEGON , CIWANDAN , TEGAL RATU (TEGALRATU) 
LEBAK, BANTEN , CILEGON , JOMBANG , GEDONG DALEM 
LEBAK, BANTEN , CILEGON , CILEGON , BAGENDUNG 
LEBAK, BANTEN , LEBAK , KALANGANYAR , SUKAMEKARSARI 
LEBAK, BANTEN , LEBAK , RANGKASBITUNG , MUARA CIUJUNG TIMUR 
LEBAK, BANTEN , LEBAK , WARUNGGUNUNG , WARUNGGUNUNG 
LEBAK, BANTEN , LEBAK , CIBADAK , KADUAGUNG TENGAH 
LEBAK, BANTEN , LEBAK , CIBADAK , KADUAGUNG TIMUR 
LEBAK, BANTEN , LEBAK , CIBEBER , KUJANGJAYA 
LEBAK, BANTEN , LEBAK , CIJAKU , CIJAKU 
LEBAK, BANTEN , LEBAK , MALINGPING , CILANGKAHAN 
LEBAK, BANTEN , LEBAK , RANGKASBITUNG , MUARA CIUJUNG BARAT 
LEBAK, BANTEN , LEBAK , BANJARSARI , CIDAHU 
LEBAK, BANTEN , LEBAK , CIPANAS , SIPAYUNG 
LEBAK, BANTEN , LEBAK , PANGGARANGAN , SITUREGEN (SITURAGEN) 
LEBAK, BANTEN , LEBAK , WARUNGGUNUNG , SELARAJA 
LEBAK, BANTEN , LEBAK , CIBEBER , CITOREK TENGAH 
LEBAK, BANTEN , LEBAK , KALANGANYAR , CILANGKAP 
LEBAK, BANTEN , LEBAK , CIMARGA , MARGAJAYA (MARGA JAYA) 
LEBAK, BANTEN , LEBAK , KALANGANYAR , AWEH 
LEBAK, BANTEN , LEBAK , RANGKASBITUNG , RANGKASBITUNG BARAT 
LEBAK, BANTEN , LEBAK , RANGKASBITUNG , CIJORO PASIR 
LEBAK, BANTEN , LEBAK , SAJIRA , CIUYAH 
LEBAK, BANTEN , LEBAK , MUNCANG , CIMINYAK 
LEBAK, BANTEN , LEBAK , CIBEBER , CIBEBER 
LEBAK, BANTEN , LEBAK , CIPANAS , CIPANAS 
LEBAK, BANTEN , LEBAK , RANGKASBITUNG , NAMENG 
LEBAK, BANTEN , LEBAK , BAYAH , BAYAH BARAT 
LEBAK, BANTEN , LEBAK , MALINGPING , MALINGPING UTARA 
LEBAK, BANTEN , LEBAK , CILOGRANG , GUNUNGBATU 
LEBAK, BANTEN , LEBAK , CIBADAK , PASAR KEONG 
LEBAK, BANTEN , LEBAK , MAJA , MAJA 
LEBAK, BANTEN , LEBAK , RANGKASBITUNG , RANGKASBITUNG TIMUR 
LEBAK, BANTEN , LEBAK , BAYAH , SUWAKAN 
LEBAK, BANTEN , LEBAK , CIBEBER , WARUNGBANTEN 
LEBAK, BANTEN , LEBAK , MALINGPING , BOLANG 
LEBAK, BANTEN , LEBAK , CIBADAK , KADUAGUNG BARAT 
LEBAK, BANTEN , LEBAK , CIBADAK , BOJONG LELES (BOJONGLELES) 
LEBAK, BANTEN , LEBAK , CIPANAS , BINTANGRESMI 
LEBAK, BANTEN , LEBAK , MALINGPING , PAGELARAN 
LEBAK, BANTEN , LEBAK , PANGGARANGAN , PANGGARANGAN 
LEBAK, BANTEN , LEBAK , WARUNGGUNUNG , JAGABAYA 
LEBAK, BANTEN , LEBAK , MALINGPING , KADUJAJAR 
LEBAK, BANTEN , LEBAK , MALINGPING , SUKAMANAH 
LEBAK, BANTEN , LEBAK , CIMARGA , SUDAMANIK 
LEBAK, BANTEN , LEBAK , RANGKASBITUNG , CITERAS 
LEBAK, BANTEN , LEBAK , CILOGRANG , CIKATOMAS 
LEBAK, BANTEN , LEBAK , SAJIRA , SAJIRA 
LEBAK, BANTEN , LEBAK , SOBANG , MAJASARI 
LEBAK, BANTEN , LEBAK , LEBAKGEDONG , BANJARIRIGASI (BANJAR IRIGASI) 
LEBAK, BANTEN , LEBAK , RANGKASBITUNG , CIJORO LEBAK 
LEBAK, BANTEN , LEBAK , MAJA , CURUGBADAK (CURUG BADAK) 
LEBAK, BANTEN , LEBAK , CIKULUR , MUNCANGKOPONG 
LEBAK, BANTEN , LEBAK , BANJARSARI , KERTA 
LEBAK, BANTEN , LEBAK , CIBADAK , TAMBAKBAYA 
LEBAK, BANTEN , LEBAK , CILELES , CILELES 
LEBAK, BANTEN , LEBAK , CIPANAS , MALANGSARI 
LEBAK, BANTEN , LEBAK , CIKULUR , CURUGPANJANG 
LEBAK, BANTEN , LEBAK , CIJAKU , MEKARJAYA 
LEBAK, BANTEN , LEBAK , CILELES , CIKAREO 
LEBAK, BANTEN , LEBAK , WARUNGGUNUNG , CEMPAKA 
LEBAK, BANTEN , LEBAK , WANASALAM , WANASALAM 
LEBAK, BANTEN , LEBAK , WANASALAM , MUARA 
LEBAK, BANTEN , LEBAK , LEUWIDAMAR , CIBUNGUR 
LEBAK, BANTEN , LEBAK , MALINGPING , RAHONG 
LEBAK, BANTEN , LEBAK , LEBAKGEDONG , CILADAEUN 
LEBAK, BANTEN , LEBAK , LEUWIDAMAR , WANTISARI 
LEBAK, BANTEN , LEBAK , GUNUNGKENCANA (GUNUNG KENCANA) , GUNUNGKENCANA (GUNUNG KENCANA) 
LEBAK, BANTEN , LEBAK , CIBADAK , MEKAR AGUNG 
LEBAK, BANTEN , LEBAK , WARUNGGUNUNG , CIBUAH 
LEBAK, BANTEN , LEBAK , SAJIRA , PAJAGAN 
LEBAK, BANTEN , LEBAK , CIJAKU , KANDANGSAPI 
LEBAK, BANTEN , LEBAK , WARUNGGUNUNG , PASIR TANGKIL (PASIRTANGKIL) 
LEBAK, BANTEN , LEBAK , WARUNGGUNUNG , SUKARENDAH 
LEBAK, BANTEN , LEBAK , CIKULUR , CIGOONG SELATAN 
LEBAK, BANTEN , LEBAK , LEUWIDAMAR , BOJONGMENTENG (BOJONG MENTENG) 
LEBAK, BANTEN , LEBAK , SAJIRA , MEKARSARI 
LEBAK, BANTEN , LEBAK , LEUWIDAMAR , LEUWIDAMAR 
LEBAK, BANTEN , LEBAK , CIKULUR , SUMURBANDUNG 
LEBAK, BANTEN , LEBAK , MAJA , PASIRKEMBANG (PASIR KEMBANG) 
LEBAK, BANTEN , LEBAK , WARUNGGUNUNG , PADASUKA 
LEBAK, BANTEN , LEBAK , WARUNGGUNUNG , BAROS 
LEBAK, BANTEN , LEBAK , RANGKASBITUNG , JATIMULYA 
LEBAK, BANTEN , LEBAK , BAYAH , BAYAH TIMUR 
LEBAK, BANTEN , LEBAK , SAJIRA , BUNGURMEKAR (BANGUNMEKAR) 
LEBAK, BANTEN , LEBAK , CIPANAS , SUKASARI 
LEBAK, BANTEN , LEBAK , RANGKASBITUNG , MEKARSARI 
LEBAK, BANTEN , LEBAK , MUNCANG , MUNCANG 
LEBAK, BANTEN , LEBAK , MALINGPING , MALINGPING SELATAN 
LEBAK, BANTEN , LEBAK , BANJARSARI , CIBATURKEUSIK 
LEBAK, BANTEN , LEBAK , BAYAH , SAWARNA 
LEBAK, BANTEN , LEBAK , CIPANAS , HAURGAJRUG 
LEBAK, BANTEN , LEBAK , CIHARA , PONDOKPANJANG 
LEBAK, BANTEN , PANDEGLANG , KADUHEJO , SUKASARI 
LEBAK, BANTEN , PANDEGLANG , CARITA , CARITA 
LEBAK, BANTEN , PANDEGLANG , LABUAN , LABUAN 
LEBAK, BANTEN , PANDEGLANG , LABUAN , TELUK 
LEBAK, BANTEN , PANDEGLANG , KARANG TANJUNG , CIGADUNG 
LEBAK, BANTEN , PANDEGLANG , MAJASARI , SARUNI 
LEBAK, BANTEN , PANDEGLANG , SAKETI , SINDANGHAYU 
LEBAK, BANTEN , PANDEGLANG , PANDEGLANG , PANDEGLANG 
LEBAK, BANTEN , PANDEGLANG , MAJASARI , SUKARATU 
LEBAK, BANTEN , PANDEGLANG , SUMUR , KERTAJAYA 
LEBAK, BANTEN , PANDEGLANG , SAKETI , KADUDAMPIT 
LEBAK, BANTEN , PANDEGLANG , JIPUT , JIPUT 
LEBAK, BANTEN , PANDEGLANG , MENES , PURWARAJA 
LEBAK, BANTEN , PANDEGLANG , CIKEUDAL (CIKEDAL) , DAHU 
LEBAK, BANTEN , PANDEGLANG , CIPEUCANG , PALANYAR 
LEBAK, BANTEN , PANDEGLANG , PANIMBANG , CITEUREUP 
LEBAK, BANTEN , PANDEGLANG , PAGELARAN , MONTOR 
LEBAK, BANTEN , PANDEGLANG , SOBANG , PANGKALAN 
LEBAK, BANTEN , PANDEGLANG , LABUAN , KALANGANYAR 
LEBAK, BANTEN , PANDEGLANG , MANDALAWANGI , KURUNGKAMBING 
LEBAK, BANTEN , PANDEGLANG , KADUHEJO , SUKAMANAH 
LEBAK, BANTEN , PANDEGLANG , PANIMBANG , PANIMBANGJAYA 
LEBAK, BANTEN , PANDEGLANG , CIKEUDAL (CIKEDAL) , CENING 
LEBAK, BANTEN , PANDEGLANG , PANDEGLANG , KABAYAN 
LEBAK, BANTEN , PANDEGLANG , BOJONG , BOJONG 
LEBAK, BANTEN , PANDEGLANG , CIBALIUNG , SUKAJADI 
LEBAK, BANTEN , PANDEGLANG , MAJASARI , KARATON 
LEBAK, BANTEN , PANDEGLANG , CARITA , SUKARAME 
LEBAK, BANTEN , PANDEGLANG , SAKETI , SAKETI 
LEBAK, BANTEN , PANDEGLANG , PANIMBANG , MEKAR JAYA (MEKARSARI) 
LEBAK, BANTEN , PANDEGLANG , LABUAN , CARINGIN 
LEBAK, BANTEN , PANDEGLANG , MUNJUL , PASANGGRAHAN 
LEBAK, BANTEN , PANDEGLANG , BOJONG , CITUMENGGUNG 
LEBAK, BANTEN , PANDEGLANG , PICUNG , KOLELET 
LEBAK, BANTEN , PANDEGLANG , CIMANUK , KADUBUNGBANG 
LEBAK, BANTEN , PANDEGLANG , CIGEULIS , CIGEULIS 
LEBAK, BANTEN , PANDEGLANG , KADUHEJO , CIPUTRI 
LEBAK, BANTEN , PANDEGLANG , SUKARESMI , SIDAMUKTI 
LEBAK, BANTEN , PANDEGLANG , CIGEULIS , KARYABUANA 
LEBAK, BANTEN , PANDEGLANG , KADUHEJO , MANDALASARI 
LEBAK, BANTEN , PANDEGLANG , KARANG TANJUNG , PAGADUNGAN 
LEBAK, BANTEN , PANDEGLANG , CIMANUK , CIMANUK 
LEBAK, BANTEN , PANDEGLANG , CADASARI , CADASARI 
LEBAK, BANTEN , PANDEGLANG , KORONCONG , PANIIS 
LEBAK, BANTEN , PANDEGLANG , PANDEGLANG , KADOMAS 
LEBAK, BANTEN , PANDEGLANG , MANDALAWANGI , PARI 
LEBAK, BANTEN , PANDEGLANG , PAGELARAN , BAMA 
LEBAK, BANTEN , PANDEGLANG , MENES , MENES 
LEBAK, BANTEN , PANDEGLANG , SUMUR , SUMBERJAYA 
LEBAK, BANTEN , PANDEGLANG , SOBANG , TELUKLADA 
LEBAK, BANTEN , PANDEGLANG , PULOSARI , KARYAWANGI 
LEBAK, BANTEN , PANDEGLANG , PAGELARAN , MARGASANA 
LEBAK, BANTEN , PANDEGLANG , BANJAR , GUNUNGPUTRI 
LEBAK, BANTEN , PANDEGLANG , KARANG TANJUNG , KADUMERAKADUMERAK 
LEBAK, BANTEN , PANDEGLANG , MAJASARI , KARATON 
LEBAK, BANTEN , SERANG , KIBIN , TAMBAK 
LEBAK, BANTEN , SERANG , KRAMATWATU , SERDANG 
LEBAK, BANTEN , SERANG , KRAMATWATU , KRAMATWATU 
LEBAK, BANTEN , SERANG , KIBIN , NAMBO ILIR 
LEBAK, BANTEN , SERANG , CIRUAS , PELAWAD 
LEBAK, BANTEN , SERANG , CIPOCOK JAYA , CIPOCOK JAYA 
LEBAK, BANTEN , SERANG , KASEMEN , BANTEN 
LEBAK, BANTEN , SERANG , TIRTAYASA , TIRTAYASA 
LEBAK, BANTEN , SERANG , TAKTAKAN , DRANGONG 
LEBAK, BANTEN , SERANG , BOJONEGARA , KARANG KEPUH (KARANGKEPUH) 
LEBAK, BANTEN , SERANG , KASEMEN , KASEMEN 
LEBAK, BANTEN , SERANG , WALANTAKA , PIPITAN 
LEBAK, BANTEN , SERANG , SERANG , KALIGANDU 
LEBAK, BANTEN , SERANG , WARINGINKURUNG (WARINGIN KURUNG) , WARINGINKURUNG 
LEBAK, BANTEN , SERANG , SERANG , SERANG 
LEBAK, BANTEN , SERANG , MANCAK , LABUAN (LABUHAN) 
LEBAK, BANTEN , SERANG , SERANG , UNYUR 
LEBAK, BANTEN , SERANG , SERANG , SUMUR PECUNG (SUMURPECUNG) 
LEBAK, BANTEN , SERANG , CIRUAS , RANJENG 
LEBAK, BANTEN , SERANG , SERANG , LOPANG 
LEBAK, BANTEN , SERANG , SERANG , TERONDOL 
LEBAK, BANTEN , SERANG , WALANTAKA , KALODORAN / KALODRAN 
LEBAK, BANTEN , SERANG , SERANG , KOTA BARU (KOTABARU) 
LEBAK, BANTEN , SERANG , KRAMATWATU , PELAMUNAN 
LEBAK, BANTEN , SERANG , CIPOCOK JAYA , PANANCANGAN 
LEBAK, BANTEN , SERANG , BAROS , SUKAMANAH 
LEBAK, BANTEN , SERANG , ANYAR , ANYAR 
LEBAK, BANTEN , SERANG , PULO AMPEL , SUMURANJA 
LEBAK, BANTEN , SERANG , CIKANDE , SITUTERATE 
LEBAK, BANTEN , SERANG , SERANG , CIPARE 
LEBAK, BANTEN , SERANG , CIOMAS , SUKADANA 
LEBAK, BANTEN , SERANG , KRAGILAN , KENDAYAKAN 
LEBAK, BANTEN , SERANG , BAROS , BAROS 
LEBAK, BANTEN , SERANG , ANYAR , BANDULU 
LEBAK, BANTEN , SERANG , KRAMATWATU , WANAYASA 
LEBAK, BANTEN , SERANG , CURUG , CILAKU 
LEBAK, BANTEN , SERANG , KRAGILAN , SENTUL 
LEBAK, BANTEN , SERANG , CINANGKA , SINDANG LAYA (SINDANGLAYA) 
LEBAK, BANTEN , SERANG , TANARA , TANARA 
LEBAK, BANTEN , SERANG , CIPOCOK JAYA , BANJARSARI 
LEBAK, BANTEN , SERANG , SERANG , CIMUNCANG 
LEBAK, BANTEN , SERANG , KRAGILAN , KRAGILAN 
LEBAK, BANTEN , SERANG , WALANTAKA , KIARA 
LEBAK, BANTEN , SERANG , TAKTAKAN , TAKTAKAN 
LEBAK, BANTEN , SERANG , BAROS , SUKA INDAH 
LEBAK, BANTEN , SERANG , CINANGKA , UMBUL TANJUNG 
LEBAK, BANTEN , SERANG , CIKANDE , JULANG 
LEBAK, BANTEN , SERANG , CIKANDE , LEUWI LIMUS (LEUWILIMUS) 
LEBAK, BANTEN , SERANG , PABUARAN , PANCANEGARA 
LEBAK, BANTEN , SERANG , TIRTAYASA , KEBON 
LEBAK, BANTEN , SERANG , WALANTAKA , PANGAMPELAN (PENGAMPELAN) 
LEBAK, BANTEN , SERANG , PADARINCANG , CIOMAS 
LEBAK, BANTEN , SERANG , ANYAR , CIKONENG 
LEBAK, BANTEN , SERANG , PAMARAYAN , PAMARAYAN 
LEBAK, BANTEN , SERANG , KRAMATWATU , HARJATANI 
LEBAK, BANTEN , SERANG , WALANTAKA , WALANTAKA 
LEBAK, BANTEN , SERANG , SERANG , LONTARBARU 
LEBAK, BANTEN , SERANG , CIPOCOK JAYA , DALUNG 
LEBAK, BANTEN , SERANG , TAKTAKAN , LIALANG 
LEBAK, BANTEN , SERANG , JAWILAN , PARAKAN 
LEBAK, BANTEN , SERANG , KIBIN , KIBIN 
LEBAK, BANTEN , SERANG , BOJONEGARA , MANGKUNEGARA 
LEBAK, BANTEN , SERANG , BOJONEGARA , KERTASANA 
LEBAK, BANTEN , SERANG , PABUARAN , SINDANGSARI 
LEBAK, BANTEN , SERANG , CIKANDE , GEMBOR UDIK 
LEBAK, BANTEN , SERANG , WALANTAKA , TERITIH 
LEBAK, BANTEN , SERANG , CIKEUSAL , CIMAUNG 
LEBAK, BANTEN , SERANG , KRAGILAN , PEMATANG 
LEBAK, BANTEN , SERANG , KIBIN , NAGARA 
LEBAK, BANTEN , SERANG , PETIR , PETIR 
LEBAK, BANTEN , SERANG , PETIR , KADUGENEP 
LEBAK, BANTEN , SERANG , TAKTAKAN , PANGGUNGJATI 
LEBAK, BANTEN , SERANG , PONTANG , SINGARAJAN 
LEBAK, BANTEN , SERANG , CIPOCOK JAYA , TEMBONG 
LEBAK, BANTEN , SERANG , CINANGKA , KARANG SURAGA 
LEBAK, BANTEN , SERANG , BOJONEGARA , MARGAGIRI 
LEBAK, BANTEN , SERANG , CIRUAS , SINGAMERTA 
LEBAK, BANTEN , SERANG , WALANTAKA , KAPUREN (KEPUREN) 
LEBAK, BANTEN , SERANG , CIPOCOK JAYA , BANJAR AGUNG (BANJARAGUNG) 
LEBAK, BANTEN , SERANG , KRAMATWATU , MARGATANI 
LEBAK, BANTEN , SERANG , KASEMEN , WARUNG JAUD 
LEBAK, BANTEN , SERANG , PADARINCANG , CITASUK 
LEBAK, BANTEN , SERANG , KRAGILAN , CISAIT 
LEBAK, BANTEN , SERANG , KASEMEN , KASUNYATAN 
LEBAK, BANTEN , SERANG , CIKANDE , PARIGI 
LEBAK, BANTEN , SERANG , KRAMATWATU , TERATE 
LEBAK, BANTEN , SERANG , PULO AMPEL , MANGUNREJA 
LEBAK, BANTEN , SERANG , JAWILAN , JUNTI 
LEBAK, BANTEN , SERANG , CARENANG (CERENANG) , PANENJOAN 
LEBAK, BANTEN , SERANG , CIKANDE , CIKANDE 
LEBAK, BANTEN , SERANG , GUNUNG SARI (GUNUNGSARI) , GUNUNGSARI 
LEBAK, BANTEN , SERANG , KIBIN , CIAGEL 
LEBAK, BANTEN , SERANG , ANYAR , MEKARSARI 
LEBAK, BANTEN , SERANG , ANYAR , TAMBANG AYAM 
LEBAK, BANTEN , SERANG , PABUARAN , KADUBEUREUM 
LEBAK, BANTEN , SERANG , PADARINCANG , BATU KUWUNG (BATUKUWUNG) 
LEBAK, BANTEN , SERANG , TAKTAKAN , TAMAN BARU (TAMANBARU) 
LEBAK, BANTEN , SERANG , PADARINCANG , CISAAT 
LEBAK, BANTEN , SERANG , PABUARAN , SINDANGHEULA 
LEBAK, BANTEN , SERANG , CIKEUSAL , SUKAMENAK 
LEBAK, BANTEN , SERANG , KIBIN , SUKAMAJU 
LEBAK, BANTEN , SERANG , TIRTAYASA , SUJUNG 
LEBAK, BANTEN , SERANG , PONTANG , PONTANG 
LEBAK, BANTEN , SERANG , PONTANG , PULOKENCANA (PULO KENCANA) 
LEBAK, BANTEN , SERANG , PADARINCANG , KADUBEUREUM 
LEBAK, BANTEN , SERANG , KIBIN , CIJERUK 
LEBAK, BANTEN , SERANG , SERANG , KAGUNGAN 
LEBAK, BANTEN , SERANG , CARENANG (CERENANG) , TERAS 
LEBAK, BANTEN , SERANG , PULO AMPEL , PULO AMPEL 
LEBAK, BANTEN , SERANG , CURUG , SUKALAKSANA 
LEBAK, BANTEN , SERANG , PULO AMPEL , MARGASARI 
LEBAK, BANTEN , SERANG , CIKANDE , NAMBO UDIK 
LEBAK, BANTEN , SERANG , BOJONEGARA , WANAKARTA 
LEBAK, BANTEN , SERANG , TAKTAKAN , KURANJI 
LEBAK, BANTEN , SERANG , WARINGINKURUNG (WARINGIN KURUNG) , SUKABARES 
LEBAK, BANTEN , SERANG , BINUANG , SUKAMAMPIR 
LEBAK, BANTEN , SERANG , KOPO , NYOMPOK 
LEBAK, BANTEN , SERANG , BANDUNG , BLOKANG 
LEBAK, BANTEN , SERANG , PAMARAYAN , BINONG 
LEBAK, BANTEN , SERANG , TAKTAKAN , CILOWONG 
LEBAK, BANTEN , SERANG , CIKANDE , KOPER 
LEBAK, BANTEN , SERANG , CIKEUSAL , SUKARATU 
LEBAK, BANTEN , SERANG , CURUG , SUKAWANA 
LEBAK, BANTEN , SERANG , JAWILAN , KAREO 
LEBAK, BANTEN , SERANG , CINANGKA , CINANGKA 
LEBAK, BANTEN , SERANG , BAROS , PANYIRAPAN 
LEBAK, BANTEN , SERANG , WALANTAKA , LEBAKWANGI 
LEBAK, BANTEN , SERANG , KOPO , KOPO 
LEBAK, BANTEN , SERANG , CIRUAS , KASERANGAN 
LEBAK, BANTEN , SERANG , CIKEUSAL , PANOSOGAN 
LEBAK, BANTEN , SERANG , JAWILAN , CEMPLANG 
LEBAK, BANTEN , SERANG , WALANTAKA , PAGER AGUNG (PAGERAGUNG) 
LEBAK, BANTEN , SERANG , CIPOCOK JAYA , KARUNDANG 
LEBAK, BANTEN , SERANG , CIPOCOK JAYA , GELAM 
LEBAK, BANTEN , SERANG , CIKANDE , SUKATANI 
LEBAK, BANTEN , SERANG , CURUG , CURUG 
LEBAK, BANTEN , SERANG , CIKEUSAL , DAHU 
LEBAK, BANTEN , SERANG , KRAGILAN , DUKUH 
LEBAK, BANTEN , SERANG , KASEMEN , MESJID PRIYAYI 
LEBAK, BANTEN , SERANG , TAKTAKAN , SEPANG 
LEBAK, BANTEN , SERANG , WARINGINKURUNG (WARINGIN KURUNG) , SAMBILAWANG 
LEBAK, BANTEN , SERANG , PETIR , BOJONG NANGKA 
LEBAK, BANTEN , SERANG , KOPO , MEKARBARU 
LEBAK, BANTEN , SERANG , CIKANDE , CIKANDE PERMAI 
LEBAK, BANTEN , SERANG , CURUG , KEMANISAN (KAMANISAN) 
LEBAK, BANTEN , SERANG , WALANTAKA , TEGALSARI 
LEBAK, BANTEN , SERANG , PETIR , MEKAR BARU (MEKARBARU) 
LEBAK, BANTEN , SERANG , CIRUAS , BUMIJAYA 
LEBAK, BANTEN , SERANG , KIBIN , BARENGKOK 
LEBAK, BANTEN , SERANG , JAWILAN , JAWILAN 
LEBAK, BANTEN , SERANG , PULO AMPEL , SALIRA 
KLATEN, JAWA TENGAH , BOYOLALI , BOYOLALI , PULISEN 
KLATEN, JAWA TENGAH , BOYOLALI , NGEMPLAK , DONOHUDAN 
KLATEN, JAWA TENGAH , BOYOLALI , AMPEL , CANDI 
KLATEN, JAWA TENGAH , BOYOLALI , SIMO , SIMO 
KLATEN, JAWA TENGAH , BOYOLALI , BOYOLALI , BANARAN 
KLATEN, JAWA TENGAH , BOYOLALI , BANYUDONO , KUWIRAN 
KLATEN, JAWA TENGAH , BOYOLALI , BANYUDONO , NGARU-ARU (NGARU ARU) 
KLATEN, JAWA TENGAH , BOYOLALI , AMPEL , KALIGENTONG 
KLATEN, JAWA TENGAH , BOYOLALI , BANYUDONO , BATAN 
KLATEN, JAWA TENGAH , BOYOLALI , NGEMPLAK , NGESREP 
KLATEN, JAWA TENGAH , BOYOLALI , NOGOSARI , JERON 
KLATEN, JAWA TENGAH , BOYOLALI , KEMUSU , KLEWOR 
KLATEN, JAWA TENGAH , BOYOLALI , BANYUDONO , DUKUH 
KLATEN, JAWA TENGAH , BOYOLALI , WONOSEGORO , KETOYAN 
KLATEN, JAWA TENGAH , BOYOLALI , ANDONG , KACANGAN 
KLATEN, JAWA TENGAH , BOYOLALI , MOJOSONGO , MOJOSONGO 
KLATEN, JAWA TENGAH , BOYOLALI , KLEGO , KLEGO 
KLATEN, JAWA TENGAH , BOYOLALI , NGEMPLAK , GAGAKSIPAT 
KLATEN, JAWA TENGAH , BOYOLALI , BOYOLALI , SIWODIPURAN (SISWODIPURAN) 
KLATEN, JAWA TENGAH , BOYOLALI , KARANGGEDE , KEBONAN 
KLATEN, JAWA TENGAH , BOYOLALI , WONOSEGORO , WONOSEGORO 
KLATEN, JAWA TENGAH , BOYOLALI , BANYUDONO , BENDAN 
KLATEN, JAWA TENGAH , BOYOLALI , BOYOLALI , KARANGGENENG 
KLATEN, JAWA TENGAH , BOYOLALI , BANYUDONO , BANYUDONO 
KLATEN, JAWA TENGAH , BOYOLALI , SAMBI , SAMBI 
KLATEN, JAWA TENGAH , BOYOLALI , MOJOSONGO , BUTUH 
KLATEN, JAWA TENGAH , BOYOLALI , BOYOLALI , KIRINGAN 
KLATEN, JAWA TENGAH , BOYOLALI , MOJOSONGO , KEMIRI 
KLATEN, JAWA TENGAH , BOYOLALI , KLEGO , BLUMBANG 
KLATEN, JAWA TENGAH , BOYOLALI , SAWIT , KARANGDUREN 
KLATEN, JAWA TENGAH , BOYOLALI , CEPOGO , MLIWIS 
KLATEN, JAWA TENGAH , BOYOLALI , TERAS , SUDIMORO 
KLATEN, JAWA TENGAH , BOYOLALI , AMPEL , TANDUK 
KLATEN, JAWA TENGAH , BOYOLALI , BOYOLALI , PENGGUNG 
KLATEN, JAWA TENGAH , BOYOLALI , AMPEL , URUTSEWU 
KLATEN, JAWA TENGAH , BOYOLALI , TERAS , RANDUSARI 
KLATEN, JAWA TENGAH , BOYOLALI , SIMO , PELEM 
KLATEN, JAWA TENGAH , BOYOLALI , JUWANGI , JUWANGI 
KLATEN, JAWA TENGAH , BOYOLALI , BOYOLALI , MUDAL 
KLATEN, JAWA TENGAH , BOYOLALI , JUWANGI , PILANGREJO 
KLATEN, JAWA TENGAH , BOYOLALI , TERAS , GUMUKREJO 
KLATEN, JAWA TENGAH , BOYOLALI , SAWIT , KATEGUHAN 
KLATEN, JAWA TENGAH , BOYOLALI , BOYOLALI , WINONG 
KLATEN, JAWA TENGAH , BOYOLALI , MOJOSONGO , MANGGIS 
KLATEN, JAWA TENGAH , BOYOLALI , TERAS , TERAS 
KLATEN, JAWA TENGAH , BOYOLALI , NGEMPLAK , PANDEYAN 
KLATEN, JAWA TENGAH , BOYOLALI , SELO , SAMIRAN 
KLATEN, JAWA TENGAH , BOYOLALI , MUSUK , MUSUK 
KLATEN, JAWA TENGAH , BOYOLALI , TERAS , SALAKAN 
KLATEN, JAWA TENGAH , BOYOLALI , KARANGGEDE , SENDANG 
KLATEN, JAWA TENGAH , BOYOLALI , NOGOSARI , GLONGGONG 
KLATEN, JAWA TENGAH , BOYOLALI , MOJOSONGO , KRAGILAN 
KLATEN, JAWA TENGAH , BOYOLALI , BOYOLALI , KEBONBIMO 
KLATEN, JAWA TENGAH , BOYOLALI , AMPEL , NGENDEN 
KLATEN, JAWA TENGAH , GROBOGAN , PURWODADI , PURWODADI 
KLATEN, JAWA TENGAH , GROBOGAN , GODONG , GODONG 
KLATEN, JAWA TENGAH , GROBOGAN , GUBUG , GUBUG 
KLATEN, JAWA TENGAH , GROBOGAN , WIROSARI , WIROSARI 
KLATEN, JAWA TENGAH , GROBOGAN , TEGOWANU , TEGOWANUWETAN (TEGOWANU WETAN) 
KLATEN, JAWA TENGAH , GROBOGAN , WIROSARI , KUNDEN 
KLATEN, JAWA TENGAH , GROBOGAN , KRADENAN , KUWU 
KLATEN, JAWA TENGAH , GROBOGAN , PURWODADI , KURIPAN 
KLATEN, JAWA TENGAH , GROBOGAN , KARANGRAYUNG , SUMBERJOSARI (SUMBEREJOSARI) 
KLATEN, JAWA TENGAH , GROBOGAN , GABUS , SULURSARI 
KLATEN, JAWA TENGAH , GROBOGAN , TAWANGHARJO , TAWANGHARJO 
KLATEN, JAWA TENGAH , GROBOGAN , TANGGUNGHARJO , KAPUNG 
KLATEN, JAWA TENGAH , GROBOGAN , PULOKULON , PANUNGGALAN 
KLATEN, JAWA TENGAH , GROBOGAN , KEDUNGJATI , KEDUNGJATI 
KLATEN, JAWA TENGAH , GROBOGAN , GROBOGAN , GETASREJO 
KLATEN, JAWA TENGAH , GROBOGAN , GODONG , BUGEL 
KLATEN, JAWA TENGAH , GROBOGAN , GUBUG , KUWARON 
KLATEN, JAWA TENGAH , GROBOGAN , PENAWANGAN , NGELUK 
KLATEN, JAWA TENGAH , GROBOGAN , TAWANGHARJO , MAYAHAN 
KLATEN, JAWA TENGAH , GROBOGAN , KLAMBU , KLAMBU 
KLATEN, JAWA TENGAH , GROBOGAN , PULOKULON , TUKO 
KLATEN, JAWA TENGAH , GROBOGAN , GABUS , GABUS 
KLATEN, JAWA TENGAH , GROBOGAN , PURWODADI , KALONGAN 
KLATEN, JAWA TENGAH , GROBOGAN , TANGGUNGHARJO , SUGIHMANIK 
KLATEN, JAWA TENGAH , GROBOGAN , TOROH , BANDUNGHARJO 
KLATEN, JAWA TENGAH , GROBOGAN , GROBOGAN , REJOSARI 
KLATEN, JAWA TENGAH , GROBOGAN , GROBOGAN , GROBOGAN 
KLATEN, JAWA TENGAH , GROBOGAN , TOROH , DEPOK 
KLATEN, DI YOGYAKARTA , GUNUNG KIDGUNUNG KIDUL , WONOSARI , WONOSARI 
KLATEN, DI YOGYAKARTA , GUNUNG KIDGUNUNG KIDUL , WONOSARI , KEPEK 
KLATEN, DI YOGYAKARTA , GUNUNG KIDGUNUNG KIDUL , PLAYEN , NGAWU 
KLATEN, DI YOGYAKARTA , GUNUNG KIDGUNUNG KIDUL , PLAYEN , LOGANDENG 
KLATEN, DI YOGYAKARTA , GUNUNG KIDGUNUNG KIDUL , KARANGMOJO , GEDANGREJO (GEDANG REJO) 
KLATEN, DI YOGYAKARTA , GUNUNG KIDGUNUNG KIDUL , SAPTOSARI (SAPTO SARI) , JETIS 
KLATEN, DI YOGYAKARTA , GUNUNG KIDGUNUNG KIDUL , WONOSARI , SIRAMAN 
KLATEN, DI YOGYAKARTA , GUNUNG KIDGUNUNG KIDUL , SEMIN , BULUREJO 
KLATEN, DI YOGYAKARTA , GUNUNG KIDGUNUNG KIDUL , TANJUNGSARI , KEMIRI 
KLATEN, DI YOGYAKARTA , GUNUNG KIDGUNUNG KIDUL , SEMANU , SEMANU 
KLATEN, DI YOGYAKARTA , GUNUNG KIDGUNUNG KIDUL , TEPUS , TEPUS 
KLATEN, DI YOGYAKARTA , GUNUNG KIDGUNUNG KIDUL , RONGKOP , PRINGOMBO 
KLATEN, DI YOGYAKARTA , GUNUNG KIDGUNUNG KIDUL , PONJONG , BEDOYO 
KLATEN, DI YOGYAKARTA , GUNUNG KIDGUNUNG KIDUL , PONJONG , SIDOREJO 
KLATEN, DI YOGYAKARTA , GUNUNG KIDGUNUNG KIDUL , PANGGANG , GIRIMULYO 
KLATEN, DI YOGYAKARTA , GUNUNG KIDGUNUNG KIDUL , KARANGMOJO , WILADEG 
KLATEN, DI YOGYAKARTA , GUNUNG KIDGUNUNG KIDUL , PALIYAN , GROGOL 
KLATEN, DI YOGYAKARTA , GUNUNG KIDGUNUNG KIDUL , KARANGMOJO , KARANGMOJO 
KLATEN, DI YOGYAKARTA , GUNUNG KIDGUNUNG KIDUL , WONOSARI , KARANGREJEK (KARANG REJEK) 
KLATEN, DI YOGYAKARTA , GUNUNG KIDGUNUNG KIDUL , PLAYEN , PLAYEN 
KLATEN, DI YOGYAKARTA , GUNUNG KIDGUNUNG KIDUL , WONOSARI , WARENG 
KLATEN, DI YOGYAKARTA , GUNUNG KIDGUNUNG KIDUL , PATUK , PATUK 
KLATEN, DI YOGYAKARTA , GUNUNG KIDGUNUNG KIDUL , WONOSARI , MULO 
KLATEN, DI YOGYAKARTA , GUNUNG KIDGUNUNG KIDUL , PATUK , BUNDER 
KLATEN, JAWA TENGAH , KARANGANYAR , MATESIH , MATESIH 
KLATEN, JAWA TENGAH , KARANGANYAR , JATEN , JATEN 
KLATEN, JAWA TENGAH , KARANGANYAR , COLOMADU , BATURAN 
KLATEN, JAWA TENGAH , KARANGANYAR , JATEN , NGRINGO 
KLATEN, JAWA TENGAH , KARANGANYAR , COLOMADU , BLULUKAN 
KLATEN, JAWA TENGAH , KARANGANYAR , KARANGANYAR , KARANGANYAR 
KLATEN, JAWA TENGAH , KARANGANYAR , COLOMADU , MALANGJIWAN 
KLATEN, JAWA TENGAH , KARANGANYAR , JATEN , SROYO 
KLATEN, JAWA TENGAH , KARANGANYAR , KARANGANYAR , BEJEN 
KLATEN, JAWA TENGAH , KARANGANYAR , COLOMADU , NGASEM 
KLATEN, JAWA TENGAH , KARANGANYAR , COLOMADU , KLODRAN 
KLATEN, JAWA TENGAH , KARANGANYAR , COLOMADU , PAULAN 
KLATEN, JAWA TENGAH , KARANGANYAR , COLOMADU , BOLON 
KLATEN, JAWA TENGAH , KARANGANYAR , KARANGANYAR , CANGAKAN 
KLATEN, JAWA TENGAH , KARANGANYAR , GONDANGREJO , WONOREJO 
KLATEN, JAWA TENGAH , KARANGANYAR , TASIKMADU , PANDEYAN 
KLATEN, JAWA TENGAH , KARANGANYAR , KARANGANYAR , TEGALGEDE 
KLATEN, JAWA TENGAH , KARANGANYAR , JATEN , DAGEN 
KLATEN, JAWA TENGAH , KARANGANYAR , KEBAKKRAMAT , KEMIRI 
KLATEN, JAWA TENGAH , KARANGANYAR , COLOMADU , TOHUDAN 
KLATEN, JAWA TENGAH , KARANGANYAR , KARANGANYAR , DELINGAN 
KLATEN, JAWA TENGAH , KARANGANYAR , KARANGANYAR , POPONGAN 
KLATEN, JAWA TENGAH , KARANGANYAR , COLOMADU , GEDONGAN 
KLATEN, JAWA TENGAH , KARANGANYAR , JATEN , SURUHKALANG 
KLATEN, JAWA TENGAH , KARANGANYAR , KARANGANYAR , GAYAMDOMPO 
KLATEN, JAWA TENGAH , KARANGANYAR , KARANGANYAR , LALUNG 
KLATEN, JAWA TENGAH , KARANGANYAR , COLOMADU , GAWANAN 
KLATEN, JAWA TENGAH , KLATEN , PEDAN , KEDEN 
KLATEN, JAWA TENGAH , KLATEN , DELANGGU , SABRANG 
KLATEN, JAWA TENGAH , KLATEN , KLATEN TENGAH , BARENG 
KLATEN, JAWA TENGAH , KLATEN , JOGONALAN , KRAGUMAN 
KLATEN, JAWA TENGAH , KLATEN , PRAMBANAN , TLOGO 
KLATEN, JAWA TENGAH , KLATEN , KLATEN UTARA , SEKARSULI 
KLATEN, JAWA TENGAH , KLATEN , KLATEN SELATAN , MERBUNG 
KLATEN, JAWA TENGAH , KLATEN , KLATEN UTARA , KARANGANOM 
KLATEN, JAWA TENGAH , KLATEN , CEPER , JOMBOR 
KLATEN, JAWA TENGAH , KLATEN , KLATEN TENGAH , KLATEN 
KLATEN, JAWA TENGAH , KLATEN , KLATEN UTARA , BELANGWETAN (BELANG WETAN) 
KLATEN, JAWA TENGAH , KLATEN , MANISRENGGO , BENDAN 
KLATEN, JAWA TENGAH , KLATEN , KLATEN UTARA , JONGGRANGAN 
KLATEN, JAWA TENGAH , KLATEN , PEDAN , SOBAYAN 
KLATEN, JAWA TENGAH , KLATEN , PEDAN , TEMUWANGI 
KLATEN, JAWA TENGAH , KLATEN , PRAMBANAN , GENENG 
KLATEN, JAWA TENGAH , KLATEN , KLATEN TENGAH , GUMULAN 
KLATEN, JAWA TENGAH , KLATEN , PRAMBANAN , SANGGRAHAN 
KLATEN, JAWA TENGAH , KLATEN , KLATEN TENGAH , BUNTALAN 
KLATEN, JAWA TENGAH , KLATEN , JOGONALAN , PRAWATAN 
KLATEN, JAWA TENGAH , KLATEN , WONOSARI , WADUNGGETAS (WADUNG GETAS) 
KLATEN, JAWA TENGAH , KLATEN , DELANGGU , KARANG 
KLATEN, JAWA TENGAH , KLATEN , KLATEN SELATAN , JETIS 
KLATEN, JAWA TENGAH , KLATEN , CEPER , KLEPU 
KLATEN, JAWA TENGAH , KLATEN , WEDI , BIRIT 
KLATEN, JAWA TENGAH , KLATEN , NGAWEN , KAHUMAN 
KLATEN, JAWA TENGAH , KLATEN , WONOSARI , TELOYO 
KLATEN, JAWA TENGAH , KLATEN , KLATEN SELATAN , SUMBEREJO 
KLATEN, JAWA TENGAH , KLATEN , KLATEN UTARA , GERGUNUNG 
KLATEN, JAWA TENGAH , KLATEN , KLATEN TENGAH , KABUPATEN 
KLATEN, JAWA TENGAH , KLATEN , PEDAN , JETISWETAN (JETIS WETAN) 
KLATEN, JAWA TENGAH , KLATEN , WONOSARI , PANDANAN 
KLATEN, JAWA TENGAH , KLATEN , TRUCUK , SABRANGLOR (SABRANG LOR) 
KLATEN, JAWA TENGAH , KLATEN , TULUNG , MAJEGAN 
KLATEN, JAWA TENGAH , KLATEN , PEDAN , JATIMULYO 
KLATEN, JAWA TENGAH , KLATEN , DELANGGU , TLOBONG 
KLATEN, JAWA TENGAH , KLATEN , BAYAT , BELUK 
KLATEN, JAWA TENGAH , KLATEN , CEPER , JAMBUKULON (JAMBU KULON) 
KLATEN, JAWA TENGAH , KLATEN , NGAWEN , MANJUNGAN 
KLATEN, JAWA TENGAH , KLATEN , TRUCUK , KRADENAN 
KLATEN, JAWA TENGAH , KLATEN , KEBONARUM , PLUNENG 
KLATEN, JAWA TENGAH , KLATEN , JOGONALAN , KARANGDUKUH 
KLATEN, JAWA TENGAH , KLATEN , DELANGGU , KRECEK 
KLATEN, JAWA TENGAH , KLATEN , JATINOM , JEMAWAN 
KLATEN, JAWA TENGAH , KLATEN , JOGONALAN , REJOSO 
KLATEN, JAWA TENGAH , KLATEN , KLATEN SELATAN , NGALAS 
KLATEN, JAWA TENGAH , KLATEN , PRAMBANAN , BUGISAN 
KLATEN, JAWA TENGAH , KLATEN , CEPER , KUNCEN 
KLATEN, JAWA TENGAH , KLATEN , MANISRENGGO , KEBONALAS 
KLATEN, JAWA TENGAH , KLATEN , JOGONALAN , SOMOPURO 
KLATEN, JAWA TENGAH , KLATEN , KARANGANOM , KARANGAN 
KLATEN, JAWA TENGAH , KLATEN , PRAMBANAN , KEBONDALEM LOR (KEBON DALEM LOR) 
KLATEN, JAWA TENGAH , KLATEN , KLATEN SELATAN , GAYAMPRIT 
KLATEN, JAWA TENGAH , KLATEN , WEDI , KALITENGAH 
KLATEN, JAWA TENGAH , KLATEN , KALIKOTES , KALIKOTES 
KLATEN, JAWA TENGAH , KLATEN , JATINOM , GEDAREN 
KLATEN, JAWA TENGAH , KLATEN , KARANGDOWO , KARANGDOWO 
KLATEN, JAWA TENGAH , KLATEN , DELANGGU , BANARAN 
KLATEN, JAWA TENGAH , KLATEN , KLATEN SELATAN , TEGALYOSO 
KLATEN, JAWA TENGAH , KLATEN , MANISRENGGO , SOLODIRAN 
KLATEN, JAWA TENGAH , KLATEN , KARANGANOM , BLANCERAN 
KLATEN, JAWA TENGAH , KLATEN , TULUNG , PUCANGMILIRAN (PUCANG MILIRAN) 
KLATEN, JAWA TENGAH , KLATEN , JUWIRING , KETITANG 
KLATEN, JAWA TENGAH , KLATEN , CEPER , CETAN 
KLATEN, JAWA TENGAH , KLATEN , CAWAS , NANGGULAN 
KLATEN, JAWA TENGAH , KLATEN , WEDI , GADUNGAN 
KLATEN, JAWA TENGAH , KLATEN , MANISRENGGO , NANGSRI 
KLATEN, JAWA TENGAH , KLATEN , NGAWEN , SENDEN 
KLATEN, JAWA TIMUR , PACITAN , PACITAN , ARJOWINANGUN 
KLATEN, JAWA TIMUR , PACITAN , ARJOSARI , ARJOSARI 
KLATEN, JAWA TIMUR , PACITAN , PACITAN , TANJUNGSARI 
KLATEN, JAWA TIMUR , PACITAN , NGADIROJO , WIYORO 
KLATEN, JAWA TIMUR , PACITAN , PUNUNG , PUNUNG 
KLATEN, JAWA TIMUR , PACITAN , PACITAN , PLOSO 
KLATEN, JAWA TIMUR , PACITAN , PACITAN , PACITAN 
KLATEN, JAWA TIMUR , PACITAN , ARJOSARI , GEMBONG 
KLATEN, JAWA TIMUR , PACITAN , DONOROJO , DONOROJO 
KLATEN, JAWA TIMUR , PACITAN , PACITAN , BANGUNSARI 
KLATEN, JAWA TENGAH , PATI , PATI , NGARUS 
KLATEN, JAWA TENGAH , PATI , PATI , BLARU 
KLATEN, JAWA TENGAH , PATI , JUWANA , KAUMAN 
KLATEN, JAWA TENGAH , PATI , PATI , WINONG 
KLATEN, JAWA TENGAH , PATI , WINONG , PEKALONGAN 
KLATEN, JAWA TENGAH , PATI , GEMBONG , GEMBONG 
KLATEN, JAWA TENGAH , PATI , PATI , PATI WETAN 
KLATEN, JAWA TENGAH , PATI , TLOGOWUNGU , TLOGOREJO 
KLATEN, JAWA TENGAH , PATI , JUWANA , DOROPAYUNG 
KLATEN, JAWA TENGAH , PATI , JUWANA , KUDUKERAS 
KLATEN, JAWA TENGAH , PATI , GABUS , KARABAN 
KLATEN, JAWA TENGAH , PATI , MARGOYOSO , POHIJO 
KLATEN, JAWA TENGAH , PATI , TAMBAKROMO , TAMBAKROMO 
KLATEN, JAWA TENGAH , PATI , JUWANA , GROWONG KIDUL 
KLATEN, JAWA TENGAH , PATI , TAYU , PAKIS 
KLATEN, JAWA TENGAH , PATI , MARGOREJO , MARGOREJO 
KLATEN, JAWA TENGAH , PATI , MARGOREJO , BUMIREJO 
KLATEN, JAWA TENGAH , PATI , PUCAKWANGI , SOKOPULUHAN 
KLATEN, JAWA TENGAH , PATI , TRANGKIL , KAJAR 
KLATEN, JAWA TENGAH , PATI , JUWANA , BENDAR 
KLATEN, JAWA TENGAH , PATI , TAYU , JEPAT LOR 
KLATEN, JAWA TENGAH , PATI , PATI , PATI LOR 
KLATEN, JAWA TENGAH , PATI , PATI , KUTOHARJO 
KLATEN, JAWA TENGAH , PATI , PATI , SEMAMPIR 
KLATEN, JAWA TENGAH , PATI , PATI , MULYOHARJO 
KLATEN, JAWA TENGAH , PATI , PATI , KALIDORO 
KLATEN, JAWA TENGAH , PATI , MARGOYOSO , KAJEN 
KLATEN, JAWA TENGAH , PATI , GABUS , TANJUNGANOM 
KLATEN, JAWA TENGAH , PATI , PATI , PATI KIDUL 
KLATEN, JAWA TENGAH , PATI , TAYU , TAYU WETAN (TAYUWETAN) 
KLATEN, JAWA TENGAH , PATI , MARGOYOSO , NGEMPLAK KIDUL 
KLATEN, JAWA TENGAH , PATI , JUWANA , DUKUTALIT 
KLATEN, JAWA TENGAH , PATI , TAYU , PURWOKERTO 
KLATEN, JAWA TENGAH , PATI , WEDARIJAKSA , PANGGUNGROYOM 
KLATEN, JAWA TENGAH , PATI , GABUS , MOJOLAWARAN 
KLATEN, JAWA TENGAH , PATI , MARGOREJO , WANGUNREJO 
KLATEN, JAWA TENGAH , PATI , SUKOLILO , SUKOLILO 
KLATEN, JAWA TENGAH , PATI , BATANGAN , RACI 
KLATEN, JAWA TENGAH , PATI , JAKENAN , PULUHAN TENGAH 
KLATEN, JAWA TENGAH , PATI , PATI , SARIREJO 
KLATEN, JAWA TENGAH , PATI , MARGOYOSO , BULUMANIS LOR 
KLATEN, JAWA TENGAH , PATI , KAYEN , JATIROTO 
KLATEN, JAWA TENGAH , PATI , PATI , PARENGGAN 
KLATEN, JAWA TENGAH , PATI , TAYU , SENDANGREJO 
KLATEN, JAWA TENGAH , PATI , WINONG , WINONG 
KLATEN, JAWA TENGAH , PATI , TAYU , SAMBIROTO 
KLATEN, JAWA TENGAH , PATI , BATANGAN , BUMIMULYO 
KLATEN, JAWA TENGAH , PATI , PATI , TAMBAHARJO 
KLATEN, JAWA TENGAH , PATI , PATI , MUSTOKOHARJO 
KLATEN, JAWA TENGAH , PATI , TAYU , KEBOROMO 
KLATEN, JAWA TENGAH , PATI , WEDARIJAKSA , WEDARIJAKSA 
KLATEN, JAWA TENGAH , PATI , GABUS , GABUS 
KLATEN, JAWA TENGAH , PATI , MARGOYOSO , PURWOREJO 
KLATEN, JAWA TENGAH , PATI , JUWANA , KARANGREJO 
KLATEN, JAWA TENGAH , PATI , BATANGAN , BATURSARI 
KLATEN, JAWA TENGAH , PATI , KAYEN , KAYEN 
KLATEN, JAWA TENGAH , PATI , PUCAKWANGI , PELEMGEDE 
KLATEN, JAWA TENGAH , PATI , JUWANA , GROWONG LOR 
KLATEN, JAWA TENGAH , PATI , JAKENAN , KARANGREJO LOR 
KLATEN, JAWA TENGAH , PATI , DUKUHSETI , DUKUHSETI 
KLATEN, JAWA TENGAH , PATI , MARGOREJO , SUKOHARJO 
KLATEN, JAWA TENGAH , PATI , CLUWAK , SIRAHAN 
KLATEN, JAWA TENGAH , PATI , TRANGKIL , KETANEN 
KLATEN, JAWA TENGAH , PATI , TAYU , PUNDENREJO 
KLATEN, JAWA TENGAH , PATI , BATANGAN , KUNIRAN 
KLATEN, JAWA TENGAH , PATI , MARGOREJO , MUKTIHARJO 
KLATEN, JAWA TENGAH , PATI , JAKENAN , GLONGGONG 
KLATEN, JAWA TENGAH , PATI , DUKUHSETI , PUNCEL 
KLATEN, JAWA TENGAH , PATI , JAKENAN , TAMBAHMULYO 
KLATEN, JAWA TENGAH , PATI , JUWANA , LANGGENHARJO (LANGENHARJO) 
KLATEN, JAWA TENGAH , PATI , TRANGKIL , SAMBILAWANG 
KLATEN, JAWA TENGAH , PATI , SUKOLILO , CENGKALSEWU 
KLATEN, JAWA TENGAH , PATI , PATI , SIDOKERTO 
KLATEN, JAWA TENGAH , PATI , JAKEN , SUMBEREJO (SUMBERREJO) 
KLATEN, JAWA TENGAH , PATI , GABUS , GEMPOLSARI 
KLATEN, JAWA TENGAH , SALATIGA , SIDOREJO , SIDOREJO LOR 
KLATEN, JAWA TENGAH , SALATIGA , TINGKIR , KUTOWINANGUN KIDUL 
KLATEN, JAWA TENGAH , SALATIGA , SIDOMUKTI , MANGUNSARI 
KLATEN, JAWA TENGAH , SALATIGA , ARGOMULYO , CEBONGAN 
KLATEN, JAWA TENGAH , SALATIGA , ARGOMULYO , LEDOK 
KLATEN, JAWA TENGAH , SALATIGA , SIDOREJO , SALATIGA 
KLATEN, JAWA TENGAH , SALATIGA , SIDOMUKTI , KALICACING 
KLATEN, JAWA TENGAH , SALATIGA , SIDOMUKTI , DUKUH 
KLATEN, JAWA TENGAH , SALATIGA , TINGKIR , TINGKIR TENGAH 
KLATEN, JAWA TENGAH , SALATIGA , TINGKIR , GENDONGAN 
KLATEN, JAWA TENGAH , SALATIGA , SIDOREJO , BLOTONGAN 
KLATEN, JAWA TENGAH , SALATIGA , ARGOMULYO , RANDUACIR 
KLATEN, JAWA TENGAH , SALATIGA , SIDOREJO , KAUMAN KIDUL 
KLATEN, JAWA TENGAH , SALATIGA , ARGOMULYO , TEGALREJO 
KLATEN, JAWA TENGAH , SEMARANG , AMBARAWA , PANJANG 
KLATEN, JAWA TENGAH , SEMARANG , UNGARAN BARAT , BANDARJO 
KLATEN, JAWA TENGAH , SEMARANG , AMBARAWA , KUPANG 
KLATEN, JAWA TENGAH , SEMARANG , UNGARAN BARAT , GENUK 
KLATEN, JAWA TENGAH , SEMARANG , BERGAS , KARANGJATI 
KLATEN, JAWA TENGAH , SEMARANG , TENGARAN , KLERO 
KLATEN, JAWA TENGAH , SEMARANG , PRINGAPUS , PRINGAPUS 
KLATEN, JAWA TENGAH , SEMARANG , SURUH , SURUH 
KLATEN, JAWA TENGAH , SEMARANG , AMBARAWA , KRANGGAN 
KLATEN, JAWA TENGAH , SEMARANG , GETASAN , KOPENG 
KLATEN, JAWA TENGAH , SEMARANG , UNGARAN BARAT , LANGENSARI 
KLATEN, JAWA TENGAH , SEMARANG , BAWEN , HARJOSARI 
KLATEN, JAWA TENGAH , SEMARANG , AMBARAWA , NGAMPIN 
KLATEN, JAWA TENGAH , SEMARANG , BAWEN , BAWEN 
KLATEN, JAWA TENGAH , SEMARANG , BRINGIN , BRINGIN 
KLATEN, JAWA TENGAH , SEMARANG , PABELAN , PABELAN 
KLATEN, JAWA TENGAH , SEMARANG , BERGAS , BERGAS LOR 
KLATEN, JAWA TENGAH , SEMARANG , TUNTANG , LOPAIT 
KLATEN, JAWA TENGAH , SEMARANG , BERGAS , JATIJAJAR 
KLATEN, JAWA TENGAH , SEMARANG , GETASAN , GETASAN 
KLATEN, JAWA TENGAH , SEMARANG , UNGARAN TIMUR , SIDOMULYO 
KLATEN, JAWA TENGAH , SEMARANG , BANYUBIRU , BANYUBIRU 
KLATEN, JAWA TENGAH , SEMARANG , BERGAS , NGEMPON 
KLATEN, JAWA TENGAH , SEMARANG , UNGARAN BARAT , UNGARAN 
KLATEN, JAWA TENGAH , SEMARANG , BERGAS , BERGAS KIDUL 
KLATEN, JAWA TENGAH , SEMARANG , JAMBU , BEDONO 
KLATEN, JAWA TENGAH , SEMARANG , UNGARAN TIMUR , GEDANGANAK 
KLATEN, JAWA TENGAH , SEMARANG , TUNTANG , TUNTANG 
KLATEN, JAWA TENGAH , SEMARANG , UNGARAN TIMUR , KALIREJO 
KLATEN, JAWA TENGAH , SEMARANG , BANDUNGAN , JETIS 
KLATEN, JAWA TENGAH , SEMARANG , BERGAS , RANDUGUNTING 
KLATEN, JAWA TENGAH , SEMARANG , TENGARAN , KARANGDUREN 
KLATEN, JAWA TENGAH , SEMARANG , PABELAN , UJUNG-UJUNG 
KLATEN, JAWA TENGAH , SEMARANG , TENGARAN , BENER 
KLATEN, JAWA TENGAH , SEMARANG , BRINGIN , SENDANG 
KLATEN, JAWA TENGAH , SEMARANG , TENGARAN , TENGARAN 
KLATEN, JAWA TENGAH , SEMARANG , BANDUNGAN , BANYUKUNING 
KLATEN, JAWA TENGAH , SEMARANG , AMBARAWA , POJOKSARI 
KLATEN, JAWA TENGAH , SEMARANG , UNGARAN TIMUR , SUSUKAN 
KLATEN, JAWA TENGAH , SEMARANG , BANDUNGAN , DUREN 
KLATEN, JAWA TENGAH , SEMARANG , TENGARAN , SRUWEN 
KLATEN, DI YOGYAKARTA , SLEMAN , DEPOK , CONDONGCATUR (CONDONG CATUR) 
KLATEN, DI YOGYAKARTA , SLEMAN , DEPOK , CATURTUNGGAL (CATUR TUNGGAL) 
KLATEN, DI YOGYAKARTA , SLEMAN , NGEMPLAK , WEDOMARTANI 
KLATEN, DI YOGYAKARTA , SLEMAN , NGEMPLAK , UMBULMARTANI 
KLATEN, DI YOGYAKARTA , SLEMAN , BERBAH , TEGALTIRTO (TEGAL TIRTO) 
KLATEN, DI YOGYAKARTA , SLEMAN , DEPOK , MAGUWOHARJO 
KLATEN, DI YOGYAKARTA , SLEMAN , KALASAN , TIRTOMARTANI (TIRTO MARTANI) 
KLATEN, DI YOGYAKARTA , SLEMAN , KALASAN , PURWOMARTANI (PURWO MARTANI) 
KLATEN, DI YOGYAKARTA , SLEMAN , KALASAN , TAMANMARTANI TAMANMARTANI (TAMAN MARTANI) 
KLATEN, DI YOGYAKARTA , SLEMAN , BERBAH , KALITIRTO (KALI TIRTO) 
KLATEN, DI YOGYAKARTA , SLEMAN , BERBAH , SENDANGTIRTO (SENDANG TIRTO) 
KLATEN, DI YOGYAKARTA , SLEMAN , NGEMPLAK , BIMOMARTANI (BIMO MARTANI) 
KLATEN, JAWA TENGAH , SRAGEN , GEMOLONG , GEMOLONG 
KLATEN, JAWA TENGAH , SRAGEN , SRAGEN , SRAGEN WETAN 
KLATEN, JAWA TENGAH , SRAGEN , SRAGEN , SRAGEN TENGAH 
KLATEN, JAWA TENGAH , SRAGEN , SRAGEN , NGLOROG 
KLATEN, JAWA TENGAH , SRAGEN , SRAGEN , SRAGEN KULON 
KLATEN, JAWA TENGAH , SRAGEN , SRAGEN , SINE 
KLATEN, JAWA TENGAH , SRAGEN , MASARAN , MASARAN 
KLATEN, JAWA TENGAH , SRAGEN , GEMOLONG , KALORAN 
KLATEN, JAWA TENGAH , SRAGEN , KARANGMALANG , KROYO 
KLATEN, JAWA TENGAH , SRAGEN , NGRAMPAL , PILANGSARI 
KLATEN, JAWA TENGAH , SRAGEN , SUMBERLAWANG , NGANDUL 
KLATEN, JAWA TENGAH , SRAGEN , SAMBUNGMACAN (SAMBUNG MACAN) , BANARAN 
KLATEN, JAWA TENGAH , SRAGEN , GEMOLONG , TEGALDOWO 
KLATEN, JAWA TENGAH , SRAGEN , SIDOHARJO , JETAK 
KLATEN, JAWA TENGAH , SRAGEN , KARANGMALANG , PLUMBUNGAN 
KLATEN, JAWA TENGAH , SRAGEN , TANGEN , KATELAN 
KLATEN, JAWA TENGAH , SRAGEN , MASARAN , KARANGMALANG (KARANG MALANG) 
KLATEN, JAWA TENGAH , SRAGEN , SAMBIREJO , BLIMBING 
KLATEN, JAWA TENGAH , SRAGEN , NGRAMPAL , KEBONROMO 
KLATEN, JAWA TENGAH , SRAGEN , TANON , GABUGABUGAN 
KLATEN, JAWA TENGAH , SRAGEN , GONDANG , GONDANG 
KLATEN, JAWA TENGAH , SRAGEN , SAMBIREJO , SAMBIREJO 
KLATEN, JAWA TENGAH , SRAGEN , KEDAWUNG , CELEP 
KLATEN, JAWA TENGAH , SRAGEN , KEDAWUNG , BENDUNGAN 
KLATEN, JAWA TENGAH , SRAGEN , GEMOLONG , KRAGILAN 
KLATEN, JAWA TENGAH , SRAGEN , SRAGEN , TANGKIL 
KLATEN, JAWA TENGAH , SRAGEN , SAMBUNGMACAN (SAMBUNG MACAN) , TOYOGO 
KLATEN, JAWA TENGAH , SRAGEN , MIRI , BAGOR 
KLATEN, JAWA TENGAH , SRAGEN , KALIJAMBE , BANARAN 
KLATEN, JAWA TENGAH , SRAGEN , SIDOHARJO , SINGOPADU 
KLATEN, JAWA TENGAH , SRAGEN , TANON , SLOGO 
KLATEN, JAWA TENGAH , SRAGEN , SAMBUNGMACAN (SAMBUNG MACAN) , SAMBUNGMACAN 
KLATEN, JAWA TENGAH , SRAGEN , MASARAN , KRIKILAN 
KLATEN, JAWA TENGAH , SRAGEN , SAMBUNGMACAN (SAMBUNG MACAN) , KARANGANYAR 
KLATEN, JAWA TENGAH , SRAGEN , KEDAWUNG , MOJODOYONG 
KLATEN, JAWA TENGAH , SRAGEN , KALIJAMBE , JETISKARANGPUNG (JETIS KARANGPUNG) 
KLATEN, JAWA TENGAH , SRAGEN , MASARAN , SIDODADI 
KLATEN, JAWA TENGAH , SRAGEN , SUMBERLAWANG , MOJOPURO 
KLATEN, JAWA TENGAH , SRAGEN , KARANGMALANG , PURO 
KLATEN, JAWA TENGAH , SRAGEN , KARANGMALANG , PELEMGADUNG (PELEM GADUNG) 
KLATEN, JAWA TENGAH , SRAGEN , MASARAN , GEBANG 
KLATEN, JAWA TENGAH , SRAGEN , KEDAWUNG , WONOKERSO 
KLATEN, JAWA TENGAH , SRAGEN , TANON , KARANGASEM 
KLATEN, JAWA TENGAH , SRAGEN , PLUPUH , SAMBIREJO 
KLATEN, JAWA TENGAH , SRAGEN , SIDOHARJO , DUYUNGAN 
KLATEN, JAWA TENGAH , SUKOHARJO , KARTASURA , KARTASURA 
KLATEN, JAWA TENGAH , SUKOHARJO , BAKI , GENTAN 
KLATEN, JAWA TENGAH , SUKOHARJO , GROGOL , CEMANI 
KLATEN, JAWA TENGAH , SUKOHARJO , KARTASURA , GONILAN 
KLATEN, JAWA TENGAH , SUKOHARJO , SUKOHARJO , SUKOHARJO 
KLATEN, JAWA TENGAH , SUKOHARJO , KARTASURA , PUCANGAN 
KLATEN, JAWA TENGAH , SUKOHARJO , SUKOHARJO , BULAKAN 
KLATEN, JAWA TENGAH , SUKOHARJO , GROGOL , KWARASAN 
KLATEN, JAWA TENGAH , SUKOHARJO , MOJOLABAN , PALUR 
KLATEN, JAWA TENGAH , SUKOHARJO , KARTASURA , MAKAMHAJI 
KLATEN, JAWA TENGAH , SUKOHARJO , KARTASURA , SINGOPURAN 
KLATEN, JAWA TENGAH , SUKOHARJO , GROGOL , LANGENHARJO 
KLATEN, JAWA TENGAH , SUKOHARJO , GROGOL , MADEGONDO 
KLATEN, JAWA TENGAH , SUKOHARJO , MOJOLABAN , KLUMPRIT 
KLATEN, JAWA TENGAH , SUKOHARJO , MOJOLABAN , JOHO 
KLATEN, JAWA TENGAH , SUKOHARJO , KARTASURA , NGADIREJO 
KLATEN, JAWA TENGAH , SUKOHARJO , BENDOSARI , TORIYO 
KLATEN, JAWA TENGAH , SUKOHARJO , GROGOL , TELUKAN 
KLATEN, JAWA TENGAH , SUKOHARJO , GROGOL , PARANGJORO 
KLATEN, JAWA TENGAH , SUKOHARJO , SUKOHARJO , GAYAM 
KLATEN, JAWA TENGAH , SUKOHARJO , GATAK , TRANGSAN 
KLATEN, JAWA TENGAH , SUKOHARJO , GROGOL , GEDANGAN 
KLATEN, JAWA TENGAH , SUKOHARJO , GROGOL , PONDOK 
KLATEN, JAWA TENGAH , SUKOHARJO , GROGOL , BANARAN 
KLATEN, JAWA TENGAH , SUKOHARJO , POLOKARTO , KARANGWUNI 
KLATEN, JAWA TENGAH , SUKOHARJO , KARTASURA , GUMPANG 
KLATEN, JAWA TENGAH , SURAKARTA , SERENGAN , TIPES 
KLATEN, JAWA TENGAH , SURAKARTA , BANJARSARI , NUSUKAN 
KLATEN, JAWA TENGAH , SURAKARTA , BANJARSARI , MANGKUBUMEN 
KLATEN, JAWA TENGAH , SURAKARTA , PASAR KLIWON , JOYOSURAN 
KLATEN, JAWA TENGAH , SURAKARTA , JEBRES , JAGALAN 
KLATEN, JAWA TENGAH , SURAKARTA , PASAR KLIWON , SEMANGGI 
KLATEN, JAWA TENGAH , SURAKARTA , SERENGAN , KRATONAN 
KLATEN, JAWA TENGAH , SURAKARTA , BANJARSARI , KESTALAN 
KLATEN, JAWA TENGAH , SURAKARTA , JEBRES , JEBRES 
KLATEN, JAWA TENGAH , SURAKARTA , JEBRES , MOJOSONGO 
KLATEN, JAWA TENGAH , SURAKARTA , BANJARSARI , TIMURAN 
KLATEN, JAWA TENGAH , SURAKARTA , LAWEYAN , JAJAR 
KLATEN, JAWA TENGAH , SURAKARTA , LAWEYAN , PAJANG 
KLATEN, JAWA TENGAH , SURAKARTA , BANJARSARI , KADIPIRO 
KLATEN, JAWA TENGAH , SURAKARTA , PASAR KLIWON , PASARKLIWON (PASAR KLIWON) 
KLATEN, JAWA TENGAH , SURAKARTA , LAWEYAN , SONDAKAN 
KLATEN, JAWA TENGAH , SURAKARTA , LAWEYAN , PURWOSARI 
KLATEN, JAWA TENGAH , SURAKARTA , BANJARSARI , BANYUANYAR 
KLATEN, JAWA TENGAH , SURAKARTA , BANJARSARI , KETELAN 
KLATEN, JAWA TENGAH , SURAKARTA , BANJARSARI , SUMBER 
KLATEN, JAWA TENGAH , SURAKARTA , LAWEYAN , KARANGASEM 
KLATEN, JAWA TENGAH , SURAKARTA , JEBRES , PUCANGSAWIT 
KLATEN, JAWA TENGAH , WONOGIRI , NGADIROJO , NGADIROJO KIDUL (NGADIROJOKIDUL) 
KLATEN, JAWA TENGAH , WONOGIRI , WONOGIRI , WONOBOYO 
KLATEN, JAWA TENGAH , WONOGIRI , BATURETNO , BATURETNO 
KLATEN, JAWA TENGAH , WONOGIRI , PRACIMANTORO , PRACIMANTORO 
KLATEN, JAWA TENGAH , WONOGIRI , SIDOHARJO , KAYULOKO 
KLATEN, JAWA TENGAH , WONOGIRI , WONOGIRI , WONOKARTO 
KLATEN, JAWA TENGAH , WONOGIRI , BATURETNO , WATUAGUNG 
KLATEN, JAWA TENGAH , WONOGIRI , NGADIROJO , KERJO LOR (KERJOLOR) 
KLATEN, JAWA TENGAH , WONOGIRI , WONOGIRI , GIRITIRTO 
KLATEN, JAWA TENGAH , WONOGIRI , PURWANTORO , PURWANTORO 
KLATEN, JAWA TENGAH , WONOGIRI , WONOGIRI , PURWOREJO 
KLATEN, JAWA TENGAH , WONOGIRI , WONOGIRI , GIRIPURWO 
KLATEN, JAWA TENGAH , WONOGIRI , SLOGOHIMO , BULUSARI 
KLATEN, JAWA TENGAH , WONOGIRI , JATISRONO , JATISRONO 
KLATEN, JAWA TENGAH , WONOGIRI , NGADIROJO , PONDOK 
KLATEN, JAWA TENGAH , WONOGIRI , JATISRONO , TANJUNGSARI 
KLATEN, JAWA TENGAH , WONOGIRI , WONOGIRI , BULUSULUR 
KLATEN, JAWA TENGAH , WONOGIRI , BULUKERTO , BULUREJO 
KLATEN, JAWA TENGAH , WONOGIRI , GIRIWOYO , SENDANGAGUNG 
KLATEN, JAWA TENGAH , WONOGIRI , SELOGIRI , NAMBANGAN 
KLATEN, JAWA TENGAH , WONOGIRI , SELOGIRI , GEMANTAR 
KLATEN, JAWA TENGAH , WONOGIRI , NGUNTORONADI , KEDUNGREJO 
KLATEN, JAWA TENGAH , WONOGIRI , MANYARAN , PUNDUHSARI 
KLATEN, JAWA TENGAH , WONOGIRI , TIRTOMOYO , TIRTOMOYO 
KLATEN, JAWA TENGAH , WONOGIRI , WURYANTORO , WURYANTORO 
JOMBANG, JAWA TIMUR , BLITAR , WLINGI , BABADAN 
JOMBANG, JAWA TIMUR , BLITAR , SUTOJAYAN , KALIPANG 
JOMBANG, JAWA TIMUR , BLITAR , KEPANJENKIDUL (KEPANJEN KIDUL) , KAUMAN 
JOMBANG, JAWA TIMUR , BLITAR , KEPANJENKIDUL (KEPANJEN KIDUL) , KEPANJENKIDUL (KEPANJEN KIDUL) 
JOMBANG, JAWA TIMUR , BLITAR , KESAMBEN , KESAMBEN 
JOMBANG, JAWA TIMUR , BLITAR , PONGGOK , GEMBONGAN 
JOMBANG, JAWA TIMUR , BLITAR , SUKOREJO , PAKUNDEN 
JOMBANG, JAWA TIMUR , BLITAR , PONGGOK , SIDOREJO 
JOMBANG, JAWA TIMUR , BLITAR , KADEMANGAN , KADEMANGAN 
JOMBANG, JAWA TIMUR , BLITAR , SANANKULON (SANAN KULON) , SANANKULON 
JOMBANG, JAWA TIMUR , BLITAR , TALUN , KENDALREJO 
JOMBANG, JAWA TIMUR , BLITAR , SRENGAT , TOGOGAN 
JOMBANG, JAWA TIMUR , BLITAR , KANIGORO , KANIGORO 
JOMBANG, JAWA TIMUR , BLITAR , SELOPURO , JATITENGAH 
JOMBANG, JAWA TIMUR , BLITAR , WONODADI , PIKATAN 
JOMBANG, JAWA TIMUR , BLITAR , SELOPURO , PLOSO 
JOMBANG, JAWA TIMUR , BLITAR , WONODADI , WONODADI 
JOMBANG, JAWA TIMUR , BLITAR , SANANKULON (SANAN KULON) , TULISKRIYO 
JOMBANG, JAWA TIMUR , BLITAR , GARUM , BENCE 
JOMBANG, JAWA TIMUR , BLITAR , SRENGAT , KENDALREJO 
JOMBANG, JAWA TIMUR , BLITAR , TALUN , TALUN 
JOMBANG, JAWA TIMUR , BLITAR , KADEMANGAN , JIMBE 
JOMBANG, JAWA TIMUR , BLITAR , WONODADI , KUNIR 
JOMBANG, JAWA TIMUR , BLITAR , SANANWETAN (SANAN WETAN) , KARANG TENGAH 
JOMBANG, JAWA TIMUR , BLITAR , TALUN , JEBLOG 
JOMBANG, JAWA TIMUR , BLITAR , GANDUSARI , TAMBAKAN 
JOMBANG, JAWA TIMUR , BLITAR , SANANKULON (SANAN KULON) , KALIPUCUNG 
JOMBANG, JAWA TIMUR , BLITAR , WLINGI , BERU 
JOMBANG, JAWA TIMUR , BLITAR , UDANAWU , BAKUNG 
JOMBANG, JAWA TIMUR , BLITAR , NGLEGOK , BANGSRI 
JOMBANG, JAWA TIMUR , BLITAR , NGLEGOK , SUMBERASRI 
JOMBANG, JAWA TIMUR , BLITAR , KADEMANGAN , SURUHWADANG 
JOMBANG, JAWA TIMUR , BLITAR , GARUM , SLOROK 
JOMBANG, JAWA TIMUR , BLITAR , SRENGAT , DANDONG 
JOMBANG, JAWA TIMUR , BLITAR , NGLEGOK , NGLEGOK 
JOMBANG, JAWA TIMUR , BLITAR , KEPANJENKIDUL (KEPANJEN KIDUL) , BENDO 
JOMBANG, JAWA TIMUR , BLITAR , SANANWETAN (SANAN WETAN) , PLOSOKEREP 
JOMBANG, JAWA TIMUR , BLITAR , KANIGORO , GAPRANG 
JOMBANG, JAWA TIMUR , BLITAR , KEPANJENKIDUL (KEPANJEN KIDUL) , TANGGUNG 
JOMBANG, JAWA TIMUR , BLITAR , SANANWETAN (SANAN WETAN) , GEDOG 
JOMBANG, JAWA TIMUR , BLITAR , SANANWETAN (SANAN WETAN) , SANANWETAN (SANAN WETAN) 
JOMBANG, JAWA TIMUR , BLITAR , GARUM , TAWANGSARI (TAWANG SARI) 
JOMBANG, JAWA TIMUR , BLITAR , SANANWETAN (SANAN WETAN) , BENDOGERIT 
JOMBANG, JAWA TIMUR , BLITAR , SELOPURO , MRONJO 
JOMBANG, JAWA TIMUR , BLITAR , GANDUSARI , SOSO 
JOMBANG, JAWA TIMUR , BLITAR , SANANWETAN (SANAN WETAN) , REMBANG 
JOMBANG, JAWA TIMUR , BLITAR , BINANGUN , REJOSO 
JOMBANG, JAWA TIMUR , BLITAR , GARUM , POJOK 
JOMBANG, JAWA TIMUR , BLITAR , WONOTIRTO , TAMBAKREJO 
JOMBANG, JAWA TIMUR , BLITAR , PONGGOK , PONGGOK 
JOMBANG, JAWA TIMUR , BLITAR , KEPANJENKIDUL (KEPANJEN KIDUL) , KEPANJENLOR (KEPANJEN LOR) 
JOMBANG, JAWA TIMUR , BLITAR , WLINGI , WLINGI 
JOMBANG, JAWA TIMUR , BLITAR , WONOTIRTO , PASIRAMAN 
JOMBANG, JAWA TIMUR , KEDIRI , PESANTREN , BURENGAN 
JOMBANG, JAWA TIMUR , KEDIRI , PARE , PARE 
JOMBANG, JAWA TIMUR , KEDIRI , MOJOROTO , LIRBOYO 
JOMBANG, JAWA TIMUR , KEDIRI , MOJOROTO , CAMPUREJO 
JOMBANG, JAWA TIMUR , KEDIRI , KANDANGAN , KANDANGAN 
JOMBANG, JAWA TIMUR , KEDIRI , MOJOROTO , SUKORAME 
JOMBANG, JAWA TIMUR , KEDIRI , MOJOROTO , MOJOROTO 
JOMBANG, JAWA TIMUR , KEDIRI , MOJOROTO , MRICAN 
JOMBANG, JAWA TIMUR , KEDIRI , GURAH , SUKOREJO 
JOMBANG, JAWA TIMUR , KEDIRI , PESANTREN , PESANTREN 
JOMBANG, JAWA TIMUR , KEDIRI , KOTA (KEDIRI KOTA) , NGADIREJO 
JOMBANG, JAWA TIMUR , KEDIRI , KOTA (KEDIRI KOTA) , KALIOMBO 
JOMBANG, JAWA TIMUR , KEDIRI , KOTA (KEDIRI KOTA) , BANJARAN 
JOMBANG, JAWA TIMUR , KEDIRI , MOJOROTO , BANDAR KIDUL 
JOMBANG, JAWA TIMUR , KEDIRI , MOJOROTO , TAMANAN 
JOMBANG, JAWA TIMUR , KEDIRI , KOTA (KEDIRI KOTA) , MANISRENGGO 
JOMBANG, JAWA TIMUR , KEDIRI , MOJOROTO , DERMO 
JOMBANG, JAWA TIMUR , KEDIRI , KOTA (KEDIRI KOTA) , KEMASAN 
JOMBANG, JAWA TIMUR , KEDIRI , PESANTREN , BLABAK 
JOMBANG, JAWA TIMUR , KEDIRI , PESANTREN , TAMPUREJO (TEMPUREJO) 
JOMBANG, JAWA TIMUR , KEDIRI , PESANTREN , SINGONEGARAN 
JOMBANG, JAWA TIMUR , KEDIRI , KOTA (KEDIRI KOTA) , NGRONGGO 
JOMBANG, JAWA TIMUR , KEDIRI , MOJOROTO , BANJAR MLATI (BANJAR MELATI / BANJARMLATI) 
JOMBANG, JAWA TIMUR , KEDIRI , PESANTREN , BANGSAL 
JOMBANG, JAWA TIMUR , KEDIRI , PARE , PELEM 
JOMBANG, JAWA TIMUR , KEDIRI , WATES , TAWANG 
JOMBANG, JAWA TIMUR , KEDIRI , NGASEM , SUMBEREJO (SUMBERJO) 
JOMBANG, JAWA TIMUR , KEDIRI , NGASEM , GOGORANTE 
JOMBANG, JAWA TIMUR , KEDIRI , GURAH , WONOJOYO 
JOMBANG, JAWA TIMUR , KEDIRI , NGASEM , PARON 
JOMBANG, JAWA TIMUR , KEDIRI , PARE , TULUNGREJO 
JOMBANG, JAWA TIMUR , KEDIRI , NGASEM , SUKOREJO 
JOMBANG, JAWA TIMUR , KEDIRI , NGASEM , KARANGREJO 
JOMBANG, JAWA TIMUR , KEDIRI , PESANTREN , BANARAN 
JOMBANG, JAWA TIMUR , KEDIRI , WATES , SUMBERAGUNG 
JOMBANG, JAWA TIMUR , KEDIRI , KOTA (KEDIRI KOTA) , BALOWERTI 
JOMBANG, JAWA TIMUR , KEDIRI , WATES , WATES 
JOMBANG, JAWA TIMUR , KEDIRI , GURAH , GURAH 
JOMBANG, JAWA TIMUR , KEDIRI , MOJOROTO , BANDAR LOR 
JOMBANG, JAWA TIMUR , KEDIRI , PAGU , BULUPASAR 
JOMBANG, JAWA TIMUR , KEDIRI , PURWOASRI , PURWOASRI 
JOMBANG, JAWA TIMUR , KEDIRI , PLEMAHAN , PUHJARAK 
JOMBANG, JAWA TIMUR , KEDIRI , GAMPENGREJO , GAMPENG (GAMPING) 
JOMBANG, JAWA TIMUR , KEDIRI , NGADILUWIH , BRANGGAHAN 
JOMBANG, JAWA TIMUR , KEDIRI , NGADILUWIH , WONOREJO 
JOMBANG, JAWA TIMUR , KEDIRI , PARE , DARUNGAN 
JOMBANG, JAWA TIMUR , KEDIRI , NGASEM , TUGUREJO 
JOMBANG, JAWA TIMUR , KEDIRI , NGADILUWIH , REMBANGKEPUH 
JOMBANG, JAWA TIMUR , KEDIRI , KRAS , JAMBEAN 
JOMBANG, JAWA TIMUR , KEDIRI , PAGU , TANJUNG 
JOMBANG, JAWA TIMUR , KEDIRI , KEPUNG , KEPUNG 
JOMBANG, JAWA TIMUR , KEDIRI , KEPUNG , KENCONG 
JOMBANG, JAWA TIMUR , KEDIRI , PUNCU , GADUNGAN 
JOMBANG, JAWA TIMUR , KEDIRI , WATES , TEMPUREJO 
JOMBANG, JAWA TIMUR , KEDIRI , RINGINREJO , SELODONO 
JOMBANG, JAWA TIMUR , KEDIRI , MOJO , MOJO 
JOMBANG, JAWA TIMUR , KEDIRI , GAMPENGREJO , PUTIH 
JOMBANG, JAWA TIMUR , KEDIRI , PLEMAHAN , KAYEN LOR 
JOMBANG, JAWA TIMUR , KEDIRI , BANYAKAN , MANYARAN 
JOMBANG, JAWA TIMUR , KEDIRI , PAPAR , MINGGIRAN 
JOMBANG, JAWA TIMUR , KEDIRI , PLOSOKLATEN , BRENGGOLO 
JOMBANG, JAWA TIMUR , KEDIRI , KEPUNG , KRENCENG 
JOMBANG, JAWA TIMUR , KEDIRI , KANDAT , KANDAT 
JOMBANG, JAWA TIMUR , KEDIRI , GURAH , GEMPOLAN 
JOMBANG, JAWA TIMUR , KEDIRI , TAROKAN , KALIBOTO 
JOMBANG, JAWA TIMUR , KEDIRI , MOJO , MONDO 
JOMBANG, JAWA TIMUR , MOJOKERTO , MAGERSARI , WATES 
JOMBANG, JAWA TIMUR , MOJOKERTO , BANGSAL , SIDOMULYO 
JOMBANG, JAWA TIMUR , MOJOKERTO , NGORO , NGORO 
JOMBANG, JAWA TIMUR , MOJOKERTO , JETIS , JETIS 
JOMBANG, JAWA TIMUR , MOJOKERTO , GEDEG , TERUSAN 
JOMBANG, JAWA TIMUR , MOJOKERTO , KRANGGAN , KRANGGAN 
JOMBANG, JAWA TIMUR , MOJOKERTO , PURI , TAMBAKAGUNG 
JOMBANG, JAWA TIMUR , MOJOKERTO , DLANGGU , SUMBERSONO 
JOMBANG, JAWA TIMUR , MOJOKERTO , GONDANG , POHJEJER 
JOMBANG, JAWA TIMUR , MOJOKERTO , SOOKO , JAPAN 
JOMBANG, JAWA TIMUR , MOJOKERTO , PUNGGING , JATILANGKUNG 
JOMBANG, JAWA TIMUR , MOJOKERTO , MOJOSARI , SAWAHAN 
JOMBANG, JAWA TIMUR , MOJOKERTO , PACET , PANDANARUM 
JOMBANG, JAWA TIMUR , MOJOKERTO , GONDANG , GONDANG 
JOMBANG, JAWA TIMUR , MOJOKERTO , TRAWAS , KETAPANRAME 
JOMBANG, JAWA TIMUR , MOJOKERTO , GEDEG , JERUKSEGER 
JOMBANG, JAWA TIMUR , MOJOKERTO , NGORO , KEMBANGSRI 
JOMBANG, JAWA TIMUR , MOJOKERTO , SOOKO , SOOKO 
JOMBANG, JAWA TIMUR , MOJOKERTO , MOJOANYAR , LENGKONG 
JOMBANG, JAWA TIMUR , MOJOKERTO , MOJOSARI , PEKUKUHAN 
JOMBANG, JAWA TIMUR , MOJOKERTO , TROWULAN , JATIPASAR 
JOMBANG, JAWA TIMUR , MOJOKERTO , JATIREJO , SUMENGKO 
JOMBANG, JAWA TIMUR , MOJOKERTO , MAGERSARI , GEDONGAN 
JOMBANG, JAWA TIMUR , MOJOKERTO , KRANGGAN , MERI 
JOMBANG, JAWA TIMUR , MOJOKERTO , SOOKO , KEDUNGMALING 
JOMBANG, JAWA TIMUR , MOJOKERTO , MOJOSARI , KAUMAN 
JOMBANG, JAWA TIMUR , MOJOKERTO , KRANGGAN , MIJI 
JOMBANG, JAWA TIMUR , MOJOKERTO , PRAJURITKULON (PRAJURIT KULON) , SURODINAWAN 
JOMBANG, JAWA TIMUR , MOJOKERTO , KEMLAGI , JAPANAN 
JOMBANG, JAWA TIMUR , MOJOKERTO , MOJOSARI , JOTANGAN 
JOMBANG, JAWA TIMUR , MOJOKERTO , MAGERSARI , BALONGSARI 
JOMBANG, JAWA TIMUR , MOJOKERTO , MAGERSARI , KEDUNDUNG 
JOMBANG, JAWA TIMUR , MOJOKERTO , PRAJURITKULON (PRAJURIT KULON) , PULOREJO 
JOMBANG, JAWA TIMUR , MOJOKERTO , NGORO , WONOSARI 
JOMBANG, JAWA TIMUR , MOJOKERTO , BANGSAL , PACING 
JOMBANG, JAWA TIMUR , MOJOKERTO , TROWULAN , JAMBUWOK 
JOMBANG, JAWA TIMUR , MOJOKERTO , SOOKO , MODONGAN 
JOMBANG, JAWA TIMUR , MOJOKERTO , TROWULAN , KEJAGAN 
JOMBANG, JAWA TIMUR , MOJOKERTO , NGORO , LOLAWANG 
JOMBANG, JAWA TIMUR , MOJOKERTO , KUTOREJO , KUTOREJO 
JOMBANG, JAWA TIMUR , MOJOKERTO , KEMLAGI , MOJOKUMPUL 
JOMBANG, JAWA TIMUR , MOJOKERTO , MOJOSARI , SEDURI 
JOMBANG, JAWA TIMUR , MOJOKERTO , SOOKO , BRANGKAL 
JOMBANG, JAWA TIMUR , MOJOKERTO , GEDEG , GEDEG 
JOMBANG, JAWA TIMUR , MOJOKERTO , DAWARBLANDONG (DAWAR BLANDONG) , SIMONGAGROK 
JOMBANG, JAWA TIMUR , MOJOKERTO , MOJOSARI , RANDUBANGO 
JOMBANG, JAWA TIMUR , MOJOKERTO , MOJOSARI , MODOPURO 
JOMBANG, JAWA TIMUR , MOJOKERTO , BANGSAL , BANGSAL 
JOMBANG, JAWA TIMUR , MOJOKERTO , PACET , PACET 
JOMBANG, JAWA TIMUR , MOJOKERTO , PUNGGING , SEKARGADUNG 
JOMBANG, JAWA TIMUR , MOJOKERTO , MOJOSARI , BELAHANTENGAH 
JOMBANG, JAWA TIMUR , MOJOKERTO , PUNGGING , LEBAKSONO 
JOMBANG, JAWA TIMUR , MOJOKERTO , KRANGGAN , SENTANAN 
JOMBANG, JAWA TIMUR , MOJOKERTO , DLANGGU , KEDUNGLENGKONG 
JOMBANG, JAWA TIMUR , MOJOKERTO , PUNGGING , TUNGGALPAGER 
JOMBANG, JAWA TIMUR , MOJOKERTO , JETIS , MLIRIP 
JOMBANG, JAWA TIMUR , MOJOKERTO , TROWULAN , SENTONOREJO 
JOMBANG, JAWA TIMUR , MOJOKERTO , BANGSAL , NGROWO 
JOMBANG, JAWA TIMUR , MOJOKERTO , PUNGGING , NGRAME 
JOMBANG, JAWA TIMUR , MOJOKERTO , DAWARBLANDONG (DAWAR BLANDONG) , PULOREJO 
JOMBANG, JAWA TIMUR , MOJOKERTO , KUTOREJO , SAMPANGAGUNG 
JOMBANG, JAWA TIMUR , MOJOKERTO , GEDEG , NGARESKIDUL 
JOMBANG, JAWA TIMUR , MOJOKERTO , PRAJURITKULON (PRAJURIT KULON) , KAUMAN 
JOMBANG, JAWA TIMUR , MOJOKERTO , NGORO , SEDATI 
JOMBANG, JAWA TIMUR , MOJOKERTO , DLANGGU , DLANGGU 
JOMBANG, JAWA TIMUR , MOJOKERTO , PURI , MLATEN 
JOMBANG, JAWA TIMUR , MOJOKERTO , TROWULAN , BEJIJONG 
JOMBANG, JAWA TIMUR , MOJOKERTO , MOJOSARI , AWANG AWANG 
JOMBANG, JAWA TIMUR , MOJOKERTO , MOJOANYAR , JABON 
JOMBANG, JAWA TIMUR , MOJOKERTO , PACET , WARUGUNUNG 
JOMBANG, JAWA TIMUR , MOJOKERTO , PURI , BANJARAGUNG 
JOMBANG, JAWA TIMUR , MOJOKERTO , PURI , KINTELAN 
JOMBANG, JAWA TIMUR , MOJOKERTO , MAGERSARI , MAGERSARI 
JOMBANG, JAWA TIMUR , MOJOKERTO , PUNGGING , MOJOREJO 
JOMBANG, JAWA TIMUR , MOJOKERTO , TRAWAS , TRAWAS 
JOMBANG, JAWA TIMUR , MOJOKERTO , KRANGGAN , PURWOTENGAH 
JOMBANG, JAWA TIMUR , MOJOKERTO , MOJOSARI , KEBONDALEM 
JOMBANG, JAWA TIMUR , MOJOKERTO , KUTOREJO , KALIGORO 
JOMBANG, JAWA TIMUR , MOJOKERTO , MOJOSARI , MENANGGAL 
JOMBANG, JAWA TIMUR , MOJOKERTO , PUNGGING , KEMBANGRINGGIT 
JOMBANG, JAWA TIMUR , MOJOKERTO , DLANGGU , SEGUNUNG 
JOMBANG, JAWA TIMUR , MOJOKERTO , DLANGGU , POHKECIK 
JOMBANG, JAWA TIMUR , MOJOKERTO , JATIREJO , MOJOGENENG 
JOMBANG, JAWA TIMUR , MOJOKERTO , MOJOSARI , LEMINGGIR 
JOMBANG, JAWA TIMUR , MOJOKERTO , DLANGGU , KALEN 
JOMBANG, JAWA TIMUR , MOJOKERTO , PUNGGING , PUNGGING 
JOMBANG, JAWA TIMUR , MOJOKERTO , MOJOSARI , MOJOSULUR 
JOMBANG, JAWA TIMUR , MOJOKERTO , BANGSAL , SUMBERTEBU 
JOMBANG, JAWA TIMUR , MOJOKERTO , MOJOSARI , SUMBERTANGGUL 
JOMBANG, JAWA TIMUR , MOJOKERTO , KUTOREJO , KEPUHPANDAK 
JOMBANG, JAWA TIMUR , MOJOKERTO , TROWULAN , WONOREJO 
JOMBANG, JAWA TIMUR , MOJOKERTO , KUTOREJO , PESANGGRAHAN 
JOMBANG, JAWA TIMUR , MOJOKERTO , MOJOSARI , SARIREJO 
JOMBANG, JAWA TIMUR , MOJOKERTO , NGORO , WATESNEGORO 
JOMBANG, JAWA TIMUR , MOJOKERTO , PACET , PETAK 
JOMBANG, JAWA TIMUR , MOJOKERTO , JATIREJO , SUMBERAGUNG 
JOMBANG, JAWA TIMUR , MOJOKERTO , NGORO , PORWOJATI (PURWOJATI) 
JOMBANG, JAWA TIMUR , MOJOKERTO , PACET , KEMIRI 
JOMBANG, JAWA TIMUR , MOJOKERTO , PURI , KEBONAGUNG 
JOMBANG, JAWA TIMUR , MOJOKERTO , BANGSAL , SUMBERWONO 
JOMBANG, JAWA TIMUR , MOJOKERTO , NGORO , JASEM 
JOMBANG, JAWA TIMUR , MOJOKERTO , KEMLAGI , BETRO 
JOMBANG, JAWA TIMUR , MOJOKERTO , PACET , BENDUNGANJATI 
JOMBANG, JAWA TIMUR , MOJOKERTO , DAWARBLANDONG (DAWAR BLANDONG) , JATIROWO 
JOMBANG, JAWA TIMUR , MOJOKERTO , PURI , PURI 
JOMBANG, JAWA TIMUR , MOJOKERTO , TROWULAN , TROWULAN 
JOMBANG, JAWA TIMUR , MOJOKERTO , SOOKO , NGINGASREMBYONG 
JOMBANG, JAWA TIMUR , NGANJUK , KERTOSONO , KUTOREJO 
JOMBANG, JAWA TIMUR , NGANJUK , BAGOR , PETAK 
JOMBANG, JAWA TIMUR , NGANJUK , TANJUNGANOM , WARUJAYENG 
JOMBANG, JAWA TIMUR , NGANJUK , NGANJUK , BOGO 
JOMBANG, JAWA TIMUR , NGANJUK , BERBEK , SENGKUT 
JOMBANG, JAWA TIMUR , NGANJUK , NGANJUK , MANGUNDIKARAN (MANGUN DIKARAN) 
JOMBANG, JAWA TIMUR , NGANJUK , NGANJUK , PAYAMAN 
JOMBANG, JAWA TIMUR , NGANJUK , REJOSO , REJOSO 
JOMBANG, JAWA TIMUR , NGANJUK , LOCERET , SUKOREJO 
JOMBANG, JAWA TIMUR , NGANJUK , LOCERET , LOCERET 
JOMBANG, JAWA TIMUR , NGANJUK , LENGKONG , LENGKONG 
JOMBANG, JAWA TIMUR , NGANJUK , BARON , BARON 
JOMBANG, JAWA TIMUR , NGANJUK , KERTOSONO , TEMBARAK 
JOMBANG, JAWA TIMUR , NGANJUK , PRAMBON , TANJUNGTANI (TANJUNG TANI) 
JOMBANG, JAWA TIMUR , NGANJUK , PRAMBON , SONO AGENG 
JOMBANG, JAWA TIMUR , NGANJUK , GONDANG , GONDANGKULON (GONDANG KULON) 
JOMBANG, JAWA TIMUR , NGANJUK , NGANJUK , KRAMAT 
JOMBANG, JAWA TIMUR , NGANJUK , NGANJUK , CANGKRIMAN (CANGKRINGAN) 
JOMBANG, JAWA TIMUR , NGANJUK , BARON , WAUNG 
JOMBANG, JAWA TIMUR , NGANJUK , WILANGAN , WILANGAN 
JOMBANG, JAWA TIMUR , NGANJUK , NGANJUK , JATIREJO 
JOMBANG, JAWA TIMUR , NGANJUK , PRAMBON , SANGGRAHAN 
JOMBANG, JAWA TIMUR , NGANJUK , KERTOSONO , KUDU 
JOMBANG, JAWA TIMUR , NGANJUK , NGANJUK , KAUMAN 
JOMBANG, JAWA TIMUR , NGANJUK , TANJUNGANOM , KEDUNGREJO 
JOMBANG, JAWA TIMUR , NGANJUK , PACE , CERME 
JOMBANG, JAWA TIMUR , NGANJUK , NGANJUK , BEGADUNG 
JOMBANG, JAWA TIMUR , NGANJUK , KERTOSONO , KEPUH 
JOMBANG, JAWA TIMUR , NGANJUK , BAGOR , SELOREJO 
JOMBANG, JAWA TIMUR , NGANJUK , KERTOSONO , PELEM 
JOMBANG, JAWA TIMUR , NGANJUK , BAGOR , GUYANGAN 
JOMBANG, JAWA TIMUR , NGANJUK , SAWAHAN , SIDOREJO 
JOMBANG, JAWA TIMUR , NGANJUK , BERBEK , BERBEK 
JOMBANG, JAWA TIMUR , NGANJUK , SUKOMORO , SOKOMORO (SUKOMORO) 
JOMBANG, JAWA TIMUR , NGANJUK , JATIKALEN , JATIKALEN 
JOMBANG, JAWA TIMUR , NGANJUK , NGRONGGOT , NGRONGGOT 
JOMBANG, JAWA TIMUR , NGANJUK , BAGOR , KUTOREJO 
JOMBANG, JAWA TIMUR , NGANJUK , BERBEK , TIRIPAN 
JOMBANG, JAWA TIMUR , PONOROGO , PONOROGO , BANYUDONO 
JOMBANG, JAWA TIMUR , PONOROGO , PONOROGO , BANGUNSARI 
JOMBANG, JAWA TIMUR , PONOROGO , PONOROGO , NOLOGATEN 
JOMBANG, JAWA TIMUR , PONOROGO , PONOROGO , SURODIKRAMAN 
JOMBANG, JAWA TIMUR , PONOROGO , BABADAN , KERTOSARI 
JOMBANG, JAWA TIMUR , PONOROGO , KAUMAN , CARAT 
JOMBANG, JAWA TIMUR , PONOROGO , JETIS , WONOKETRO 
JOMBANG, JAWA TIMUR , PONOROGO , BABADAN , PATIHAN WETAN 
JOMBANG, JAWA TIMUR , PONOROGO , PONOROGO , PAKUNDEN 
JOMBANG, JAWA TIMUR , PONOROGO , PONOROGO , PURBOSUMAN 
JOMBANG, JAWA TIMUR , PONOROGO , BALONG , KARANGAN 
JOMBANG, JAWA TIMUR , PONOROGO , SAMBIT , CAMPUREJO 
JOMBANG, JAWA TIMUR , PONOROGO , PONOROGO , MANGKUJAYAN 
JOMBANG, JAWA TIMUR , PONOROGO , BABADAN , KADIPATEN 
JOMBANG, JAWA TIMUR , PONOROGO , PONOROGO , KAUMAN 
JOMBANG, JAWA TIMUR , PONOROGO , PONOROGO , BROTONEGARAN 
JOMBANG, JAWA TIMUR , PONOROGO , PONOROGO , TONATAN 
JOMBANG, JAWA TIMUR , PONOROGO , SIMAN , SAWUH 
JOMBANG, JAWA TIMUR , PONOROGO , SLAHUNG , GALAK 
JOMBANG, JAWA TIMUR , PONOROGO , SAMBIT , BULU 
JOMBANG, JAWA TIMUR , PONOROGO , PONOROGO , KEPATIHAN 
JOMBANG, JAWA TIMUR , PONOROGO , JETIS , JOSARI 
JOMBANG, JAWA TIMUR , PONOROGO , SUKOREJO , GANDUKEPUH 
JOMBANG, JAWA TIMUR , PONOROGO , SIMAN , RONOWIJAYAN 
JOMBANG, JAWA TIMUR , PONOROGO , BABADAN , BABADAN 
JOMBANG, JAWA TIMUR , PONOROGO , KAUMAN , PLOSOJENAR 
JOMBANG, JAWA TIMUR , PONOROGO , PONOROGO , KENITEN 
JOMBANG, JAWA TIMUR , PONOROGO , BADEGAN , BITING 
JOMBANG, JAWA TIMUR , PONOROGO , SAWOO , SAWOO 
JOMBANG, JAWA TIMUR , PONOROGO , JENANGAN , SETONO 
JOMBANG, JAWA TIMUR , PONOROGO , JENANGAN , JIMBE 
JOMBANG, JAWA TIMUR , PONOROGO , MLARAK , JABUNG 
JOMBANG, JAWA TIMUR , PONOROGO , SUKOREJO , KEDUNGBANTENG (KEDUNG BANTENG) 
JOMBANG, JAWA TIMUR , TRENGGALEK , TRENGGALEK , SUMBERGEDONG 
JOMBANG, JAWA TIMUR , TRENGGALEK , WATULIMO , TASIKMADU 
JOMBANG, JAWA TIMUR , TRENGGALEK , TRENGGALEK , KELUTAN 
JOMBANG, JAWA TIMUR , TRENGGALEK , DURENAN , NGADISUKO 
JOMBANG, JAWA TIMUR , TRENGGALEK , KARANGAN , KARANGAN 
JOMBANG, JAWA TIMUR , TRENGGALEK , KAMPAK , BENDOAGUNG 
JOMBANG, JAWA TIMUR , TRENGGALEK , PANGGUL , WONOCOYO 
JOMBANG, JAWA TIMUR , TRENGGALEK , POGALAN , NGETAL 
JOMBANG, JAWA TIMUR , TRENGGALEK , GANDUSARI , SUKOREJO 
JOMBANG, JAWA TIMUR , TRENGGALEK , KARANGAN , SUMBERINGIN 
JOMBANG, JAWA TIMUR , TRENGGALEK , DURENAN , KAMULAN 
JOMBANG, JAWA TIMUR , TRENGGALEK , KARANGAN , BULUAGUNG 
JOMBANG, JAWA TIMUR , TRENGGALEK , MUNJUNGAN , MASARAN 
JOMBANG, JAWA TIMUR , TRENGGALEK , TRENGGALEK , REJOWINANGUN 
JOMBANG, JAWA TIMUR , TRENGGALEK , PANGGUL , PANGGUL 
JOMBANG, JAWA TIMUR , TRENGGALEK , TRENGGALEK , SURODAKAN 
JOMBANG, JAWA TIMUR , TRENGGALEK , POGALAN , KEDUNGLURAH 
JOMBANG, JAWA TIMUR , TRENGGALEK , PANGGUL , BODAG 
JOMBANG, JAWA TIMUR , TRENGGALEK , GANDUSARI , KRANDEGAN 
JOMBANG, JAWA TIMUR , TRENGGALEK , PULE , PULE 
JOMBANG, JAWA TIMUR , TRENGGALEK , TRENGGALEK , NGANTRU 
JOMBANG, JAWA TIMUR , TRENGGALEK , POGALAN , BENDOREJO 
JOMBANG, JAWA TIMUR , TRENGGALEK , DURENAN , SUMBERGAYAM 
JOMBANG, JAWA TIMUR , TRENGGALEK , DURENAN , KARANGANOM 
JOMBANG, JAWA TIMUR , TRENGGALEK , DURENAN , DURENAN 
JOMBANG, JAWA TIMUR , TRENGGALEK , POGALAN , POGALAN 
JOMBANG, JAWA TIMUR , TRENGGALEK , TRENGGALEK , PARAKAN 
JOMBANG, JAWA TIMUR , TRENGGALEK , KARANGAN , JATIPRAHU 
JOMBANG, JAWA TIMUR , TRENGGALEK , TRENGGALEK , KARANGSOKO 
JOMBANG, JAWA TIMUR , TRENGGALEK , GANDUSARI , WONOREJO 
JOMBANG, JAWA TIMUR , TRENGGALEK , SURUH , SURUH 
JOMBANG, JAWA TIMUR , TRENGGALEK , GANDUSARI , GANDUSARI 
JOMBANG, JAWA TIMUR , TRENGGALEK , WATULIMO , SLAWE 
JOMBANG, JAWA TIMUR , TRENGGALEK , DONGKO , DONGKO 
JOMBANG, JAWA TIMUR , TRENGGALEK , TUGU , DERMOSARI 
JOMBANG, JAWA TIMUR , TULUNGAGUNG , NGUNUT , NGUNUT 
JOMBANG, JAWA TIMUR , TULUNGAGUNG , REJOTANGAN , PANJEREJO 
JOMBANG, JAWA TIMUR , TULUNGAGUNG , TULUNGAGUNG , KEPATIHAN 
JOMBANG, JAWA TIMUR , TULUNGAGUNG , KARANGREJO (KARANG REJO) , KARANGREJO 
JOMBANG, JAWA TIMUR , TULUNGAGUNG , KEDUNGWARU , PLANDAAN 
JOMBANG, JAWA TIMUR , TULUNGAGUNG , CAMPURDARAT (CAMPUR DARAT) , CAMPURDARAT 
JOMBANG, JAWA TIMUR , TULUNGAGUNG , BOYOLANGU , BEJI 
JOMBANG, JAWA TIMUR , TULUNGAGUNG , BOYOLANGU , SERUT 
JOMBANG, JAWA TIMUR , TULUNGAGUNG , KAUMAN , PANGGUNGREJO 
JOMBANG, JAWA TIMUR , TULUNGAGUNG , CAMPURDARAT (CAMPUR DARAT) , TANGGUNG 
JOMBANG, JAWA TIMUR , TULUNGAGUNG , REJOTANGAN , REJOTANGAN 
JOMBANG, JAWA TIMUR , TULUNGAGUNG , NGANTRU , PINGGIRSARI 
JOMBANG, JAWA TIMUR , TULUNGAGUNG , TULUNGAGUNG , JEPUN 
JOMBANG, JAWA TIMUR , TULUNGAGUNG , REJOTANGAN , TEGALREJO 
JOMBANG, JAWA TIMUR , TULUNGAGUNG , SUMBERGEMPOL , WATES 
JOMBANG, JAWA TIMUR , TULUNGAGUNG , REJOTANGAN , TENGGUR 
JOMBANG, JAWA TIMUR , TULUNGAGUNG , KAUMAN , BATANGSAREN 
JOMBANG, JAWA TIMUR , TULUNGAGUNG , KEDUNGWARU , NGUJANG 
JOMBANG, JAWA TIMUR , TULUNGAGUNG , PAKEL , SODO 
JOMBANG, JAWA TIMUR , TULUNGAGUNG , TULUNGAGUNG , KUTOANYAR 
JOMBANG, JAWA TIMUR , TULUNGAGUNG , GONDANG , JARAKAN 
JOMBANG, JAWA TIMUR , TULUNGAGUNG , KEDUNGWARU , KETANON 
JOMBANG, JAWA TIMUR , TULUNGAGUNG , KEDUNGWARU , PLOSOKANDANG 
JOMBANG, JAWA TIMUR , TULUNGAGUNG , KEDUNGWARU , RINGINPITU 
JOMBANG, JAWA TIMUR , TULUNGAGUNG , CAMPURDARAT (CAMPUR DARAT) , SAWO 
JOMBANG, JAWA TIMUR , TULUNGAGUNG , KEDUNGWARU , TAPAN 
JOMBANG, JAWA TIMUR , TULUNGAGUNG , NGUNUT , BALESONO 
JOMBANG, JAWA TIMUR , TULUNGAGUNG , KEDUNGWARU , LODERESAN 
JOMBANG, JAWA TIMUR , TULUNGAGUNG , NGUNUT , SELOREJO 
JOMBANG, JAWA TIMUR , TULUNGAGUNG , KEDUNGWARU , WINONG 
JOMBANG, JAWA TIMUR , TULUNGAGUNG , NGANTRU , KEPUHREJO 
JOMBANG, JAWA TIMUR , TULUNGAGUNG , TULUNGAGUNG , BAGO 
JOMBANG, JAWA TIMUR , TULUNGAGUNG , BOYOLANGU , BOYOLANGU 
JOMBANG, JAWA TIMUR , TULUNGAGUNG , BANDUNG , SUWARU 
JOMBANG, JAWA TIMUR , TULUNGAGUNG , BOYOLANGU , SOBONTORO 
JOMBANG, JAWA TIMUR , TULUNGAGUNG , TULUNGAGUNG , TAMANAN 
JOMBANG, JAWA TIMUR , TULUNGAGUNG , TULUNGAGUNG , TERTEK 
JOMBANG, JAWA TIMUR , TULUNGAGUNG , KARANGREJO (KARANG REJO) , JELI 
JOMBANG, JAWA TIMUR , TULUNGAGUNG , TULUNGAGUNG , SEMBUNG 
JOMBANG, JAWA TIMUR , TULUNGAGUNG , BANDUNG , KEDUNGWILUT 
JOMBANG, JAWA TIMUR , TULUNGAGUNG , REJOTANGAN , ARIYOJEDING (ARYOJEDING) 
JOMBANG, JAWA TIMUR , TULUNGAGUNG , KAUMAN , JATIMULYO 
JOMBANG, JAWA TIMUR , TULUNGAGUNG , KEDUNGWARU , GENDINGAN 
JOMBANG, JAWA TIMUR , TULUNGAGUNG , BOYOLANGU , SANGGRAHAN 
JOMBANG, JAWA TIMUR , TULUNGAGUNG , BANDUNG , BANDUNG 
JOMBANG, JAWA TIMUR , TULUNGAGUNG , NGANTRU , PAKEL 
JOMBANG, JAWA TIMUR , TULUNGAGUNG , SUMBERGEMPOL , SUMBERDADI 
JOMBANG, JAWA TENGAH , TULUNGAGUNG , BANDUNG , NGUNGGAHAN 
JOMBANG, JAWA TIMUR , TULUNGAGUNG , NGUNUT , PULOSARI 
JOMBANG, JAWA TIMUR , TULUNGAGUNG , SUMBERGEMPOL , PODOREJO 
JOMBANG, JAWA TIMUR , TULUNGAGUNG , KEDUNGWARU , MANGUNSARI 
JOMBANG, JAWA TIMUR , TULUNGAGUNG , KAUMAN , KARANGANOM 
JOMBANG, JAWA TIMUR , TULUNGAGUNG , TULUNGAGUNG , KAMPUNGDALEM 
JOMBANG, JAWA TIMUR , TULUNGAGUNG , KALIDAWIR , JABON 
JOMBANG, JAWA TIMUR , TULUNGAGUNG , KARANGREJO (KARANG REJO) , SEMBON 
JOMBANG, JAWA TIMUR , TULUNGAGUNG , NGUNUT , KALANGAN 
JOMBANG, JAWA TIMUR , TULUNGAGUNG , KAUMAN , BALEREJO 
JOMBANG, JAWA TIMUR , TULUNGAGUNG , BESUKI , BESOLE 
JOMBANG, JAWA TIMUR , TULUNGAGUNG , NGUNUT , GILANG 
JOMBANG, JAWA TIMUR , TULUNGAGUNG , REJOTANGAN , TUGU 
JOMBANG, JAWA TIMUR , TULUNGAGUNG , REJOTANGAN , SUMBERAGUNG 
JOMBANG, JAWA TIMUR , TULUNGAGUNG , SUMBERGEMPOL , SAMBIROBYONG 
JOMBANG, JAWA TIMUR , TULUNGAGUNG , BANDUNG , BANTENGAN 
JOMBANG, JAWA TIMUR , TULUNGAGUNG , BOYOLANGU , TANJUNGSARI 
JOMBANG, JAWA TIMUR , TULUNGAGUNG , NGUNUT , PURWOREJO 
JOMBANG, JAWA TIMUR , TULUNGAGUNG , KEDUNGWARU , KEDUNGWARU 
JOMBANG, JAWA TIMUR , TULUNGAGUNG , KARANGREJO (KARANG REJO) , SUKOWIYONO 
JOMBANG, JAWA TIMUR , TULUNGAGUNG , SUMBERGEMPOL , MIRIGAMBAR 
JOMBANG, JAWA TIMUR , TULUNGAGUNG , PAKEL , SUKOANYAR 
JOMBANG, JAWA TIMUR , TULUNGAGUNG , BESUKI , TANGGULKUNDUNG 
JOMBANG, JAWA TIMUR , TULUNGAGUNG , GONDANG , NGRENDENG 
JOMBANG, JAWA TIMUR , TULUNGAGUNG , NGANTRU , PUCUNG LOR 
JOMBANG, JAWA TIMUR , TULUNGAGUNG , CAMPURDARAT (CAMPUR DARAT) , GAMPING 
JOMBANG, JAWA TIMUR , TULUNGAGUNG , BESUKI , BESUKI 
JEMBER, JAWA TIMUR , BANYUWANGI , GENTENG , GENTENGKULON (GENTENG KULON) 
JEMBER, JAWA TIMUR , BANYUWANGI , ROGOJAMPI , GITIK 
JEMBER, JAWA TIMUR , BANYUWANGI , BANYUWANGI , LATENG 
JEMBER, JAWA TIMUR , BANYUWANGI , SRONO , KEBAMAN 
JEMBER, JAWA TIMUR , BANYUWANGI , KALIPURO , BULUSAN 
JEMBER, JAWA TIMUR , BANYUWANGI , PURWOHARJO , PURWOHARJO 
JEMBER, JAWA TIMUR , BANYUWANGI , GAMBIRAN , JAJAG 
JEMBER, JAWA TIMUR , BANYUWANGI , CLURING , BENCULUK 
JEMBER, JAWA TIMUR , BANYUWANGI , ROGOJAMPI , ROGOJAMPI 
JEMBER, JAWA TIMUR , BANYUWANGI , GIRI , MOJOPANGGUNG 
JEMBER, JAWA TIMUR , BANYUWANGI , KALIPURO , KLATAK 
JEMBER, JAWA TIMUR , BANYUWANGI , GLENMORE , KARANGHARJO 
JEMBER, JAWA TIMUR , BANYUWANGI , ROGOJAMPI , BUBUK 
JEMBER, JAWA TIMUR , BANYUWANGI , BANGOREJO , KEBONDALEM 
JEMBER, JAWA TIMUR , BANYUWANGI , MUNCAR , KEDUNGREJO 
JEMBER, JAWA TIMUR , BANYUWANGI , SEMPU , SEMPU 
JEMBER, JAWA TIMUR , BANYUWANGI , BANYUWANGI , TAMANBARU 
JEMBER, JAWA TIMUR , BANYUWANGI , SEMPU , GENDOH 
JEMBER, JAWA TIMUR , BANYUWANGI , PESANGGARAN , PESANGGARAN 
JEMBER, JAWA TIMUR , BANYUWANGI , MUNCAR , SUMBERBERAS 
JEMBER, JAWA TIMUR , BANYUWANGI , KALIBARU , KALIBARUWETAN (KALIBARU WETAN) 
JEMBER, JAWA TIMUR , BANYUWANGI , BANYUWANGI , SUMBERREJO 
JEMBER, JAWA TIMUR , BANYUWANGI , BANYUWANGI , SINGONEGARAN 
JEMBER, JAWA TIMUR , BANYUWANGI , BANYUWANGI , KEBALENAN 
JEMBER, JAWA TIMUR , BANYUWANGI , MUNCAR , TEMBOKREJO 
JEMBER, JAWA TIMUR , BANYUWANGI , CLURING , CLURING 
JEMBER, JAWA TIMUR , BANYUWANGI , SONGGON , SONGGON 
JEMBER, JAWA TIMUR , BANYUWANGI , WONGSOREJO , WONGSOREJO 
JEMBER, JAWA TIMUR , BANYUWANGI , WONGSOREJO , SIDODADI 
JEMBER, JAWA TIMUR , BANYUWANGI , BANYUWANGI , TUKANGKAYU 
JEMBER, JAWA TIMUR , BANYUWANGI , KALIPURO , KALIPURO 
JEMBER, JAWA TIMUR , BANYUWANGI , ROGOJAMPI , BLIMBING SARI 
JEMBER, JAWA TIMUR , BANYUWANGI , BANYUWANGI , KAMPUNGMELAYU (KAMPUNG MELAYU) 
JEMBER, JAWA TIMUR , BANYUWANGI , GENTENG , GENTENGWETAN (GENTENG WETAN) 
JEMBER, JAWA TIMUR , BANYUWANGI , BANGOREJO , BANGOREJO 
JEMBER, JAWA TIMUR , BANYUWANGI , TEGALSARI , TEGALSARI 
JEMBER, JAWA TIMUR , BANYUWANGI , BANYUWANGI , PENGANJURAN 
JEMBER, JAWA TIMUR , BANYUWANGI , GLENMORE , TEGALHARJO 
JEMBER, JAWA TIMUR , BANYUWANGI , GENTENG , SETAIL 
JEMBER, JAWA TIMUR , BONDOWOSO , WONOSARI , WONOSARI 
JEMBER, JAWA TIMUR , BONDOWOSO , PRAJEKAN , PRAJEKAN KIDUL 
JEMBER, JAWA TIMUR , BONDOWOSO , BONDOWOSO , BADEAN 
JEMBER, JAWA TIMUR , BONDOWOSO , BONDOWOSO , NANGKAAN 
JEMBER, JAWA TIMUR , BONDOWOSO , SUKOSARI , SUKOSARI LOR 
JEMBER, JAWA TIMUR , BONDOWOSO , BONDOWOSO , KEMBANG 
JEMBER, JAWA TIMUR , BONDOWOSO , BONDOWOSO , DABASAH 
JEMBER, JAWA TIMUR , BONDOWOSO , TENGGARANG , TENGGARANG 
JEMBER, JAWA TIMUR , BONDOWOSO , PUJER , MASKUNING WETAN 
JEMBER, JAWA TIMUR , BONDOWOSO , GRUJUGAN , DADAPAN 
JEMBER, JAWA TIMUR , BONDOWOSO , TEGALAMPEL(TEGAL AMPEL) , SEKARPUTIH 
JEMBER, JAWA TIMUR , BONDOWOSO , WRINGIN , WRINGIN 
JEMBER, JAWA TIMUR , BONDOWOSO , MAESAN , PENANGGUNGAN 
JEMBER, JAWA TIMUR , BONDOWOSO , TLOGOSARI , PAKISAN 
JEMBER, JAWA TIMUR , BONDOWOSO , TAMANAN , TAMANAN 
JEMBER, JAWA TIMUR , BONDOWOSO , KLABANG , KLABANG 
JEMBER, JAWA TIMUR , BONDOWOSO , JAMBESARI / JAMBE SARI DARUS SHOLAH , GRUJUGAN LOR 
JEMBER, JAWA TIMUR , BONDOWOSO , WONOSARI , KAPURAN 
JEMBER, JAWA TIMUR , BONDOWOSO , BONDOWOSO , KADEMANGAN 
JEMBER, JAWA TIMUR , BONDOWOSO , TAPEN , JURANG SAPI (JURANGSAPI) 
JEMBER, JAWA TIMUR , BONDOWOSO , PRAJEKAN , PRAJEKAN LOR 
JEMBER, JAWA TIMUR , BONDOWOSO , BONDOWOSO , KOTAKULON 
JEMBER, JAWA TIMUR , BONDOWOSO , BONDOWOSO , TAMANSARI 
JEMBER, JAWA TIMUR , BONDOWOSO , TEGALAMPEL(TEGAL AMPEL) , KARANGANYAR(KARANG ANYAR) 
JEMBER, JAWA TIMUR , BONDOWOSO , SUMBER WRINGIN , SUMBER GADING 
JEMBER, JAWA TIMUR , BONDOWOSO , MAESAN , SUMBERSARI 
JEMBER, JAWA TIMUR , BONDOWOSO , WONOSARI , TRAKTAKAN 
JEMBER, JAWA TIMUR , BONDOWOSO , BONDOWOSO , BLINDUNGAN 
JEMBER, JAWA TIMUR , BONDOWOSO , CERMEE , CERMEE 
JEMBER, JAWA TIMUR , BONDOWOSO , TENGGARANG , BATAAN 
JEMBER, JAWA TIMUR , BONDOWOSO , CERMEE , SULING KULON 
JEMBER, JAWA TIMUR , BONDOWOSO , CURAHDAMI , CURAHDAMI 
JEMBER, JAWA TIMUR , BONDOWOSO , PUJER , KEJAYAN 
JEMBER, JAWA TIMUR , BONDOWOSO , CERMEE , BERCAK ASRI 
JEMBER, JAWA TIMUR , BONDOWOSO , BONDOWOSO , PANCORAN 
JEMBER, JAWA TIMUR , BONDOWOSO , CURAHDAMI , PONCOGATI 
JEMBER, JAWA TIMUR , BONDOWOSO , WONOSARI , LOMBOK WETAN 
JEMBER, JAWA TIMUR , BONDOWOSO , TLOGOSARI , TLOGOSARI 
JEMBER, JAWA TIMUR , JEMBER , TANGGUL , TANGGULWETAN (TANGGUL WETAN) 
JEMBER, JAWA TIMUR , JEMBER , AMBULU , AMBULU 
JEMBER, JAWA TIMUR , JEMBER , SUMBERSARI (SUMBER SARI) , KEBONSARI 
JEMBER, JAWA TIMUR , JEMBER , KALISAT , KALISAT 
JEMBER, JAWA TIMUR , JEMBER , SUKOWONO , SUKOWONO 
JEMBER, JAWA TIMUR , JEMBER , SUMBERSARI (SUMBER SARI) , KARANGREJO 
JEMBER, JAWA TIMUR , JEMBER , BALUNG , BALUNGLOR (BALUNG LOR) 
JEMBER, JAWA TIMUR , JEMBER , BANGSALSARI , GAMBIRONO 
JEMBER, JAWA TIMUR , JEMBER , TEMPUREJO , TEMPUREJO 
JEMBER, JAWA TIMUR , JEMBER , KALIWATES , JEMBERKIDUL (JEMBER KIDUL) 
JEMBER, JAWA TIMUR , JEMBER , PATRANG , BARATAN 
JEMBER, JAWA TIMUR , JEMBER , SUMBERSARI (SUMBER SARI) , WIROLEGI 
JEMBER, JAWA TIMUR , JEMBER , TANGGUL , TANGGULKULON (TANGGUL KULON) 
JEMBER, JAWA TIMUR , JEMBER , WULUHAN , DUKUHDEMPOK (DUKUH DEMPOK) 
JEMBER, JAWA TIMUR , JEMBER , KALIWATES , KALIWATES 
JEMBER, JAWA TIMUR , JEMBER , PATRANG , JEMBERLOR (JEMBER LOR) 
JEMBER, JAWA TIMUR , JEMBER , SUMBERSARI (SUMBER SARI) , SUMBERSARI 
JEMBER, JAWA TIMUR , JEMBER , PATRANG , GEBANG 
JEMBER, JAWA TIMUR , JEMBER , SEMBORO , SIDOMEKAR 
JEMBER, JAWA TIMUR , JEMBER , KALIWATES , MANGLI 
JEMBER, JAWA TIMUR , JEMBER , SUMBERBARU (SUMBER BARU) , PRINGGOWIRAWAN 
JEMBER, JAWA TIMUR , JEMBER , MAYANG , MAYANG 
JEMBER, JAWA TIMUR , JEMBER , KALISAT , AJUNG 
JEMBER, JAWA TIMUR , JEMBER , JOMBANG , PADOMASAN 
JEMBER, JAWA TIMUR , JEMBER , BALUNG , BALUNGKIDUL (BALUNG KIDUL) 
JEMBER, JAWA TIMUR , JEMBER , GUMUKMAS (GUMUK MAS) , MENAMPU 
JEMBER, JAWA TIMUR , JEMBER , PATRANG , SLAWU 
JEMBER, JAWA TIMUR , JEMBER , AJUNG , WIROWONGSO 
JEMBER, JAWA TIMUR , JEMBER , BALUNG , BALUNGKULON (BALUNG KULON) 
JEMBER, JAWA TIMUR , JEMBER , KENCONG , WONOREJO 
JEMBER, JAWA TIMUR , JEMBER , SUMBERBARU (SUMBER BARU) , YOSORATI 
JEMBER, JAWA TIMUR , JEMBER , BANGSALSARI , BANGSALSARI 
JEMBER, JAWA TIMUR , JEMBER , SUKOWONO , SUKOREJO 
JEMBER, JAWA TIMUR , JEMBER , PATRANG , PATRANG 
JEMBER, JAWA TIMUR , JEMBER , SILO , SUMBERJATI 
JEMBER, JAWA TIMUR , JEMBER , KALIWATES , SEMPUSARI 
JEMBER, JAWA TIMUR , JEMBER , PUGER , KASIYAN TIMUR 
JEMBER, JAWA TIMUR , JEMBER , SUMBERSARI (SUMBER SARI) , KRANJINGAN (KERANJINGAN) 
JEMBER, JAWA TIMUR , JEMBER , AMBULU , KARANGANYAR (KARANG ANYAR) 
JEMBER, JAWA TIMUR , JEMBER , RAMBIPUJI , ROWOTAMTU 
JEMBER, JAWA TIMUR , JEMBER , KENCONG , KENCONG 
JEMBER, JAWA TIMUR , JEMBER , KALIWATES , KEPATIHAN 
JEMBER, JAWA TIMUR , JEMBER , AMBULU , ANDONGSARI 
JEMBER, JAWA TIMUR , JEMBER , JENGGAWAH , WONOJATI 
JEMBER, JAWA TIMUR , JEMBER , GUMUKMAS (GUMUK MAS) , GUMUKMAS 
JEMBER, JAWA TIMUR , JEMBER , KALIWATES , TEGALBESAR (TEGAL BESAR) 
JEMBER, JAWA TIMUR , JEMBER , SUKORAMBI , JUBUNG 
JEMBER, JAWA TIMUR , JEMBER , MUMBULSARI , MUMBULSARI 
JEMBER, JAWA TIMUR , JEMBER , JENGGAWAH , KERTONEGORO 
JEMBER, JAWA TIMUR , JEMBER , UMBULSARI , GUNUNGSARI 
JEMBER, JAWA TIMUR , JEMBER , AJUNG , AJUNG 
JEMBER, JAWA TIMUR , JEMBER , RAMBIPUJI , KALIWINING 
JEMBER, JAWA TIMUR , JEMBER , BANGSALSARI , SUKOREJO 
JEMBER, JAWA TIMUR , JEMBER , RAMBIPUJI , RAMBIGUNDAM 
JEMBER, JAWA TIMUR , JEMBER , RAMBIPUJI , RAMBIPUJI 
JEMBER, JAWA TIMUR , JEMBER , SEMBORO , PONDOKDALEM (PONDOK DALEM) 
JEMBER, JAWA TIMUR , JEMBER , JELBUK , JELBUK 
JEMBER, JAWA TIMUR , JEMBER , LEDOKOMBO , LEDOKOMBO 
JEMBER, JAWA TIMUR , JEMBER , AMBULU , SABRANG 
JEMBER, JAWA TIMUR , JEMBER , SUMBERSARI (SUMBER SARI) , TEGALGEDE (TEGAL GEDE) 
JEMBER, JAWA TIMUR , JEMBER , PUGER , PUGERKULON (PUGER KULON) 
JEMBER, JAWA TIMUR , JEMBER , ARJASA , ARJASA 
JEMBER, JAWA TIMUR , JEMBER , UMBULSARI , UMBULSARI 
JEMBER, JAWA TIMUR , JEMBER , PUGER , KASIYAN 
JEMBER, JAWA TIMUR , JEMBER , JENGGAWAH , JENGGAWAH 
JEMBER, JAWA TIMUR , JEMBER , SILO , GARAHAN 
JEMBER, JAWA TIMUR , JEMBER , RAMBIPUJI , PECORO 
JEMBER, JAWA TIMUR , JEMBER , PAKUSARI , KERTOSARI 
JEMBER, JAWA TIMUR , JEMBER , UMBULSARI , MUNDUREJO 
JEMBER, JAWA TIMUR , JEMBER , SILO , SEMPOLAN 
JEMBER, JAWA TIMUR , LUMAJANG , LUMAJANG , JOGOTRUNAN 
JEMBER, JAWA TIMUR , LUMAJANG , JATIROTO , KALIBOTO LOR 
JEMBER, JAWA TIMUR , LUMAJANG , LUMAJANG , CITRODIWANGSAN 
JEMBER, JAWA TIMUR , LUMAJANG , YOSOWILANGUN , YOSOWILANGUN LOR 
JEMBER, JAWA TIMUR , LUMAJANG , PASIRIAN , PASIRIAN 
JEMBER, JAWA TIMUR , LUMAJANG , SENDURO , SENDURO 
JEMBER, JAWA TIMUR , LUMAJANG , CANDIPURO , SUMBEREJO (SUMBERWULUH) 
JEMBER, JAWA TIMUR , LUMAJANG , KEDUNGJAJANG , WONOREJO 
JEMBER, JAWA TIMUR , LUMAJANG , TEMPEH , TEMPEH TENGAH 
JEMBER, JAWA TIMUR , LUMAJANG , SUMBERSUKO , LABRUK KIDUL 
JEMBER, JAWA TIMUR , LUMAJANG , KLAKAH , KLAKAH 
JEMBER, JAWA TIMUR , LUMAJANG , TEKUNG , TUKUM 
JEMBER, JAWA TIMUR , LUMAJANG , LUMAJANG , JOGOYUDAN 
JEMBER, JAWA TIMUR , LUMAJANG , KEDUNGJAJANG , GROBOGAN 
JEMBER, JAWA TIMUR , LUMAJANG , PASRUJAMBE/PASUJAMBE , KARANGANOM 
JEMBER, JAWA TIMUR , LUMAJANG , PASIRIAN , CONDRO 
JEMBER, JAWA TIMUR , LUMAJANG , KUNIR , KUNIR LOR 
JEMBER, JAWA TIMUR , LUMAJANG , CANDIPURO , JARIT 
JEMBER, JAWA TIMUR , LUMAJANG , YOSOWILANGUN , MUNDER 
JEMBER, JAWA TIMUR , LUMAJANG , TEMPEH , TEMPEH LOR 
JEMBER, JAWA TIMUR , LUMAJANG , SUMBERSUKO , PURWOSONO 
JEMBER, JAWA TIMUR , LUMAJANG , YOSOWILANGUN , KALIPEPE 
JEMBER, JAWA TIMUR , LUMAJANG , SUKODONO , SUMBEREJO 
JEMBER, JAWA TIMUR , LUMAJANG , LUMAJANG , TOMPOKERSAN 
JEMBER, JAWA TIMUR , LUMAJANG , LUMAJANG , KEPUHARJO 
JEMBER, JAWA TIMUR , LUMAJANG , SUKODONO , KARANGSARI 
JEMBER, JAWA TIMUR , LUMAJANG , SUKODONO , DAWUHANLOR (DAWUHAN LOR) 
JEMBER, JAWA TIMUR , LUMAJANG , KLAKAH , MLAWANG 
JEMBER, JAWA TIMUR , LUMAJANG , ROWOKANGKUNG , NOGOSARI 
JEMBER, JAWA TIMUR , LUMAJANG , RANDUAGUNG , RANDUAGUNG 
JEMBER, JAWA TIMUR , LUMAJANG , LUMAJANG , ROGOTRUNAN 
JEMBER, JAWA TIMUR , LUMAJANG , PASIRIAN , SELOK AWAR AWAR 
JEMBER, JAWA TIMUR , LUMAJANG , KUNIR , JATIGONO 
JEMBER, JAWA TIMUR , LUMAJANG , SENDURO , KANDANGTEPUS 
JEMBER, JAWA TIMUR , LUMAJANG , YOSOWILANGUN , KARANGANYAR (KARANGAYAR) 
JEMBER, JAWA TIMUR , LUMAJANG , RANUYOSO , RANUYOSO 
JEMBER, JAWA TIMUR , LUMAJANG , TEMPEH , PULO 
JEMBER, JAWA TIMUR , PROBOLINGGO , MAYANGAN , SUKABUMI 
JEMBER, JAWA TIMUR , PROBOLINGGO , PAITON , SUKODADI 
JEMBER, JAWA TIMUR , PROBOLINGGO , DRINGU , KEDUNGDALEM 
JEMBER, JAWA TIMUR , PROBOLINGGO , GENDING , GENDING 
JEMBER, JAWA TIMUR , PROBOLINGGO , LECES , SUMBERKEDAWUNG (SUMBER KEDAWUNG) 
JEMBER, JAWA TIMUR , PROBOLINGGO , KRAKSAAN , KRAKSAAN WETAN 
JEMBER, JAWA TIMUR , PROBOLINGGO , TONGAS , CURAHDRINGU (CURAH DRINGU) 
JEMBER, JAWA TIMUR , PROBOLINGGO , KANIGARAN , KEBONSARI KULON 
JEMBER, JAWA TIMUR , PROBOLINGGO , PEJARAKAN (PAJARAKAN) , KARANGBONG 
JEMBER, JAWA TIMUR , PROBOLINGGO , SUMBERASIH , MUNENG 
JEMBER, JAWA TIMUR , PROBOLINGGO , KANIGARAN , SUKOHARJO 
JEMBER, JAWA TIMUR , PROBOLINGGO , KRAKSAAN , SEMAMPIR 
JEMBER, JAWA TIMUR , PROBOLINGGO , PAITON , SUMBERANYAR 
JEMBER, JAWA TIMUR , PROBOLINGGO , KRAKSAAN , SUMBERLELE 
JEMBER, JAWA TIMUR , PROBOLINGGO , MARON , MARON KIDUL 
JEMBER, JAWA TIMUR , PROBOLINGGO , SUKAPURA , SUKAPURA 
JEMBER, JAWA TIMUR , PROBOLINGGO , DRINGU , TAMANSARI (TAMAN SARI) 
JEMBER, JAWA TIMUR , PROBOLINGGO , MAYANGAN , JATI 
JEMBER, JAWA TIMUR , PROBOLINGGO , LECES , JORONGAN 
JEMBER, JAWA TIMUR , PROBOLINGGO , PAITON , SUMBEREJO 
JEMBER, JAWA TIMUR , PROBOLINGGO , SUMBERASIH , PESISIR 
JEMBER, JAWA TIMUR , PROBOLINGGO , TONGAS , TONGASWETAN (TONGAS WETAN) 
JEMBER, JAWA TIMUR , PROBOLINGGO , MAYANGAN , MANGUNHARJO 
JEMBER, JAWA TIMUR , PROBOLINGGO , SUMBERASIH , BANJARSARI 
JEMBER, JAWA TIMUR , PROBOLINGGO , KEDOPOK (KEDOPAK) , JREBENG WETAN 
JEMBER, JAWA TIMUR , PROBOLINGGO , PEJARAKAN (PAJARAKAN) , KARANGGEGER 
JEMBER, JAWA TIMUR , PROBOLINGGO , KEDOPOK (KEDOPAK) , JREBENG LOR 
JEMBER, JAWA TIMUR , PROBOLINGGO , KADEMANGAN , KADEMANGAN 
JEMBER, JAWA TIMUR , PROBOLINGGO , KRAKSAAN , PATOKAN 
JEMBER, JAWA TIMUR , PROBOLINGGO , MAYANGAN , WIROBORANG 
JEMBER, JAWA TIMUR , PROBOLINGGO , KANIGARAN , KANIGARAN 
JEMBER, JAWA TIMUR , PROBOLINGGO , PAITON , KARANGANYAR 
JEMBER, JAWA TIMUR , PROBOLINGGO , DRINGU , KALISALAM 
JEMBER, JAWA TIMUR , PROBOLINGGO , LECES , MALASANKULON (MALASAN KULON) 
JEMBER, JAWA TIMUR , PROBOLINGGO , TONGAS , TAMBAKREJO 
JEMBER, JAWA TIMUR , PROBOLINGGO , LECES , WARUJINGGO 
JEMBER, JAWA TIMUR , PROBOLINGGO , PAITON , JABUNGSISIR (JABUNG SISIR) 
JEMBER, JAWA TIMUR , PROBOLINGGO , GENDING , PAJURANGAN 
JEMBER, JAWA TIMUR , PROBOLINGGO , KRAKSAAN , KEBONAGUNG 
JEMBER, JAWA TIMUR , PROBOLINGGO , PAITON , BHINOR (BHINAR) 
JEMBER, JAWA TIMUR , PROBOLINGGO , KADEMANGAN , KETAPANG 
JEMBER, JAWA TIMUR , PROBOLINGGO , KADEMANGAN , TRIWUNG LOR 
JEMBER, JAWA TIMUR , PROBOLINGGO , WONOASIH , SUMBER TAMAN 
JEMBER, JAWA TIMUR , PROBOLINGGO , WONOASIH , WONOASIH 
JEMBER, JAWA TIMUR , PROBOLINGGO , GENDING , RANDUPITU 
JEMBER, JAWA TIMUR , PROBOLINGGO , PEJARAKAN (PAJARAKAN) , SUKOKERTO 
JEMBER, JAWA TIMUR , PROBOLINGGO , SUMBERASIH , MUNENGKIDUL (MUNENG KIDUL) 
JEMBER, JAWA TIMUR , PROBOLINGGO , SUMBERASIH , POHSANGITLERES (POHSANGIT LERES) 
JEMBER, JAWA TIMUR , PROBOLINGGO , DRINGU , KALIREJO 
JEMBER, JAWA TIMUR , PROBOLINGGO , LECES , CLARAK 
JEMBER, JAWA TIMUR , PROBOLINGGO , TONGAS , TANJUNGREJO 
JEMBER, JAWA TIMUR , PROBOLINGGO , TEGALSIWALAN (TEGAL SIWALAN) , TEGALSIWALAN (TEGAL SIWALAN) 
JEMBER, JAWA TIMUR , PROBOLINGGO , GENDING , CURAHSAWO 
JEMBER, JAWA TIMUR , PROBOLINGGO , PEJARAKAN (PAJARAKAN) , KARANGPRANTI 
JEMBER, JAWA TIMUR , PROBOLINGGO , PAITON , JABUNGCANDI (JABUNG CANDI) 
JEMBER, JAWA TIMUR , PROBOLINGGO , KRAKSAAN , SIDOMUKTI 
JEMBER, JAWA TIMUR , PROBOLINGGO , PEJARAKAN (PAJARAKAN) , SUKOMULYO 
JEMBER, JAWA TIMUR , PROBOLINGGO , KADEMANGAN , PILANG 
JEMBER, JAWA TIMUR , PROBOLINGGO , KRAKSAAN , ALASSUMUR KULON 
JEMBER, JAWA TIMUR , PROBOLINGGO , WONOMERTO , SEPUHGEMBOL (SEPUH GEMPOL) 
JEMBER, JAWA TIMUR , PROBOLINGGO , LECES , TIGASAN WETAN 
JEMBER, JAWA TIMUR , PROBOLINGGO , KANIGARAN , TISNONEGARAN 
JEMBER, JAWA TIMUR , PROBOLINGGO , KEDOPOK (KEDOPAK) , SUMBER WETAN 
JEMBER, JAWA TIMUR , PROBOLINGGO , LUMBANG , LUMBANG 
JEMBER, JAWA TIMUR ,  , KADEMANGAN , TRIWUNG KIDUL 
JEMBER, JAWA TIMUR , SITUBONDO , BESUKI , BESUKI 
JEMBER, JAWA TIMUR , SITUBONDO , ASEMBAGUS , TRIGONCO 
JEMBER, JAWA TIMUR , SITUBONDO , PANJI , MIMBAAN 
JEMBER, JAWA TIMUR , SITUBONDO , PANJI , CURAH JERU 
JEMBER, JAWA TIMUR , SITUBONDO , SITUBONDO , DAWUHAN 
JEMBER, JAWA TIMUR , SITUBONDO , SITUBONDO , PATOKAN 
JEMBER, JAWA TIMUR , SITUBONDO , ASEMBAGUS , GUDANG 
JEMBER, JAWA TIMUR , SITUBONDO , MANGARAN , MANGARAN 
JEMBER, JAWA TIMUR , SITUBONDO , BESUKI , DEMUNG 
JEMBER, JAWA TIMUR , SITUBONDO , BANYUPUTIH , WONOREJO 
JEMBER, JAWA TIMUR , SITUBONDO , BANYUGLUGUR , KALIANGET 
JEMBER, JAWA TIMUR , SITUBONDO , BANYUPUTIH , SUMBEREJO 
JEMBER, JAWA TIMUR , SITUBONDO , BANYUGLUGUR , BANYUGLUGUR 
JEMBER, JAWA TIMUR , SITUBONDO , SUBOH , BUDUAN 
JEMBER, JAWA TIMUR , SITUBONDO , ARJASA , ARJASA 
JEMBER, JAWA TIMUR , SITUBONDO , KAPONGAN , KAPONGAN 
JEMBER, JAWA TIMUR , SITUBONDO , JANGKAR , PESANGGRAHAN 
JEMBER, JAWA TIMUR , SITUBONDO , PANARUKAN , ALASMALANG (ALAS MAALASMALANG (ALAS MALANG) 
JEMBER, JAWA TIMUR , SITUBONDO , SITUBONDO , TALKANDANG 
JEMBER, JAWA TIMUR , SITUBONDO , BANYUPUTIH , BANYUPUTIH (BANYU PUTIH) 
JEMBER, JAWA TIMUR , SITUBONDO , KENDIT , KLATAKAN 
JEMBER, JAWA TIMUR , SITUBONDO , ARJASA , LAMONGAN 
JEMBER, JAWA TIMUR , SITUBONDO , PANARUKAN , KILENSARI 
JEMBER, JAWA TIMUR , SITUBONDO , ASEMBAGUS , ASEMBAGUS 
JEMBER, JAWA TIMUR , SITUBONDO , BESUKI , KALIMAS 
JEMBER, JAWA TIMUR , SITUBONDO , KENDIT , KENDIT 
JEMBER, JAWA TIMUR , SITUBONDO , JANGKAR , JANGKAR 
JEMBER, JAWA TIMUR , SITUBONDO , BUNGATAN , BUNGATAN 
JEMBER, JAWA TIMUR , SITUBONDO , MLANDINGAN , MLANDINGAN KULON 
JEMBER, JAWA TIMUR , SITUBONDO , PANARUKAN , WRINGINANOM 
JEMBER, JAWA TIMUR , SITUBONDO , SITUBONDO , KOTAKAN 
JEMBER, JAWA TIMUR , SITUBONDO , PANARUKAN , SUMBERKOLAK (SUMBER KOLAK) 
JEMBER, JAWA TIMUR , SITUBONDO , BANYUPUTIH , SUMBERWARU 
JAKARTA 2, DKI JAKARTA , JAKARTA PUSAT , KEMAYORAN , KEBON KOSONG 
JAKARTA 2, DKI JAKARTA , JAKARTA PUSAT , KEMAYORAN , SERDANG 
JAKARTA 2, DKI JAKARTA , JAKARTA PUSAT , KEMAYORAN , KEMAYORAN 
JAKARTA 2, DKI JAKARTA , JAKARTA PUSAT , CEMPAKA PUTIH , RAWASARI 
JAKARTA 2, DKI JAKARTA , JAKARTA PUSAT , JOHAR BARU , JOHAR BARU 
JAKARTA 2, DKI JAKARTA , JAKARTA PUSAT , KEMAYORAN , UTAN PANJANG 
JAKARTA 2, DKI JAKARTA , JAKARTA PUSAT , KEMAYORAN , SUMUR BATU 
JAKARTA 2, DKI JAKARTA , JAKARTA PUSAT , CEMPAKA PUTIH , CEMPAKA PUTIH TIMUR 
JAKARTA 2, DKI JAKARTA , JAKARTA PUSAT , JOHAR BARU , TANAH TINGGI 
JAKARTA 2, DKI JAKARTA , JAKARTA PUSAT , KEMAYORAN , CEMPAKA BARU 
JAKARTA 2, DKI JAKARTA , JAKARTA PUSAT , JOHAR BARU , KAMPUNG RAWA 
JAKARTA 2, DKI JAKARTA , JAKARTA PUSAT , JOHAR BARU , GALUR 
JAKARTA 2, DKI JAKARTA , JAKARTA PUSAT , KEMAYORAN , HARAPAN MULIA (HARAPAN MULYA) 
JAKARTA 2, DKI JAKARTA , JAKARTA PUSAT , CEMPAKA PUTIH , CEMPAKA PUTIH BARAT 
JAKARTA 2, DKI JAKARTA , JAKARTA PUSAT , KEMAYORAN , GUNUNG SAHARI SELATAN 
JAKARTA 2, DKI JAKARTA , JAKARTA TIMUR , MATRAMAN , UTAN KAYU UTARA 
JAKARTA 2, DKI JAKARTA , JAKARTA TIMUR , MATRAMAN , KEBON MANGGIS 
JAKARTA 2, DKI JAKARTA , JAKARTA TIMUR , DUREN SAWIT , MALAKA JAYA 
JAKARTA 2, DKI JAKARTA , JAKARTA TIMUR , JATINEGARA , CIPINANG CEMPEDAK 
JAKARTA 2, DKI JAKARTA , JAKARTA TIMUR , KRAMATJATI (KRAMAT JATI) , BATU AMPAR (BATUAMPAR) 
JAKARTA 2, DKI JAKARTA , JAKARTA TIMUR , DUREN SAWIT , PONDOK KELAPA 
JAKARTA 2, DKI JAKARTA , JAKARTA TIMUR , MATRAMAN , PISANGAN BARU 
JAKARTA 2, DKI JAKARTA , JAKARTA TIMUR , DUREN SAWIT , KLENDER 
JAKARTA 2, DKI JAKARTA , JAKARTA TIMUR , KRAMATJATI (KRAMAT JATI) , TENGAH (KAMPUNG TENGAH) 
JAKARTA 2, DKI JAKARTA , JAKARTA TIMUR , JATINEGARA , CIPINANG BESAR SELATAN 
JAKARTA 2, DKI JAKARTA , JAKARTA TIMUR , CAKUNG , CAKUNG TIMUR 
JAKARTA 2, DKI JAKARTA , JAKARTA TIMUR , CAKUNG , UJUNG MENTENG 
JAKARTA 2, DKI JAKARTA , JAKARTA TIMUR , CAKUNG , RAWA TERATE 
JAKARTA 2, DKI JAKARTA , JAKARTA TIMUR , CAKUNG , PULO GEBANG 
JAKARTA 2, DKI JAKARTA , JAKARTA TIMUR , PULOGADUNG (PULO GADUNG) , KAYU PUTIH 
JAKARTA 2, DKI JAKARTA , JAKARTA TIMUR , JATINEGARA , RAWA BUNGA 
JAKARTA 2, DKI JAKARTA , JAKARTA TIMUR , PULOGADUNG (PULO GADUNG) , PISANGAN TIMUR 
JAKARTA 2, DKI JAKARTA , JAKARTA TIMUR , KRAMATJATI (KRAMAT JATI) , CAWANG 
JAKARTA 2, DKI JAKARTA , JAKARTA TIMUR , JATINEGARA , CIPINANG MUARA 
JAKARTA 2, DKI JAKARTA , JAKARTA TIMUR , PULOGADUNG (PULO GADUNG) , JATI 
JAKARTA 2, DKI JAKARTA , JAKARTA TIMUR , CAKUNG , JATINEGARA 
JAKARTA 2, DKI JAKARTA , JAKARTA TIMUR , KRAMATJATI (KRAMAT JATI) , CILILITAN 
JAKARTA 2, DKI JAKARTA , JAKARTA TIMUR , PULOGADUNG (PULO GADUNG) , RAWAMANGUN 
JAKARTA 2, DKI JAKARTA , JAKARTA TIMUR , JATINEGARA , CIPINANG BESAR UTARA 
JAKARTA 2, DKI JAKARTA , JAKARTA TIMUR , PULOGADUNG (PULO GADUNG) , CIPINANG 
JAKARTA 2, DKI JAKARTA , JAKARTA TIMUR , KRAMATJATI (KRAMAT JATI) , KRAMATJATI (KRAMAT JATI) 
JAKARTA 2, DKI JAKARTA , JAKARTA TIMUR , CAKUNG , CAKUNG BARAT 
JAKARTA 2, DKI JAKARTA , JAKARTA TIMUR , CAKUNG , PENGGILINGAN 
JAKARTA 2, DKI JAKARTA , JAKARTA TIMUR , PULOGADUNG (PULO GADUNG) , PULO GADUNG 
JAKARTA 2, DKI JAKARTA , JAKARTA TIMUR , MATRAMAN , UTAN KAYU SELATAN 
JAKARTA 2, DKI JAKARTA , JAKARTA TIMUR , MAKASAR , KEBON PALA 
JAKARTA 2, DKI JAKARTA , JAKARTA TIMUR , MAKASAR , PINANGRANTI (PINANG RANTI) 
JAKARTA 2, DKI JAKARTA , JAKARTA TIMUR , DUREN SAWIT , DUREN SAWIT 
JAKARTA 2, DKI JAKARTA , JAKARTA TIMUR , DUREN SAWIT , PONDOK KOPI 
JAKARTA 2, DKI JAKARTA , JAKARTA TIMUR , JATINEGARA , BIDARA CINA (BIDARACINA) 
JAKARTA 2, DKI JAKARTA , JAKARTA TIMUR , MAKASAR , MAKASAR 
JAKARTA 2, DKI JAKARTA , JAKARTA TIMUR , JATINEGARA , KAMPUNG MELAYU 
JAKARTA 2, DKI JAKARTA , JAKARTA TIMUR , MATRAMAN , PALMERIAM (PAL MERIAM) 
JAKARTA 2, DKI JAKARTA , JAKARTA TIMUR , DUREN SAWIT , PONDOK BAMBU 
JAKARTA 2, DKI JAKARTA , JAKARTA TIMUR , DUREN SAWIT , MALAKA SARI 
JAKARTA 2, DKI JAKARTA , JAKARTA TIMUR , JATINEGARA , BALI MESTER 
JAKARTA 2, DKI JAKARTA , JAKARTA TIMUR , KRAMATJATI (KRAMAT JATI) , BALEKAMBANG 
JAKARTA 2, DKI JAKARTA , JAKARTA TIMUR , KRAMATJATI (KRAMAT JATI) , DUKUH 
JAKARTA 2, DKI JAKARTA , JAKARTA TIMUR , PULOGADUNG (PULO GADUNG) , JATINEGARA KAUM 
JAKARTA 2, DKI JAKARTA , JAKARTA TIMUR , MATRAMAN , KAYU MANIS 
JAKARTA 2, DKI JAKARTA , JAKARTA TIMUR , MAKASAR , HALIM PERDANA KUSUMA (HALIM PERDANA KUSUMAH) 
JAKARTA 2, DKI JAKARTA , JAKARTA TIMUR , MAKASAR , CIPINANG MELAYU 
JAKARTA 2, DKI JAKARTA , JAKARTA UTARA , TANJUNG PRIOK , PAPANGGO 
JAKARTA 2, DKI JAKARTA , JAKARTA UTARA , CILINCING , SUKAPURA 
JAKARTA 2, DKI JAKARTA , JAKARTA UTARA , KELAPA GADING , KELAPA GADING TIMUR 
JAKARTA 2, DKI JAKARTA , JAKARTA UTARA , TANJUNG PRIOK , SUNTER AGUNG 
JAKARTA 2, DKI JAKARTA , JAKARTA UTARA , KOJA , TUGU SELATAN 
JAKARTA 2, DKI JAKARTA , JAKARTA UTARA , KOJA , RAWA BADAK SELATAN 
JAKARTA 2, DKI JAKARTA , JAKARTA UTARA , KELAPA GADING , KELAPA GADING BARAT 
JAKARTA 2, DKI JAKARTA , JAKARTA UTARA , CILINCING , CILINCING 
JAKARTA 2, DKI JAKARTA , JAKARTA UTARA , KELAPA GADING , PEGANGSAAN DUA 
JAKARTA 2, DKI JAKARTA , JAKARTA UTARA , TANJUNG PRIOK , SUNGAI BAMBU 
JAKARTA 2, DKI JAKARTA , JAKARTA UTARA , CILINCING , SEMPER BARAT 
JAKARTA 2, DKI JAKARTA , JAKARTA UTARA , CILINCING , ROROTAN 
JAKARTA 2, DKI JAKARTA , JAKARTA UTARA , CILINCING , SEMPER TIMUR 
JAKARTA 2, DKI JAKARTA , JAKARTA UTARA , TANJUNG PRIOK , TANJUNG PRIOK 
JAKARTA 2, DKI JAKARTA , JAKARTA UTARA , TANJUNG PRIOK , KEBON BAWANG 
JAKARTA 2, DKI JAKARTA , JAKARTA UTARA , CILINCING , KALIBARU (KALI BARU) 
JAKARTA 2, DKI JAKARTA , JAKARTA UTARA , KOJA ," KOJA (UTARA, SELATAN) "
JAKARTA 2, DKI JAKARTA , JAKARTA UTARA , KOJA , TUGU UTARA 
JAKARTA 2, DKI JAKARTA , JAKARTA UTARA , KOJA , LAGOA 
JAKARTA 2, DKI JAKARTA , JAKARTA UTARA , KOJA , RAWA BADAK UTARA 
JAKARTA 2, DKI JAKARTA , JAKARTA UTARA , PADEMANGAN , ANCOL 
JAKARTA 2, DKI JAKARTA , JAKARTA UTARA , CILINCING , MARUNDA 
JAKARTA 2, DKI JAKARTA , JAKARTA UTARA , TANJUNG PRIOK , SUNTER JAYA 
JAKARTA 2, DKI JAKARTA ,  , TANJUNG PRIOK , SUNGAI BAMBU 
JAKARTA 1, DKI JAKARTA , JAKARTA BARAT , TAMBORA , DURI SELATAN 
JAKARTA 1, DKI JAKARTA , JAKARTA BARAT , TAMBORA , TAMBORA 
JAKARTA 1, DKI JAKARTA , JAKARTA BARAT , TAMAN SARI , MANGGA BESAR 
JAKARTA 1, DKI JAKARTA , JAKARTA BARAT , GROGOL PETAMBURAN , TANJUNG DUREN UTARA 
JAKARTA 1, DKI JAKARTA , JAKARTA BARAT , PAL MERAH (PALMERAH) , KEMANGGISAN 
JAKARTA 1, DKI JAKARTA , JAKARTA BARAT , TAMAN SARI , KRUKUT 
JAKARTA 1, DKI JAKARTA , JAKARTA BARAT , GROGOL PETAMBURAN , JELAMBAR 
JAKARTA 1, DKI JAKARTA , JAKARTA BARAT , TAMBORA , ANGKE 
JAKARTA 1, DKI JAKARTA , JAKARTA BARAT , GROGOL PETAMBURAN , TOMANG 
JAKARTA 1, DKI JAKARTA , JAKARTA BARAT , PAL MERAH (PALMERAH) , KOTA BAMBU UTARA 
JAKARTA 1, DKI JAKARTA , JAKARTA BARAT , PAL MERAH (PALMERAH) , JATIPULO 
JAKARTA 1, DKI JAKARTA , JAKARTA BARAT , TAMBORA , JEMBATAN LIMA 
JAKARTA 1, DKI JAKARTA , JAKARTA BARAT , GROGOL PETAMBURAN , JELAMBAR BARU 
JAKARTA 1, DKI JAKARTA , JAKARTA BARAT , TAMAN SARI , MAPHAR 
JAKARTA 1, DKI JAKARTA , JAKARTA BARAT , TAMAN SARI , TAMAN SARI 
JAKARTA 1, DKI JAKARTA , JAKARTA BARAT , TAMAN SARI , TANGKI 
JAKARTA 1, DKI JAKARTA , JAKARTA BARAT , TAMBORA , KRENDANG 
JAKARTA 1, DKI JAKARTA , JAKARTA BARAT , GROGOL PETAMBURAN , GROGOL 
JAKARTA 1, DKI JAKARTA , JAKARTA BARAT , PAL MERAH (PALMERAH) , KOTA BAMBU SELATAN 
JAKARTA 1, DKI JAKARTA , JAKARTA BARAT , TAMBORA , TANAH SEREAL 
JAKARTA 1, DKI JAKARTA , JAKARTA BARAT , TAMBORA , DURI UTARA 
JAKARTA 1, DKI JAKARTA , JAKARTA BARAT , GROGOL PETAMBURAN , TANJUNG DUREN SELATAN 
JAKARTA 1, DKI JAKARTA , JAKARTA BARAT , TAMAN SARI , GLODOK 
JAKARTA 1, DKI JAKARTA , JAKARTA BARAT , TAMBORA , JEMBATAN BESI 
JAKARTA 1, DKI JAKARTA , JAKARTA BARAT , PAL MERAH (PALMERAH) , PALMERAH 
JAKARTA 1, DKI JAKARTA , JAKARTA BARAT , TAMAN SARI , KEAGUNGAN 
JAKARTA 1, DKI JAKARTA , JAKARTA BARAT , TAMAN SARI , PINANGSIA 
JAKARTA 1, DKI JAKARTA , JAKARTA BARAT , PAL MERAH (PALMERAH) , SLIPI 
JAKARTA 1, DKI JAKARTA , JAKARTA BARAT , TAMBORA , ROA MALAKA 
JAKARTA 1, DKI JAKARTA , JAKARTA BARAT , GROGOL PETAMBURAN , WIJAYA KUSUMA 
JAKARTA 1, DKI JAKARTA , JAKARTA BARAT , TAMBORA , PEKOJAN 
JAKARTA 1, DKI JAKARTA , JAKARTA BARAT , TAMBORA , KALI ANYAR 
JAKARTA 1, DKI JAKARTA , JAKARTA BARAT , GROGOL PETAMBURAN , TOMANG 
JAKARTA 1, DKI JAKARTA , JAKARTA PUSAT , GAMBIR , PETOJO UTARA 
JAKARTA 1, DKI JAKARTA , JAKARTA PUSAT , SENEN , PASEBAN 
JAKARTA 1, DKI JAKARTA , JAKARTA PUSAT , SAWAH BESAR , KARANG ANYAR 
JAKARTA 1, DKI JAKARTA , JAKARTA PUSAT , SENEN , KWITANG 
JAKARTA 1, DKI JAKARTA , JAKARTA PUSAT , TANAH ABANG , KAMPUNG BALI 
JAKARTA 1, DKI JAKARTA , JAKARTA PUSAT , GAMBIR , CIDENG 
JAKARTA 1, DKI JAKARTA , JAKARTA PUSAT , TANAH ABANG , BENDUNGAN HILIR 
JAKARTA 1, DKI JAKARTA , JAKARTA PUSAT , SENEN , KRAMAT 
JAKARTA 1, DKI JAKARTA , JAKARTA PUSAT , SAWAH BESAR , KARTINI 
JAKARTA 1, DKI JAKARTA , JAKARTA PUSAT , SAWAH BESAR , MANGGA DUA SELATAN 
JAKARTA 1, DKI JAKARTA , JAKARTA PUSAT , SAWAH BESAR , PASAR BARU 
JAKARTA 1, DKI JAKARTA , JAKARTA PUSAT , MENTENG , PEGANGSAAN 
JAKARTA 1, DKI JAKARTA , JAKARTA PUSAT , SENEN , SENEN 
JAKARTA 1, DKI JAKARTA , JAKARTA PUSAT , GAMBIR , PETOJO SELATAN 
JAKARTA 1, DKI JAKARTA , JAKARTA PUSAT , SAWAH BESAR , GUNUNG SAHARI UTARA 
JAKARTA 1, DKI JAKARTA , JAKARTA PUSAT , GAMBIR , KEBON KELAPA 
JAKARTA 1, DKI JAKARTA , JAKARTA PUSAT , GAMBIR , DURI PULO 
JAKARTA 1, DKI JAKARTA , JAKARTA PUSAT , TANAH ABANG , KEBON KACANG 
JAKARTA 1, DKI JAKARTA , JAKARTA PUSAT , TANAH ABANG , PETAMBURAN 
JAKARTA 1, DKI JAKARTA , JAKARTA PUSAT , TANAH ABANG , KEBON MELATI 
JAKARTA 1, DKI JAKARTA , JAKARTA PUSAT , MENTENG , KEBON SIRIH 
JAKARTA 1, DKI JAKARTA , JAKARTA PUSAT , TANAH ABANG , KARET TENGSIN 
JAKARTA 1, DKI JAKARTA , JAKARTA PUSAT , SENEN , KENARI 
JAKARTA 1, DKI JAKARTA , JAKARTA PUSAT , MENTENG , MENTENG 
JAKARTA 1, DKI JAKARTA , JAKARTA PUSAT , TANAH ABANG , GELORA 
JAKARTA 1, DKI JAKARTA , JAKARTA PUSAT , MENTENG , GONDANGDIA 
JAKARTA 1, DKI JAKARTA , JAKARTA PUSAT , GAMBIR , GAMBIR 
JAKARTA 1, DKI JAKARTA , JAKARTA PUSAT , MENTENG , CIKINI 
JAKARTA 1, DKI JAKARTA , JAKARTA PUSAT , GAMBIR , GAMBIR 
JAKARTA 1, DKI JAKARTA , JAKARTA PUSAT , MENTENG , MENTENG 
JAKARTA 1, DKI JAKARTA , JAKARTA SELATAN , SETIABUDI (SETIA BUDI) , SETIA BUDI (SETIABUDI) 
JAKARTA 1, DKI JAKARTA , JAKARTA SELATAN , SETIABUDI (SETIA BUDI) , PASAR MANGGIS 
JAKARTA 1, DKI JAKARTA , JAKARTA SELATAN , TEBET , BUKIT DURI 
JAKARTA 1, DKI JAKARTA , JAKARTA SELATAN , MAMPANG PRAPATAN , BANGKA 
JAKARTA 1, DKI JAKARTA , JAKARTA SELATAN , TEBET , TEBET BARAT 
JAKARTA 1, DKI JAKARTA , JAKARTA SELATAN , KEBAYORAN BARU , CIPETE UTARA 
JAKARTA 1, DKI JAKARTA , JAKARTA SELATAN , KEBAYORAN LAMA , GROGOL UTARA 
JAKARTA 1, DKI JAKARTA , JAKARTA SELATAN , TEBET , MANGGARAI SELATAN 
JAKARTA 1, DKI JAKARTA , JAKARTA SELATAN , SETIABUDI (SETIA BUDI) , MENTENG ATAS 
JAKARTA 1, DKI JAKARTA , JAKARTA SELATAN , KEBAYORAN LAMA , KEBAYORAN LAMA UTARA 
JAKARTA 1, DKI JAKARTA , JAKARTA SELATAN , KEBAYORAN BARU , MELAWAI 
JAKARTA 1, DKI JAKARTA , JAKARTA SELATAN , KEBAYORAN BARU , SENAYAN 
JAKARTA 1, DKI JAKARTA , JAKARTA SELATAN , TEBET , MENTENG DALAM 
JAKARTA 1, DKI JAKARTA , JAKARTA SELATAN , TEBET , KEBON BARU 
JAKARTA 1, DKI JAKARTA , JAKARTA SELATAN , PANCORAN , DUREN TIGA 
JAKARTA 1, DKI JAKARTA , JAKARTA SELATAN , KEBAYORAN BARU , GANDARIA UTARA 
JAKARTA 1, DKI JAKARTA , JAKARTA SELATAN , KEBAYORAN LAMA , GROGOL SELATAN 
JAKARTA 1, DKI JAKARTA , JAKARTA SELATAN , MAMPANG PRAPATAN , PELA MAMPANG 
JAKARTA 1, DKI JAKARTA , JAKARTA SELATAN , KEBAYORAN LAMA , KEBAYORAN LAMA SELATAN 
JAKARTA 1, DKI JAKARTA , JAKARTA SELATAN , KEBAYORAN LAMA , PONDOK PINANG 
JAKARTA 1, DKI JAKARTA , JAKARTA SELATAN , TEBET , TEBET TIMUR 
JAKARTA 1, DKI JAKARTA , JAKARTA SELATAN , TEBET , MANGGARAI 
JAKARTA 1, DKI JAKARTA , JAKARTA SELATAN , PANCORAN , PANCORAN 
JAKARTA 1, DKI JAKARTA , JAKARTA SELATAN , KEBAYORAN BARU , PULO 
JAKARTA 1, DKI JAKARTA , JAKARTA SELATAN , SETIABUDI (SETIA BUDI) , KUNINGAN TIMUR 
JAKARTA 1, DKI JAKARTA , JAKARTA SELATAN , PANCORAN , KALIBATA 
JAKARTA 1, DKI JAKARTA , JAKARTA SELATAN , MAMPANG PRAPATAN , MAMPANG PRAPATAN 
JAKARTA 1, DKI JAKARTA , JAKARTA SELATAN , SETIABUDI (SETIA BUDI) , KARET 
JAKARTA 1, DKI JAKARTA , JAKARTA SELATAN , SETIABUDI (SETIA BUDI) , KARET SEMANGGI 
JAKARTA 1, DKI JAKARTA , JAKARTA SELATAN , PANCORAN , PENGADEGAN 
JAKARTA 1, DKI JAKARTA , JAKARTA SELATAN , PANCORAN , RAWAJATI (RAWA JATI) 
JAKARTA 1, DKI JAKARTA , JAKARTA SELATAN , KEBAYORAN BARU , KRAMAT PELA 
JAKARTA 1, DKI JAKARTA , JAKARTA SELATAN , SETIABUDI (SETIA BUDI) , GUNTUR 
JAKARTA 1, DKI JAKARTA , JAKARTA SELATAN , SETIABUDI (SETIA BUDI) , KARET KUNINGAN 
JAKARTA 1, DKI JAKARTA , JAKARTA SELATAN , KEBAYORAN LAMA , CIPULIR 
JAKARTA 1, DKI JAKARTA , JAKARTA SELATAN , MAMPANG PRAPATAN , TEGAL PARANG 
JAKARTA 1, DKI JAKARTA , JAKARTA SELATAN , KEBAYORAN BARU , RAWA BARAT 
JAKARTA 1, DKI JAKARTA , JAKARTA SELATAN , KEBAYORAN BARU , PETOGOGAN 
JAKARTA 1, DKI JAKARTA , JAKARTA SELATAN , KEBAYORAN BARU , GUNUNG 
JAKARTA 1, DKI JAKARTA , JAKARTA SELATAN , MAMPANG PRAPATAN , KUNINGAN BARAT 
JAKARTA 1, DKI JAKARTA , JAKARTA SELATAN , KEBAYORAN BARU , GANDARIA UTARA 
JAKARTA 1, DKI JAKARTA , JAKARTA SELATAN , MAMPANG PRAPATAN , KUNINGAN BARAT 
JAKARTA 1, DKI JAKARTA , JAKARTA SELATAN , PANCORAN , CIKOKOL 
JAKARTA 1, DKI JAKARTA ,  , KEBAYORAN BARU , GANDARIA UTARA 
JAKARTA 1, DKI JAKARTA ,  , KEBAYORAN BARU , SENAYAN 
JAKARTA 1, DKI JAKARTA , JAKARTA TIMUR , KRAMATJATI (KRAMAT JATI) , CAWANG 
JAKARTA 1, DKI JAKARTA , JAKARTA UTARA , PADEMANGAN , ANCOL 
JAKARTA 1, DKI JAKARTA , JAKARTA UTARA , PENJARINGAN , PENJARINGAN 
JAKARTA 1, DKI JAKARTA , JAKARTA UTARA , PENJARINGAN , PLUIT 
JAKARTA 1, DKI JAKARTA , JAKARTA UTARA , PENJARINGAN , PEJAGALAN 
JAKARTA 1, DKI JAKARTA , JAKARTA UTARA , PADEMANGAN , PADEMANGAN TIMUR 
JAKARTA 1, DKI JAKARTA , JAKARTA UTARA , PADEMANGAN , PADEMANGAN BARAT 
JAKARTA 1, DKI JAKARTA , JAKARTA UTARA , PENJARINGAN , KAMAL MUARA 
JAKARTA 1, DKI JAKARTA , JAKARTA UTARA , PENJARINGAN , KAPUK MUARA 
JAKARTA 1, BANTEN , TANGERANG , TELUKNAGA , LEMO 
JAKARTA 1, BANTEN , TANGERANG , KOSAMBI , SALEMBARAN JATI 
GRESIK, JAWA TIMUR , BANGKALAN , BLEGA , BLEGA 
GRESIK, JAWA TIMUR , BANGKALAN , AROSBAYA , AROSBAYA 
GRESIK, JAWA TIMUR , BANGKALAN , BANGKALAN , PEJAGAN (PAJAGAN) 
GRESIK, JAWA TIMUR , BANGKALAN , KAMAL , BANYUAJUH (BINAJUH / BANYU AJUH) 
GRESIK, JAWA TIMUR , BANGKALAN , SEPULU , SEPULU 
GRESIK, JAWA TIMUR , BANGKALAN , TANAH MERAH , POTER 
GRESIK, JAWA TIMUR , BANGKALAN , SOCAH , SOCAH 
GRESIK, JAWA TIMUR , BANGKALAN , KLAMPIS , BATOR 
GRESIK, JAWA TIMUR , BANGKALAN , TANAH MERAH , PETRAH 
GRESIK, JAWA TIMUR , BANGKALAN , LABANG , MORKEPEK 
GRESIK, JAWA TIMUR , BANGKALAN , BANGKALAN , DEMANGAN 
GRESIK, JAWA TIMUR , BANGKALAN , GALIS , LONGKEK 
GRESIK, JAWA TIMUR , BANGKALAN , BANGKALAN , BANCARAN 
GRESIK, JAWA TIMUR , BANGKALAN , BURNEH , BURNEH 
GRESIK, JAWA TIMUR , BANGKALAN , BANGKALAN , MLAJAH 
GRESIK, JAWA TIMUR , BANGKALAN , KAMAL , TELLANG (TELANG) 
GRESIK, JAWA TIMUR , BANGKALAN , BANGKALAN , KEMAYORAN 
GRESIK, JAWA TIMUR , BANGKALAN , TANAH MERAH , PATEMON 
GRESIK, JAWA TIMUR , BANGKALAN , SOCAH , KELEYAN 
GRESIK, JAWA TIMUR , BANGKALAN , TANJUNG BUMI (TANJUNGBUMI) , TANJUNG BUMI 
GRESIK, JAWA TIMUR , BANGKALAN , AROSBAYA , TENGKET 
GRESIK, JAWA TIMUR , BANGKALAN , KWANYAR , BATAH BARAT 
GRESIK, JAWA TIMUR , BANGKALAN , TANAH MERAH , TANAH MERAH DAJAH 
GRESIK, JAWA TIMUR , BANGKALAN , KLAMPIS , KLAMPIS BARAT 
GRESIK, JAWA TIMUR , BANGKALAN , LABANG , SUKOLILO TIMUR 
GRESIK, JAWA TIMUR , BANGKALAN , TANJUNG BUMI (TANJUNGBUMI) , BANYUSANGKA (BANYU SANGKAH) 
GRESIK, JAWA TIMUR , BANGKALAN , TRAGAH , KARANG LEMAN/LEMEN 
GRESIK, JAWA TIMUR , BANGKALAN , BANGKALAN , PANGERANAN 
GRESIK, JAWA TIMUR , BANGKALAN , KWANYAR , KETETANG 
GRESIK, JAWA TIMUR , BANGKALAN , GALIS , BANJAR 
GRESIK, JAWA TIMUR , BANGKALAN , MODUNG , PATEREMAN 
GRESIK, JAWA TIMUR , BANGKALAN , BURNEH , BANANGKAH (BENANGKAH) 
GRESIK, JAWA TIMUR , BANGKALAN , SOCAH , BILAPORAH 
GRESIK, JAWA TIMUR , BANGKALAN , BLEGA , LOMAER 
GRESIK, JAWA TIMUR , BANGKALAN , KWANYAR , SUMUR KUNING (SOMOR KONENG) 
GRESIK, JAWA TIMUR , BANGKALAN , KONANG , CAMPOR 
GRESIK, JAWA TIMUR , BANGKALAN , KWANYAR , PASANGGRAHAN (PESANGGRAHAN) 
GRESIK, JAWA TIMUR , BANGKALAN , TANJUNG BUMI (TANJUNGBUMI) , PASESEH 
GRESIK, JAWA TIMUR , BANGKALAN , BANGKALAN , KRATON (KERATON) 
GRESIK, JAWA TIMUR , BANGKALAN , TANAH MERAH , BASANAH 
GRESIK, JAWA TIMUR , BANGKALAN , KAMAL , GILI ANYAR 
GRESIK, JAWA TIMUR , BANGKALAN , TANAH MERAH , DUMAJAH 
GRESIK, JAWA TIMUR , GRESIK , DRIYOREJO , PETIKEN 
GRESIK, JAWA TIMUR , GRESIK , KEBOMAS , KAWIS ANYAR (KAWISANYAR) 
GRESIK, JAWA TIMUR , GRESIK , DUKUN , DUKUNANYAR 
GRESIK, JAWA TIMUR , GRESIK , BUNGAH , BUNGAH 
GRESIK, JAWA TIMUR , GRESIK , GRESIK , KARANG POH (KARANGPOH) 
GRESIK, JAWA TIMUR , GRESIK , KEBOMAS , KEDAYANG (KEDANYANG) 
GRESIK, JAWA TIMUR , GRESIK , DRIYOREJO , CANGKIR 
GRESIK, JAWA TIMUR , GRESIK , KEBOMAS , SINGOSARI 
GRESIK, JAWA TIMUR , GRESIK , SIDAYU , SIDOMULYO 
GRESIK, JAWA TIMUR , GRESIK , DRIYOREJO , DRIYOREJO 
GRESIK, JAWA TIMUR , GRESIK , MANYAR , PONGANGAN 
GRESIK, JAWA TIMUR , GRESIK , MENGANTI , LABAN 
GRESIK, JAWA TIMUR , GRESIK , KEBOMAS , SIDOMUKTI 
GRESIK, JAWA TIMUR , GRESIK , BENJENG , BULUREJO 
GRESIK, JAWA TIMUR , GRESIK , CERME , CERME LOR 
GRESIK, JAWA TIMUR , GRESIK , DUDUKSAMPEYAN (DUDUK SAMPEYAN) , DUDUKSAMPEYAN (DUDUK SAMPEYAN) 
GRESIK, JAWA TIMUR , GRESIK , UJUNGPANGKAH (UJUNG PANGKAH) , SEKAPUK 
GRESIK, JAWA TIMUR , GRESIK , MANYAR , YOSOWILANGUN 
GRESIK, JAWA TIMUR , GRESIK , MANYAR , SUCI 
GRESIK, JAWA TIMUR , GRESIK , WRINGINANOM (WRINGIN ANOM) , WRINGINANOM 
GRESIK, JAWA TIMUR , GRESIK , CERME , MOROWUDI 
GRESIK, JAWA TIMUR , GRESIK , MENGANTI , SIDOWUNGU 
GRESIK, JAWA TIMUR , GRESIK , DRIYOREJO , RANDEGANSARI 
GRESIK, JAWA TIMUR , GRESIK , DRIYOREJO , BAMBE 
GRESIK, JAWA TIMUR , GRESIK , KEBOMAS , INDRO 
GRESIK, JAWA TIMUR , GRESIK , MANYAR , SUKOMULYO 
GRESIK, JAWA TIMUR , GRESIK , GRESIK , GAPURO SUKOLILO (GAPUROSUKOLILO) 
GRESIK, JAWA TIMUR , GRESIK , BALONGPANGGANG (BALONG PANGGANG) , KEDUNGPRING 
GRESIK, JAWA TIMUR , GRESIK , MENGANTI , BOBOH 
GRESIK, JAWA TIMUR , GRESIK , KEDAMEAN , KEDAMEAN 
GRESIK, JAWA TIMUR , GRESIK , UJUNGPANGKAH (UJUNG PANGKAH) , PANGKAHKULON (PANGKAH KULON) 
GRESIK, JAWA TIMUR , GRESIK , DRIYOREJO , KRIKILAN 
GRESIK, JAWA TIMUR , GRESIK , GRESIK , SIDO KUMPUL (SIDOKUMPUL) 
GRESIK, JAWA TIMUR , GRESIK , DRIYOREJO , SUMPUT 
GRESIK, JAWA TIMUR , GRESIK , GRESIK , TRATE 
GRESIK, JAWA TIMUR , GRESIK , KEDAMEAN , SLEMPIT 
GRESIK, JAWA TIMUR , GRESIK , MENGANTI , MENGANTI 
GRESIK, JAWA TIMUR , GRESIK , DUDUKSAMPEYAN (DUDUK SAMPEYAN) , AMBENG AMBENG WATANGREJO 
GRESIK, JAWA TIMUR , GRESIK , KEBOMAS , KLANGONAN 
GRESIK, JAWA TIMUR , GRESIK , KEBOMAS , GENDING 
GRESIK, JAWA TIMUR , GRESIK , GRESIK , PEKELINGAN 
GRESIK, JAWA TIMUR , GRESIK , CERME , CERME KIDUL 
GRESIK, JAWA TIMUR , GRESIK , GRESIK , SUKORAME 
GRESIK, JAWA TIMUR , GRESIK , CERME , BANJARSARI 
GRESIK, JAWA TIMUR , GRESIK , DUKUN , SAMBOGUNUNG 
GRESIK, JAWA TIMUR , GRESIK , GRESIK , TLOGOBENDUNG 
GRESIK, JAWA TIMUR , GRESIK , SIDAYU , WADENG 
GRESIK, JAWA TIMUR , GRESIK , KEBOMAS , RANDUAGUNG 
GRESIK, JAWA TIMUR , GRESIK , MENGANTI , BOTENG 
GRESIK, JAWA TIMUR , GRESIK , DUKUN , SEMBUNGANYAR (SEMBUNG ANYAR) 
GRESIK, JAWA TIMUR , GRESIK , MENGANTI , KEPATIHAN 
GRESIK, JAWA TIMUR , GRESIK , KEBOMAS , DAHANREJO 
GRESIK, JAWA TIMUR , GRESIK , SIDAYU , GOLOKAN 
GRESIK, JAWA TIMUR , GRESIK , DRIYOREJO , MULUNG 
GRESIK, JAWA TIMUR , GRESIK , MANYAR , BETOYOGUCI 
GRESIK, JAWA TIMUR , GRESIK , CERME , NGABETAN 
GRESIK, JAWA TIMUR , GRESIK , MANYAR , ROOMO 
GRESIK, JAWA TIMUR , GRESIK , MENGANTI , HULAAN 
GRESIK, JAWA TIMUR , GRESIK , KEDAMEAN , MOJOWUKU 
GRESIK, JAWA TIMUR , GRESIK , DRIYOREJO , BANJARAN 
GRESIK, JAWA TIMUR , GRESIK , BALONGPANGGANG (BALONG PANGGANG) , WAHAS 
GRESIK, JAWA TIMUR , GRESIK , BENJENG , METATU 
GRESIK, JAWA TIMUR , GRESIK , BUNGAH , MASANGAN 
GRESIK, JAWA TIMUR , GRESIK , KEDAMEAN , MENUNGGAL 
GRESIK, JAWA TIMUR , GRESIK , KEBOMAS , SEKASEKARKURUNG 
GRESIK, JAWA TIMUR , GRESIK , GRESIK , KEBUNGSON 
GRESIK, JAWA TIMUR , GRESIK , MANYAR , BANJARSARI 
GRESIK, JAWA TIMUR , GRESIK , CERME , GURANGANYAR 
GRESIK, JAWA TIMUR , GRESIK , MANYAR , MANYAREJO 
GRESIK, JAWA TIMUR , GRESIK , MANYAR , SEMBAYAT 
GRESIK, JAWA TIMUR , GRESIK , MENGANTI , HENDROSARI 
GRESIK, JAWA TIMUR , GRESIK , BENJENG , MUNGGUGIANTI 
GRESIK, JAWA TIMUR , GRESIK , MENGANTI , GEMPOLKURUNG 
GRESIK, JAWA TIMUR , GRESIK , WRINGINANOM (WRINGIN ANOM) , SUMENGKO 
GRESIK, JAWA TIMUR , GRESIK , DUDUKSAMPEYAN (DUDUK SAMPEYAN) , SAMIRPLAPAN 
GRESIK, JAWA TIMUR , GRESIK , CERME , DUNGUS 
GRESIK, JAWA TIMUR , GRESIK , BENJENG , KLAMPOK 
GRESIK, JAWA TIMUR , GRESIK , BENJENG , SEDAPUR KLAGEN (SEDAPURKLAGEN) 
GRESIK, JAWA TIMUR , GRESIK , BALONGPANGGANG (BALONG PANGGANG) , BABATAN 
GRESIK, JAWA TIMUR , GRESIK , BALONGPANGGANG (BALONG PANGGANG) , TANAHLANDEAN 
GRESIK, JAWA TIMUR , GRESIK , WRINGINANOM (WRINGIN ANOM) , KEDUNGANYAR 
GRESIK, JAWA TIMUR , GRESIK , BALONGPANGGANG (BALONG PANGGANG) , PINGGIR 
GRESIK, JAWA TIMUR , GRESIK , WRINGINANOM (WRINGIN ANOM) , LEBANIWARAS 
GRESIK, JAWA TIMUR , GRESIK , MENGANTI , GADINGWATU 
GRESIK, JAWA TIMUR , GRESIK , BUNGAH , MOJOPUROGEDE (MOJOPURO GEDE) 
GRESIK, JAWA TIMUR , GRESIK , PANCENG , CAMPUREJO 
GRESIK, JAWA TIMUR , GRESIK , DUKUN , IMAAN 
GRESIK, JAWA TIMUR , GRESIK , CERME , DADAPKUNING 
GRESIK, JAWA TIMUR , GRESIK , GRESIK , TLOGO POJOK (TLOGOPOJOK) 
GRESIK, JAWA TIMUR , GRESIK , KEDAMEAN , TANJUNG 
GRESIK, JAWA TIMUR , GRESIK , DRIYOREJO , KARANGANDONG 
GRESIK, JAWA TIMUR , GRESIK , DUDUKSAMPEYAN (DUDUK SAMPEYAN) , SUMENGKO 
GRESIK, JAWA TIMUR , GRESIK , BALONGPANGGANG (BALONG PANGGANG) , BALONGPANGGANG 
GRESIK, JAWA TIMUR , GRESIK , MENGANTI , BRINGKANG 
GRESIK, JAWA TIMUR , GRESIK , WRINGINANOM (WRINGIN ANOM) , PASINANLEMAHPUTIH (PASINAN LEMAHPUTIH) 
GRESIK, JAWA TIMUR , GRESIK , KEBOMAS , GIRI 
GRESIK, JAWA TIMUR , GRESIK , KEDAMEAN , BELAHANREJO 
GRESIK, JAWA TIMUR , GRESIK , MENGANTI , DOMAS 
GRESIK, JAWA TIMUR , GRESIK , KEBOMAS , KEMBANGAN 
GRESIK, JAWA TIMUR , GRESIK , MANYAR , TEBALO 
GRESIK, JAWA TIMUR , GRESIK , MENGANTI , SIDOJANGKUNG 
GRESIK, JAWA TIMUR , LAMONGAN , LAMONGAN , SIDOHARJO 
GRESIK, JAWA TIMUR , LAMONGAN , LAMONGAN , MADE 
GRESIK, JAWA TIMUR , LAMONGAN , MADURAN , PANGEAN 
GRESIK, JAWA TIMUR , LAMONGAN , NGIMBANG , SENDANGREJO 
GRESIK, JAWA TIMUR , LAMONGAN , BABAT , BANARAN 
GRESIK, JAWA TIMUR , LAMONGAN , LAMONGAN , SUKOMULYO 
GRESIK, JAWA TIMUR , LAMONGAN , PUCUK , PUCUK 
GRESIK, JAWA TIMUR , LAMONGAN , LAMONGAN , SIDOKUMPUL 
GRESIK, JAWA TIMUR , LAMONGAN , MADURAN , PARENGAN 
GRESIK, JAWA TIMUR , LAMONGAN , LAMONGAN , JETIS 
GRESIK, JAWA TIMUR , LAMONGAN , BRONDONG , LOHGUNG 
GRESIK, JAWA TIMUR , LAMONGAN , PACIRAN , KANDANGSEMANGKON (KANDANG SEMANGKON) 
GRESIK, JAWA TIMUR , LAMONGAN , BABAT , BABAT 
GRESIK, JAWA TIMUR , LAMONGAN , PACIRAN , TUNGGUL 
GRESIK, JAWA TIMUR , LAMONGAN , BABAT , TRITUNGGAL 
GRESIK, JAWA TIMUR , LAMONGAN , KEDUNGPRING , DRADAHBLUMBANG (DRADAH BLUMBANG) 
GRESIK, JAWA TIMUR , LAMONGAN , TIKUNG , JOTOSANUR 
GRESIK, JAWA TIMUR , LAMONGAN , LAMONGAN , PLOSOWAHYU 
GRESIK, JAWA TIMUR , LAMONGAN , GLAGAH , GLAGAH 
GRESIK, JAWA TIMUR , LAMONGAN , KEDUNGPRING , TLANAK 
GRESIK, JAWA TIMUR , LAMONGAN , DEKET , DEKETKULON (DEKET KULON) 
GRESIK, JAWA TIMUR , LAMONGAN , SUKODADI , KEBONSARI 
GRESIK, JAWA TIMUR , LAMONGAN , BRONDONG , SEDAYULAWAS 
GRESIK, JAWA TIMUR , LAMONGAN , SOLOKURO , PAYAMAN 
GRESIK, JAWA TIMUR , LAMONGAN , PACIRAN , KEMANTREN 
GRESIK, JAWA TIMUR , LAMONGAN , KEMBANGBAHU , PUTER 
GRESIK, JAWA TIMUR , LAMONGAN , BABAT , SUMURGENUK (SUMUR GENUK) 
GRESIK, JAWA TIMUR , LAMONGAN , LAMONGAN , SUKOREJO 
GRESIK, JAWA TIMUR , LAMONGAN , LAMONGAN , TUMENGGUNGAN 
GRESIK, JAWA TIMUR , LAMONGAN , NGIMBANG , LAMONGREJO 
GRESIK, JAWA TIMUR , LAMONGAN , KEDUNGPRING , KEDUNGPRING 
GRESIK, JAWA TIMUR , LAMONGAN , LAREN , LAREN 
GRESIK, JAWA TIMUR , LAMONGAN , SOLOKURO , TAKERHARJO 
GRESIK, JAWA TIMUR , LAMONGAN , SUGIO , SUGIO 
GRESIK, JAWA TIMUR , LAMONGAN , BABAT , KARANGKEMBANG 
GRESIK, JAWA TIMUR , LAMONGAN , SAMBENG , KEDUNGWANGI 
GRESIK, JAWA TIMUR , LAMONGAN , LAMONGAN , KARANGLANGIT 
GRESIK, JAWA TIMUR , LAMONGAN , BRONDONG , BRONDONG 
GRESIK, JAWA TIMUR , LAMONGAN , BRONDONG , BRENGKOK 
GRESIK, JAWA TIMUR , LAMONGAN , SUKODADI , SUKODADI 
GRESIK, JAWA TIMUR , LAMONGAN , KARANGGENENG (KARANG GENENG) , BANJARMADU 
GRESIK, JAWA TIMUR , LAMONGAN , KALITENGAH , DIBEE (DIBE) 
GRESIK, JAWA TIMUR , LAMONGAN , LAMONGAN , TLOGOANYAR 
GRESIK, JAWA TIMUR , LAMONGAN , PACIRAN , BANJARWATI 
GRESIK, JAWA TIMUR , LAMONGAN , KARANGGENENG (KARANG GENENG) , KENDALKEMLAGI 
GRESIK, JAWA TIMUR , LAMONGAN , PACIRAN , KRANJI 
GRESIK, JAWA TIMUR , LAMONGAN , KARANGGENENG (KARANG GENENG) , SUMBERWUDI 
GRESIK, JAWA TIMUR , LAMONGAN , TIKUNG , BAKALANPULE 
GRESIK, JAWA TIMUR , LAMONGAN , MODO , PULE 
GRESIK, JAWA TIMUR , LAMONGAN , MODO , KEDUNGREJO 
GRESIK, JAWA TIMUR , LAMONGAN , MANTUP , TUGU 
GRESIK, JAWA TIMUR , LAMONGAN , KARANGBINANGUN , WINDU 
GRESIK, JAWA TIMUR , LAMONGAN , PACIRAN , BLIMBING 
GRESIK, JAWA TIMUR , LAMONGAN , BABAT , KEBALANDONO 
GRESIK, JAWA TIMUR , LAMONGAN , GLAGAH , KARANGAGUNG 
GRESIK, JAWA TIMUR , LAMONGAN , SUGIO , KARANGSAMBIGALIH (KARANG SAMBIGALIH) 
GRESIK, JAWA TIMUR , LAMONGAN , DEKET , DINOYO 
GRESIK, JAWA TIMUR , LAMONGAN , TIKUNG , DUKUHAGUNG 
GRESIK, JAWA TIMUR , LAMONGAN , LAMONGAN , KEBET 
GRESIK, JAWA TIMUR , LAMONGAN , TIKUNG , TAMBAKRIGADUNG 
GRESIK, JAWA TIMUR , LAMONGAN , DEKET , REJOSARI 
GRESIK, JAWA TIMUR , LAMONGAN , PACIRAN , PACIRAN 
GRESIK, JAWA TIMUR , PAMEKASAN , PADEMAWU , BARURAMBAT TIMUR 
GRESIK, JAWA TIMUR , PAMEKASAN , WARU , WARU BARAT 
GRESIK, JAWA TIMUR , PAMEKASAN , PAMEKASAN , PARTEKER 
GRESIK, JAWA TIMUR , PAMEKASAN , PAMEKASAN , GELADAK ANYAR (GLADAK ANYAR) 
GRESIK, JAWA TIMUR , PAMEKASAN , PASEAN , TLONTO RAJA (TLONTORAJA) 
GRESIK, JAWA TIMUR , PAMEKASAN , TLANAKAN , LARANGAN TOKOL 
GRESIK, JAWA TIMUR , PAMEKASAN , PAMEKASAN , BUGIH 
GRESIK, JAWA TIMUR , PAMEKASAN , PAMEKASAN , LADEN 
GRESIK, JAWA TIMUR , PAMEKASAN , PADEMAWU , LAWANGAN DAYA 
GRESIK, JAWA TIMUR , PAMEKASAN , TLANAKAN , KRAMAT 
GRESIK, JAWA TIMUR , PAMEKASAN , LARANGAN , KADUARA BARAT 
GRESIK, JAWA TENGAH , REMBANG , REMBANG , LETEH 
GRESIK, JAWA TENGAH , REMBANG , REMBANG , TANJUNGSARI 
GRESIK, JAWA TENGAH , REMBANG , LASEM , JOLOTUNDO 
GRESIK, JAWA TENGAH , REMBANG , SULANG , SULANG 
GRESIK, JAWA TENGAH , REMBANG , KRAGAN , PLAWANGAN 
GRESIK, JAWA TENGAH , REMBANG , PAMOTAN , PAMOTAN 
GRESIK, JAWA TENGAH , REMBANG , LASEM , SUMBERGIRANG 
GRESIK, JAWA TENGAH , REMBANG , REMBANG , PANDEAN 
GRESIK, JAWA TENGAH , REMBANG , LASEM , GEDONGMULYO 
GRESIK, JAWA TENGAH , REMBANG , SARANG , BAJINGJOWO 
GRESIK, JAWA TENGAH , REMBANG , REMBANG , KUTOHARJO 
GRESIK, JAWA TENGAH , REMBANG , REMBANG , TASIKAGUNG 
GRESIK, JAWA TENGAH , REMBANG , SARANG , KALIPANG 
GRESIK, JAWA TENGAH , REMBANG , LASEM , NGEMPLAK 
GRESIK, JAWA TENGAH , REMBANG , KALIORI , DRESIWETAN (DRESI WETAN) 
GRESIK, JAWA TENGAH , REMBANG , REMBANG , WARU 
GRESIK, JAWA TENGAH , REMBANG , KRAGAN , KRAGAN 
GRESIK, JAWA TENGAH , REMBANG , REMBANG , TIREMAN 
GRESIK, JAWA TENGAH , REMBANG , REMBANG , NGOTET 
GRESIK, JAWA TENGAH , REMBANG , REMBANG , PASAR BANGGI (PASARBANGGI) 
GRESIK, JAWA TENGAH , REMBANG , REMBANG , KABONGAN LOR 
GRESIK, JAWA TENGAH , REMBANG , LASEM , KARANGTURI 
GRESIK, JAWA TENGAH , REMBANG , SEDAN , KARAS 
GRESIK, JAWA TENGAH , REMBANG , REMBANG , SUMBERJO 
GRESIK, JAWA TENGAH , REMBANG , SALE , WONOKERTO 
GRESIK, JAWA TENGAH , REMBANG , SLUKE , JURANGJERO 
GRESIK, JAWA TENGAH , REMBANG , KRAGAN , SUMURPULE 
GRESIK, JAWA TENGAH , REMBANG , SLUKE , SLUKE 
GRESIK, JAWA TENGAH , REMBANG , KRAGAN , PANDANGAN KULON 
GRESIK, JAWA TENGAH , REMBANG , REMBANG , MONDOTEKO 
GRESIK, JAWA TENGAH , REMBANG , GUNEM , GUNEM 
GRESIK, JAWA TENGAH , REMBANG , REMBANG , KABONGAN KIDUL 
GRESIK, JAWA TENGAH , REMBANG , SUMBER , SUMBER 
GRESIK, JAWA TENGAH , REMBANG , BULU , BULU 
GRESIK, JAWA TENGAH , REMBANG , PANCUR , JEPELEDOK (JAPELEDOK) 
GRESIK, JAWA TIMUR , SAMPANG , BANYUATES , BANYUATES 
GRESIK, JAWA TIMUR , SAMPANG , SAMPANG , GUNUNG SEKAR 
GRESIK, JAWA TIMUR , SAMPANG , SOKOBANAH , TAMBERU TIMUR 
GRESIK, JAWA TIMUR , SAMPANG , SAMPANG , DALPENANG 
GRESIK, JAWA TIMUR , SAMPANG , SAMPANG , BANYUANYAR 
GRESIK, JAWA TIMUR , SAMPANG , SAMPANG , KARANG DALAM (KARANG DALEM) 
GRESIK, JAWA TIMUR , SAMPANG , CAMPLONG , TAMBAAN 
GRESIK, JAWA TIMUR , SAMPANG , TORJUN , TORJUN 
GRESIK, JAWA TIMUR , SAMPANG , SAMPANG , TANGGUMONG 
GRESIK, JAWA TIMUR , SAMPANG , SAMPANG , POLAGAN 
GRESIK, JAWA TIMUR , SAMPANG , KETAPANG , KETAPANG DAYA 
GRESIK, JAWA TIMUR , SAMPANG , SOKOBANAH , SOKOBANAH DAYA 
GRESIK, JAWA TIMUR , SAMPANG , JRENGIK , KALANGAN PRAO 
GRESIK, JAWA TIMUR , SAMPANG , CAMPLONG , PRAJJAN 
GRESIK, JAWA TIMUR , SAMPANG , SAMPANG , AENGSAREH (AENG SAREH) 
GRESIK, JAWA TIMUR , SAMPANG , KETAPANG , KETAPANG LAOK 
GRESIK, JAWA TIMUR , SAMPANG , BANYUATES , TRAPANG 
GRESIK, JAWA TIMUR , SAMPANG , KEDUNGDUNG , GUNUNGELEH (GUNUNG ELEH) 
GRESIK, JAWA TIMUR , SAMPANG , CAMPLONG , DHARMA CAMPLONG 
GRESIK, JAWA TIMUR , SAMPANG , CAMPLONG , TADDAN 
GRESIK, JAWA TIMUR , SUMENEP , KOTA SUMENEP , KEPANJIN 
GRESIK, JAWA TIMUR , SUMENEP , KOTA SUMENEP , BANGSELOK 
GRESIK, JAWA TIMUR , SUMENEP , KALIANGET , KALIANGET TIMUR 
GRESIK, JAWA TIMUR , SUMENEP , LENTENG , LEMBUNG TIMUR 
GRESIK, JAWA TIMUR , SUMENEP , KOTA SUMENEP , PANGARANGAN 
GRESIK, JAWA TIMUR , SUMENEP , KOTA SUMENEP , PAMOLOKAN 
GRESIK, JAWA TIMUR , SUMENEP , KOTA SUMENEP , MARENGAN DAYA 
GRESIK, JAWA TIMUR , SUMENEP , BATUAN , GEDUNGAN 
GRESIK, JAWA TIMUR , SUMENEP , PRAGAAN , PRAGAAN LAOK 
GRESIK, JAWA TIMUR , SUMENEP , MANDING , LALANGON 
GRESIK, JAWA TIMUR , SUMENEP , GAPURA , PANAGAN 
GRESIK, JAWA TIMUR , SUMENEP , BATANG BATANG , BATANG-BATANG DAYA (BATANGBATANG DAYA) 
GRESIK, JAWA TIMUR , SUMENEP , KALIANGET , KALIMOOK (KALIMO'OK) 
GRESIK, JAWA TIMUR , SUMENEP , KOTA SUMENEP , PABERASAN 
GRESIK, JAWA TIMUR , SUMENEP , SARONGGI , SARONGGI 
GRESIK, JAWA TIMUR , SUMENEP , BLUTO , BLUTO 
GRESIK, JAWA TIMUR , SUMENEP , TALANGO , TALANGO 
GRESIK, JAWA TIMUR , SUMENEP , BATUAN , BATUAN 
GRESIK, JAWA TIMUR , SUMENEP , LENTENG , DARAMISTA (DARAMESTA) 
GRESIK, JAWA TIMUR , SUMENEP , GULUK-GULUK (GULUK GULUK) , GULUK GULUK 
GRESIK, JAWA TIMUR , SUMENEP , KOTA SUMENEP , PAJAGALAN 
GRESIK, JAWA TIMUR , SUMENEP , MANDING , MANDING LAOK 
GRESIK, JAWA TIMUR , SUMENEP , KALIANGET , KALIANGET BARAT 
GRESIK, JAWA TIMUR , SUMENEP , KOTA SUMENEP , KOLOR 
GRESIK, JAWA TIMUR , SUMENEP , KOTA SUMENEP , PABIAN 
GRESIK, JAWA TIMUR , SUMENEP , KOTA SUMENEP , PANGARANGAN 
GRESIK, JAWA TIMUR , SURABAYA , GUBENG , AIRLANGGA 
GRESIK, JAWA TIMUR , SURABAYA , TEGALSARI , WONOREJO 
GRESIK, JAWA TIMUR , SURABAYA , GUBENG , MOJO 
GRESIK, JAWA TIMUR , SURABAYA , PAKAL , BABAT JERAWAT 
GRESIK, JAWA TIMUR , SURABAYA , PABEAN CANTIAN (PABEAN CANTIKAN) , KREMBANGAN UTARA 
GRESIK, JAWA TIMUR , SURABAYA , KREMBANGAN , PERAK BARAT 
GRESIK, JAWA TIMUR , SURABAYA , TAMBAKSARI , GADING 
GRESIK, JAWA TIMUR , SURABAYA , TAMBAKSARI , TAMBAKSARI 
GRESIK, JAWA TIMUR , SURABAYA , TEGALSARI , KEPUTRAN 
GRESIK, JAWA TIMUR , SURABAYA , SEMAMPIR , WONOKUSUMO 
GRESIK, JAWA TIMUR , SURABAYA , TAMBAKSARI , PLOSO 
GRESIK, JAWA TIMUR , SURABAYA , MULYOREJO , DUKUH SUTOREJO 
GRESIK, JAWA TIMUR , SURABAYA , SUKOLILO , MEDOKAN SEMAMPIR 
GRESIK, JAWA TIMUR , SURABAYA , SUKOLILO , KEPUTIH 
GRESIK, JAWA TIMUR , SURABAYA , SAWAHAN , PETEMON 
GRESIK, JAWA TIMUR , SURABAYA , SUKOMANUNGGAL , SUKOMANUNGGAL (SUKO MANUNGGAL) 
GRESIK, JAWA TIMUR , SURABAYA , SAWAHAN , PAKIS 
GRESIK, JAWA TIMUR , SURABAYA , TANDES , MANUKAN KULON 
GRESIK, JAWA TIMUR , SURABAYA , KREMBANGAN , MOROKREMBANGAN (MORO KREMBANGAN) 
GRESIK, JAWA TIMUR , SURABAYA , SEMAMPIR , PEGIRIKAN (PEGIRIAN) 
GRESIK, JAWA TIMUR , SURABAYA , SUKOLILO , NGINDEN JANGKUNGAN 
GRESIK, JAWA TIMUR , SURABAYA , KREMBANGAN , KEMAYORAN 
GRESIK, JAWA TIMUR , SURABAYA , MULYOREJO , KALISARI 
GRESIK, JAWA TIMUR , SURABAYA , GENTENG , PENELEH 
GRESIK, JAWA TIMUR , SURABAYA , SUKOLILO , SEMOLOWARU 
GRESIK, JAWA TIMUR , SURABAYA , PAKAL , BENOWO 
GRESIK, JAWA TIMUR , SURABAYA , DUKUH PAKIS , PRADAH KALI KENDAL 
GRESIK, JAWA TIMUR , SURABAYA , GUBENG , BARATAJAYA 
GRESIK, JAWA TIMUR , SURABAYA , KENJERAN , TANAH KALI KEDINDING 
GRESIK, JAWA TIMUR , SURABAYA , PABEAN CANTIAN (PABEAN CANTIKAN) , PERAK UTARA 
GRESIK, JAWA TIMUR , SURABAYA , PABEAN CANTIAN (PABEAN CANTIKAN) , PERAK TIMUR 
GRESIK, JAWA TIMUR , SURABAYA , SIMOKERTO , KAPASAN 
GRESIK, JAWA TIMUR , SURABAYA , SUKOMANUNGGAL , SONOKWIJENAN 
GRESIK, JAWA TIMUR , SURABAYA , SIMOKERTO , TAMBAKREJO 
GRESIK, JAWA TIMUR , SURABAYA , SAWAHAN , PUTAT JAYA 
GRESIK, JAWA TIMUR , SURABAYA , SEMAMPIR , AMPEL 
GRESIK, JAWA TIMUR , SURABAYA , SAWAHAN , SAWAHAN 
GRESIK, JAWA TIMUR , SURABAYA , GENTENG , GENTENG 
GRESIK, JAWA TIMUR , SURABAYA , TANDES ," TANDES (KIDUL, LOR, GEDANG ASIN) "
GRESIK, JAWA TIMUR , SURABAYA , TAMBAKSARI , PACARKELING (PACAR KELING) 
GRESIK, JAWA TIMUR , SURABAYA , GENTENG , KETABANG 
GRESIK, JAWA TIMUR , SURABAYA , TANDES , BANJAR SUGIAN / SUGIHAN 
GRESIK, JAWA TIMUR , SURABAYA , BUBUTAN , BUBUTAN 
GRESIK, JAWA TIMUR , SURABAYA , PABEAN CANTIAN (PABEAN CANTIKAN) , BONGKARAN 
GRESIK, JAWA TIMUR , SURABAYA , SIMOKERTO , SIMOKERTO 
GRESIK, JAWA TIMUR , SURABAYA , BENOWO , SEMEMI 
GRESIK, JAWA TIMUR , SURABAYA , SAMBIKEREP , LONTAR 
GRESIK, JAWA TIMUR , SURABAYA , BUBUTAN , JEPARA 
GRESIK, JAWA TIMUR , SURABAYA , MULYOREJO , MULYOREJO 
GRESIK, JAWA TIMUR , SURABAYA , BUBUTAN , ALUN-ALUN CONTONG (ALON ALON CONTONG) 
GRESIK, JAWA TIMUR , SURABAYA , BULAK , KEDUNG COWEK 
GRESIK, JAWA TIMUR , SURABAYA , GUBENG , KERTAJAYA 
GRESIK, JAWA TIMUR , SURABAYA , SAWAHAN , BANYU URIP 
GRESIK, JAWA TIMUR , SURABAYA , SUKOMANUNGGAL , TANJUNGSARI 
GRESIK, JAWA TIMUR , SURABAYA , SUKOLILO , MENUR PUMPUNGAN 
GRESIK, JAWA TIMUR , SURABAYA , LAKARSANTRI , LIDAH KULON 
GRESIK, JAWA TIMUR , SURABAYA , SAWAHAN , KUPANG KRAJAN 
GRESIK, JAWA TIMUR , SURABAYA , TAMBAKSARI , PACARKEMBANG (PACAR KEMBANG) 
GRESIK, JAWA TIMUR , SURABAYA , BUBUTAN , GUNDIH 
GRESIK, JAWA TIMUR , SURABAYA , GUBENG , PUCANG SEWU 
GRESIK, JAWA TIMUR , SURABAYA , MULYOREJO , MANYAR SABRANGAN 
GRESIK, JAWA TIMUR , SURABAYA , SUKOLILO , KLAMPIS NGASEM 
GRESIK, JAWA TIMUR , SURABAYA , SAMBIKEREP , BRINGIN 
GRESIK, JAWA TIMUR , SURABAYA , TEGALSARI , KEDUNGDORO 
GRESIK, JAWA TIMUR , SURABAYA , TEGALSARI , TEGALSARI 
GRESIK, JAWA TIMUR , SURABAYA , KENJERAN , SIDOTOPO/SIDOROPO WETAN 
GRESIK, JAWA TIMUR , SURABAYA , BUBUTAN , TEMBOK DUKUH 
GRESIK, JAWA TIMUR , SURABAYA , GUBENG , GUBENG 
GRESIK, JAWA TIMUR , SURABAYA , GENTENG , KAPASARI 
GRESIK, JAWA TIMUR , SURABAYA , PAKAL , PAKAL 
GRESIK, JAWA TIMUR , SURABAYA , PABEAN CANTIAN (PABEAN CANTIKAN) , NYAMPLUNGAN 
GRESIK, JAWA TIMUR , SURABAYA , SUKOMANUNGGAL , SIMOMULYO 
GRESIK, JAWA TIMUR , SURABAYA , SEMAMPIR , SIDOTOPO 
GRESIK, JAWA TIMUR , SURABAYA , MULYOREJO , KALIJUDAN 
GRESIK, JAWA TIMUR , SURABAYA , SAMBIKEREP , SAMBIKEREP 
GRESIK, JAWA TIMUR , SURABAYA , ASEM ROWO (ASEMROWO) , TAMBAK SARIOSO 
GRESIK, JAWA TIMUR , SURABAYA , ASEM ROWO (ASEMROWO) , GENTING KALIANAK 
GRESIK, JAWA TIMUR , SURABAYA , LAKARSANTRI , JERUK 
GRESIK, JAWA TIMUR , SURABAYA , ASEM ROWO (ASEMROWO) , ASEM ROWO 
GRESIK, JAWA TIMUR , SURABAYA , TANDES ," MANUKAN WETAN (BIBIS, BUNTARAN) "
GRESIK, JAWA TIMUR , SURABAYA , PAKAL , SUMBER REJO 
GRESIK, JAWA TIMUR , SURABAYA , TEGALSARI , DR. SOETOMO (DR. SUTOMO) 
GRESIK, JAWA TIMUR , SURABAYA , LAKARSANTRI , LAKARSANTRI (LAKAR SANTRI) 
GRESIK, JAWA TIMUR , SURABAYA , LAKARSANTRI , BANGKINGAN 
GRESIK, JAWA TIMUR , SURABAYA , GENTENG , EMBONG KALIASIN 
GRESIK, JAWA TIMUR , SURABAYA , LAKARSANTRI , LIDAH WETAN 
GRESIK, JAWA TIMUR , SURABAYA , SAMBIKEREP , MADE 
GRESIK, JAWA TIMUR , SURABAYA , BULAK , KENJERAN 
GRESIK, JAWA TIMUR , SURABAYA , TAMBAKSARI , RANGKAH 
GRESIK, JAWA TIMUR , SURABAYA , SEMAMPIR , UJUNG 
GRESIK, JAWA TIMUR , SURABAYA , SIMOKERTO , SIMOLAWANG 
GRESIK, JAWA TIMUR , SURABAYA , WONOKROMO , NGAGEL 
GRESIK, JAWA TIMUR , SURABAYA , SUKOMANUNGGAL , SIMOMULYO BARU 
GRESIK, JAWA TIMUR , SURABAYA , KREMBANGAN , KREMBANGAN SELATAN 
GRESIK, JAWA TIMUR , SURABAYA , RUNGKUT , KEDUNG BARUK 
GRESIK, JAWA TIMUR , SURABAYA , BENOWO , KANDANGAN 
GRESIK, JAWA TIMUR , SURABAYA , MULYOREJO , KEJAWAAN PUTIH TAMBAK (KEJAWEN PUTIH TAMBAK) 
GRESIK, JAWA TIMUR , SURABAYA , TANDES , BALONGSARI (BALONG SARI) 
GRESIK, JAWA TIMUR , SURABAYA , LAKARSANTRI , SUMUR WELUT 
GRESIK, JAWA TIMUR , SURABAYA , KENJERAN , TAMBAK WEDI 
GRESIK, JAWA TIMUR ,  , LAKARSANTRI , LIDAH WETAN 
GRESIK, JAWA TIMUR ,  , KENJERAN , TANAH KALI KEDINDING 
GRESIK, JAWA TIMUR , TUBAN , TUBAN , SIDOMULYO 
GRESIK, JAWA TIMUR , TUBAN , JATIROGO , WOTSOGO 
GRESIK, JAWA TIMUR , TUBAN , PALANG , KARANGAGUNG 
GRESIK, JAWA TIMUR , TUBAN , RENGEL , RENGEL 
GRESIK, JAWA TIMUR , TUBAN , TUBAN , KUTOREJO 
GRESIK, JAWA TIMUR , TUBAN , MERAKURAK , SAMBONGGEDE 
GRESIK, JAWA TIMUR , TUBAN , TUBAN , PERBON 
GRESIK, JAWA TIMUR , TUBAN , PLUMPANG , PLUMPANG 
GRESIK, JAWA TIMUR , TUBAN , KEREK , MARGOMULYO 
GRESIK, JAWA TIMUR , TUBAN , MONTONG , MONTONGSEKAR 
GRESIK, JAWA TIMUR , TUBAN , SEMANDING , GEDONGOMBO 
GRESIK, JAWA TIMUR , TUBAN , WIDANG , WIDANG 
GRESIK, JAWA TIMUR , TUBAN , TAMBAKBOYO , TAMBAKBOYO 
GRESIK, JAWA TIMUR , TUBAN , SOKO , SOKOSARI 
GRESIK, JAWA TIMUR , TUBAN , BANCAR , BANJARJO (BANJAREJO) 
GRESIK, JAWA TIMUR , TUBAN , MERAKURAK , MANDIREJO 
GRESIK, JAWA TIMUR , TUBAN , SEMANDING , PENAMBANGAN 
GRESIK, JAWA TIMUR , TUBAN , SINGGAHAN , MULYOAGUNG 
GRESIK, JAWA TIMUR , TUBAN , TUBAN , MONDOKAN 
GRESIK, JAWA TIMUR , TUBAN , TUBAN , KARANGSARI 
GRESIK, JAWA TIMUR , TUBAN , PALANG , LERAN KULON 
GRESIK, JAWA TIMUR , TUBAN , SENORI , SENDANG 
GRESIK, JAWA TIMUR , TUBAN , TUBAN , SIDOREJO 
GRESIK, JAWA TIMUR , TUBAN , BANGILAN , BANGILAN 
GRESIK, JAWA TIMUR , TUBAN , TUBAN , SENDANGHARJO 
GRESIK, JAWA TIMUR , TUBAN , JATIROGO , PASEYAN 
GRESIK, JAWA TIMUR , TUBAN , PALANG , GESIKHARJO 
GRESIK, JAWA TIMUR , TUBAN , JENU , SUGIHWARAS 
GRESIK, JAWA TIMUR , TUBAN , WIDANG , COMPRENG 
GRESIK, JAWA TIMUR , TUBAN , SEMANDING , TUNAH 
GRESIK, JAWA TIMUR , TUBAN , SEMANDING , BEJAGUNG 
GRESIK, JAWA TIMUR , TUBAN , PLUMPANG , KESAMBEN 
GRESIK, JAWA TIMUR , TUBAN , TUBAN , LATSARI 
GRESIK, JAWA TIMUR , TUBAN , PLUMPANG , KEDUNGROJO 
GRESIK, JAWA TIMUR , TUBAN , PLUMPANG , MAGERSARI 
GRESIK, JAWA TIMUR , TUBAN , PLUMPANG , SUMBERAGUNG 
GRESIK, JAWA TIMUR , TUBAN , JENU , REMEN 
GRESIK, JAWA TIMUR , TUBAN , WIDANG , MINOHOREJO 
GRESIK, JAWA TIMUR , TUBAN , RENGEL , PUNGGULREJO 
GRESIK, JAWA TIMUR , TUBAN , SINGGAHAN , LAJO KIDUL 
GRESIK, JAWA TIMUR , TUBAN , PARENGAN , PARANGBATU 
GRESIK, JAWA TIMUR , TUBAN , JATIROGO , SUGIHAN 
GRESIK, JAWA TIMUR , TUBAN , MERAKURAK , TUWIRI WETAN 
GRESIK, JAWA TIMUR , TUBAN , TAMBAKBOYO , KENANTI 
GRESIK, JAWA TIMUR , TUBAN , JENU , BEJI 
GRESIK, JAWA TIMUR , TUBAN , BANCAR , BONCONG 
GRESIK, JAWA TIMUR , TUBAN , SOKO , SANDINGROWO 
GRESIK, JAWA TIMUR , TUBAN , PALANG , CENDORO 
GRESIK, JAWA TIMUR , TUBAN , MERAKURAK , TUWIRI KULON 
GRESIK, JAWA TIMUR , TUBAN , SINGGAHAN , LAJO LOR 
GRESIK, JAWA TIMUR , TUBAN , JENU , SEKARDADI 
GRESIK, JAWA TIMUR , TUBAN , SEMANDING , KOWANG 
CIREBON, JAWA BARAT , BANJAR , LANGENSARI , MUKTISARI 
CIREBON, JAWA BARAT , BANJAR , PATARUMAN , PATARUMAN 
CIREBON, JAWA BARAT , BANJAR , PATARUMAN , HEGARSARI 
CIREBON, JAWA BARAT , BANJAR , BANJAR , BANJAR 
CIREBON, JAWA BARAT , BANJAR , BANJAR , MEKARSARI 
CIREBON, JAWA BARAT , BANJAR , PURWAHARJA , RAHARJA 
CIREBON, JAWA BARAT , BANJAR , LANGENSARI , KUJANGSARI 
CIREBON, JAWA BARAT , BANJAR , LANGENSARI , LANGENSARI 
CIREBON, JAWA TENGAH , BREBES , LOSARI , LOSARI LOR 
CIREBON, JAWA TENGAH , BREBES , BUMIAYU , JATISAWIT 
CIREBON, JAWA TENGAH , BREBES , BREBES , BREBES 
CIREBON, JAWA TENGAH , BREBES , KETANGGUNGAN , KETANGGUNGAN 
CIREBON, JAWA TENGAH , BREBES , JATIBARANG , JATIBARANG KIDUL 
CIREBON, JAWA TENGAH , BREBES , KERSANA , CIGEDOG 
CIREBON, JAWA TENGAH , BREBES , BREBES , PASARBATANG (PASAR BATANG) 
CIREBON, JAWA TENGAH , BREBES , TANJUNG , PEJAGAN 
CIREBON, JAWA TENGAH , BREBES , SALEM , SALEM 
CIREBON, JAWA TENGAH , BREBES , WANASARI , KLAMPOK 
CIREBON, JAWA TENGAH , BREBES , BULAKAMBA , KLUWUT 
CIREBON, JAWA TENGAH , BREBES , BREBES , PADASUGIH 
CIREBON, JAWA TENGAH , BREBES , BUMIAYU , PENGGARUTAN (PANGGARUTAN) 
CIREBON, JAWA TENGAH , BREBES , BUMIAYU , BUMIAYU 
CIREBON, JAWA TENGAH , BREBES , BANJARHARJO , BANJARHARJO 
CIREBON, JAWA TENGAH , BREBES , KETANGGUNGAN , DUKUHTENGAH (DUKUH TENGAH) 
CIREBON, JAWA TENGAH , BREBES , PAGUYANGAN , TARABAN 
CIREBON, JAWA TENGAH , BREBES , BULAKAMBA , GRINTING 
CIREBON, JAWA TENGAH , BREBES , BREBES , KALIGANGSA WETAN 
CIREBON, JAWA TENGAH , BREBES , LARANGAN , RENGASPENDAWA 
CIREBON, JAWA TENGAH , BREBES , BULAKAMBA , SIWULUH 
CIREBON, JAWA TENGAH , BREBES , BREBES , SIGAMBIR 
CIREBON, JAWA TENGAH , BREBES , WANASARI , PESANTUNAN 
CIREBON, JAWA TENGAH , BREBES , WANASARI , DUMELING 
CIREBON, JAWA TENGAH , BREBES , BANJARHARJO , BANJARLOR (BANJAR LOR) 
CIREBON, JAWA TENGAH , BREBES , BREBES , KEDUNGUTER 
CIREBON, JAWA TENGAH , BREBES , BULAKAMBA , CIMOHONG 
CIREBON, JAWA TENGAH , BREBES , JATIBARANG , KARANGLO 
CIREBON, JAWA TENGAH , BREBES , BREBES , GANDASULI 
CIREBON, JAWA TENGAH , BREBES , JATIBARANG , KLAMPIS 
CIREBON, JAWA TENGAH , BREBES , LARANGAN , KARANGBALE 
CIREBON, JAWA TENGAH , BREBES , KETANGGUNGAN , KUBANGWUNGU 
CIREBON, JAWA TENGAH , BREBES , KERSANA , JAGAPURA 
CIREBON, JAWA TENGAH , BREBES , KERSANA , CIAMPEL 
CIREBON, JAWA TENGAH , BREBES , BREBES , WANGANDALEM 
CIREBON, JAWA TENGAH , BREBES , TANJUNG , KEMURANG WETAN 
CIREBON, JAWA TENGAH , BREBES , KERSANA , SUTAMAJA 
CIREBON, JAWA TENGAH , BREBES , TANJUNG , LEMAHABANG (LEMAH ABANG) 
CIREBON, JAWA TENGAH , BREBES , LARANGAN , SITANGGAL 
CIREBON, JAWA TENGAH , BREBES , WANASARI , PEBATAN 
CIREBON, JAWA TENGAH , BREBES , LARANGAN , SLATRI 
CIREBON, JAWA TENGAH , BREBES , JATIBARANG , BUARAN 
CIREBON, JAWA TENGAH , BREBES , SONGGOM , SONGGOM 
CIREBON, JAWA TENGAH , BREBES , BULAKAMBA , LUWUNGRAGI 
CIREBON, JAWA TENGAH , BREBES , SONGGOM , JATIMAKMUR 
CIREBON, JAWA TENGAH , BREBES , BREBES , KALIGANGSA KULON 
CIREBON, JAWA TENGAH , BREBES , BANJARHARJO , CIKAKAK 
CIREBON, JAWA TENGAH , BREBES , WANASARI , JAGALEMPENI 
CIREBON, JAWA TENGAH , BREBES , JATIBARANG , JANEGARA 
CIREBON, JAWA TENGAH , BREBES , LOSARI , BOJONGSARI 
CIREBON, JAWA TENGAH , BREBES , BULAKAMBA , CIPELEM 
CIREBON, JAWA TENGAH , BREBES , LOSARI , RUNGKANG 
CIREBON, JAWA TENGAH , BREBES , KERSANA , KUBANGPARI 
CIREBON, JAWA TENGAH , BREBES , TANJUNG , TENGGULI 
CIREBON, JAWA TENGAH , BREBES , TONJONG , KUTAMENDALA 
CIREBON, JAWA TENGAH , BREBES , BANJARHARJO , PAREREJA (PARIREJA) 
CIREBON, JAWA TENGAH , BREBES , BUMIAYU , NEGARADAHA 
CIREBON, JAWA TENGAH , BREBES , BULAKAMBA , BULUSARI 
CIREBON, JAWA TENGAH , BREBES , BANTARKAWUNG , BANTARKAWUNG 
CIREBON, JAWA TENGAH , BREBES , TONJONG , PURWODADI 
CIREBON, JAWA TENGAH , BREBES , BULAKAMBA , TEGALGLAGAH 
CIREBON, JAWA TENGAH , BREBES , LARANGAN , LARANGAN 
CIREBON, JAWA TENGAH , BREBES , JATIBARANG , KEMIRIAMBA 
CIREBON, JAWA TENGAH , BREBES , BULAKAMBA , BANJARATMA 
CIREBON, JAWA TENGAH , BREBES , SALEM , BENTAR 
CIREBON, JAWA TENGAH , BREBES , KETANGGUNGAN , BULAKELOR 
CIREBON, JAWA TENGAH , BREBES , BULAKAMBA , KARANGSARI 
CIREBON, JAWA TENGAH , BREBES , BUMIAYU , KALIERANG 
CIREBON, JAWA TENGAH , BREBES , LOSARI , KARANGDEMPEL 
CIREBON, JAWA TENGAH , BREBES , LOSARI , KEDUNGNENG 
CIREBON, JAWA TENGAH , BREBES , PAGUYANGAN , PAGOJENGAN 
CIREBON, JAWA TENGAH , BREBES , BREBES , PULOSARI 
CIREBON, JAWA TENGAH , BREBES , KETANGGUNGAN , KARANGMALANG 
CIREBON, JAWA TENGAH , BREBES , TANJUNG , LUWUNGGEDE (LUWUNG GEDE) 
CIREBON, JAWA TENGAH , BREBES , BUMIAYU , LAREN 
CIREBON, JAWA TENGAH , BREBES , SONGGOM , KARANGSEMBUNG 
CIREBON, JAWA TENGAH , BREBES , WANASARI , KEBOLEDAN 
CIREBON, JAWA TENGAH , BREBES , PAGUYANGAN , WANATIRTA 
CIREBON, JAWA TENGAH , BREBES , WANASARI , KERTABESUKI 
CIREBON, JAWA TENGAH , BREBES , LARANGAN , SIANDONG 
CIREBON, JAWA TENGAH , BREBES , BULAKAMBA , PETUNJUNGAN 
CIREBON, JAWA TENGAH , BREBES , SONGGOM , JATIROKEH 
CIREBON, JAWA BARAT , CIAMIS , KAWALI , KAWALIMUKTI 
CIREBON, JAWA BARAT , CIAMIS , CIPAKU , BUNISEURI 
CIREBON, JAWA BARAT , CIAMIS , BANJARSARI , CIBADAK 
CIREBON, JAWA BARAT , CIAMIS , CIAMIS , CIAMIS 
CIREBON, JAWA BARAT , CIAMIS , CISAGA , MEKARMUKTI 
CIREBON, JAWA BARAT , CIAMIS , RAJADESA , RAJADESA 
CIREBON, JAWA BARAT , CIAMIS , PANUMBANGAN , SUKAKERTA 
CIREBON, JAWA BARAT , CIAMIS , CIHAURBEUTI , CIHAURBEUTI 
CIREBON, JAWA BARAT , CIAMIS , CIJEUNGJING , BOJONGMENGGER 
CIREBON, JAWA BARAT , CIAMIS , CIKONENG , SINDANGSARI 
CIREBON, JAWA BARAT , CIAMIS , LUMBUNG , AWILUAR 
CIREBON, JAWA BARAT , CIAMIS , SINDANGKASIH , SINDANGKASIH 
CIREBON, JAWA BARAT , CIAMIS , CIKONENG , CIKONENG 
CIREBON, JAWA BARAT , CIAMIS , CIAMIS , KERTASARI 
CIREBON, JAWA BARAT , CIAMIS , BANJARSARI , BANJARSARI 
CIREBON, JAWA BARAT , CIAMIS , BANJARSARI , SUKASARI 
CIREBON, JAWA BARAT , CIAMIS , PAMARICAN , PAMARICAN 
CIREBON, JAWA BARAT , CIAMIS , PANJALU , HUJUNGTIWU 
CIREBON, JAWA BARAT , CIAMIS , PANJALU , PANJALU 
CIREBON, JAWA BARAT , CIAMIS , CIAMIS , MALEBER 
CIREBON, JAWA BARAT , CIAMIS , CIKONENG , MARGALUYU 
CIREBON, JAWA BARAT , CIAMIS , RANCAH , RANCAH 
CIREBON, JAWA BARAT , CIAMIS , SINDANGKASIH , SUKAMANAH 
CIREBON, JAWA BARAT , CIAMIS , PANUMBANGAN , PANUMBANGAN 
CIREBON, JAWA BARAT , CIAMIS , CIJEUNGJING , PAMALAYAN 
CIREBON, JAWA BARAT , CIAMIS , PANUMBANGAN , SINDANGMUKTI 
CIREBON, JAWA BARAT , CIAMIS , CIJEUNGJING , CIJEUNGJING 
CIREBON, JAWA BARAT , CIAMIS , CIJEUNGJING , HANDAPHERANG 
CIREBON, JAWA BARAT , CIAMIS , LAKBOK , SUKANAGARA 
CIREBON, JAWA BARAT , CIAMIS , SINDANGKASIH , GUNUNGCUPU 
CIREBON, JAWA BARAT , CIAMIS , BAREGBEG , SUKAMAJU 
CIREBON, JAWA BARAT , CIAMIS , PAMARICAN , KERTAHAYU 
CIREBON, JAWA BARAT , CIAMIS , JATINAGARA , JATINAGARA 
CIREBON, JAWA BARAT , CIAMIS , PAMARICAN , SUKAJADI 
CIREBON, JAWA BARAT , CIAMIS , CISAGA , CISAGA 
CIREBON, JAWA BARAT , CIAMIS , PURWADADI , PURWADADI 
CIREBON, JAWA BARAT , CIAMIS , RANCAH , SITUMANDALA 
CIREBON, JAWA BARAT , CIAMIS , BAREGBEG , BAREGBEG 
CIREBON, JAWA BARAT , CIAMIS , CIHAURBEUTI , PAMOKOLAN 
CIREBON, JAWA BARAT , CIAMIS , BANJARSARI , CICAPAR 
CIREBON, JAWA BARAT , CIAMIS , CIMARAGAS , CIMARAGAS 
CIREBON, JAWA TENGAH , CILACAP , SIDAREJA , SIDAREJA 
CIREBON, JAWA TENGAH , CILACAP , MAJENANG , SINDANGSARI 
CIREBON, JAWA TENGAH , CILACAP , KEDUNGREJA , CIKLAPA 
CIREBON, JAWA TENGAH , CILACAP , CIPARI , CIPARI 
CIREBON, JAWA TENGAH , CILACAP , KAWUNGANTEN , KAWUNGANTEN 
CIREBON, JAWA TENGAH , CILACAP , KARANGPUCUNG , KARANGPUCUNG 
CIREBON, JAWA TENGAH , CILACAP , GANDRUNGMANGU , GANDRUNGMANGU 
CIREBON, JAWA TENGAH , CILACAP , MAJENANG , JENANG 
CIREBON, JAWA TENGAH , CILACAP , WANAREJA , WANAREJA 
CIREBON, JAWA TENGAH , CILACAP , CIMANGGU , PANIMBANG 
CIREBON, JAWA TENGAH , CILACAP , MAJENANG , PAHONJEAN 
CIREBON, JAWA TENGAH , CILACAP , BANTARSARI , BANTARSARI 
CIREBON, JAWA TENGAH , CILACAP , KAWUNGANTEN , BOJONG 
CIREBON, JAWA TENGAH , CILACAP , SIDAREJA , TINGGARJAYA 
CIREBON, JAWA TENGAH , CILACAP , KARANGPUCUNG , SINDANGBARANG 
CIREBON, JAWA TENGAH , CILACAP , SIDAREJA , SUDAGARAN 
CIREBON, JAWA TENGAH , CILACAP , MAJENANG , SALEBU 
CIREBON, JAWA TENGAH , CILACAP , MAJENANG , PADANGJAYA 
CIREBON, JAWA TENGAH , CILACAP , KEDUNGREJA , BUMIREJA 
CIREBON, JAWA TENGAH , CILACAP , KEDUNGREJA , TAMBAKREJA 
CIREBON, JAWA TENGAH , CILACAP , PATIMUAN , PURWADADI (PURWODADI) 
CIREBON, JAWA TENGAH , CILACAP , CIMANGGU , CIMANGGU 
CIREBON, JAWA TENGAH , CILACAP , MAJENANG , MULYASARI 
CIREBON, JAWA TENGAH , CILACAP , GANDRUNGMANGU , GANDRUNGMANIS 
CIREBON, JAWA BARAT , CIREBON , PEKALIPAN , JAGASATRU 
CIREBON, JAWA BARAT , CIREBON , LOSARI , LOSARI LOR 
CIREBON, JAWA BARAT , CIREBON , GEBANG , GEBANG UDIK (GEBANGUDIK) 
CIREBON, JAWA BARAT , CIREBON , KESAMBI , DRAJAT 
CIREBON, JAWA BARAT , CIREBON , CILEDUG , CILEDUG KULON 
CIREBON, JAWA BARAT , CIREBON , KEDAWUNG , KEDAWUNG 
CIREBON, JAWA BARAT , CIREBON , KEDAWUNG , KEDUNGJAYA 
CIREBON, JAWA BARAT , CIREBON , TENGAH TANI , DAWUAN 
CIREBON, JAWA BARAT , CIREBON , HARJAMUKTI , LARANGAN 
CIREBON, JAWA BARAT , CIREBON , KESAMBI , KARYAMULYA 
CIREBON, JAWA BARAT , CIREBON , PANGURAGAN , PANGURANGAN WETAN (PANGURAGAN WETAN) 
CIREBON, JAWA BARAT , CIREBON , HARJAMUKTI , KALIJAGA 
CIREBON, JAWA BARAT , CIREBON , LEMAH WUNGKUK (LEMAHWUNGKUK) , LEMAHWUNGKUK 
CIREBON, JAWA BARAT , CIREBON , HARJAMUKTI , KECAPI 
CIREBON, JAWA BARAT , CIREBON , ARJAWINANGUN , JUNGJANG 
CIREBON, JAWA BARAT , CIREBON , KESAMBI , SUNYARAGI 
CIREBON, JAWA BARAT , CIREBON , DEPOK , KEJUDEN 
CIREBON, JAWA BARAT , CIREBON , SURANENGGALA , KERATON 
CIREBON, JAWA BARAT , CIREBON , KEJAKSAN , KEJAKSAN 
CIREBON, JAWA BARAT , CIREBON , GUNUNG JATI (CIREBON UTARA) , ASTANA 
CIREBON, JAWA BARAT , CIREBON , PLUMBON , KARANGASEM 
CIREBON, JAWA BARAT , CIREBON , KEJAKSAN , SUKAPURA 
CIREBON, JAWA BARAT , CIREBON , KEJAKSAN , KESENDEN 
CIREBON, JAWA BARAT , CIREBON , CIWARINGIN , CIWARINGIN 
CIREBON, JAWA BARAT , CIREBON , KLANGENAN , JEMARAS KIDUL 
CIREBON, JAWA BARAT , CIREBON , GEBANG , KALIPASUNG 
CIREBON, JAWA BARAT , CIREBON , LEMAH WUNGKUK (LEMAHWUNGKUK) , PANJUNAN 
CIREBON, JAWA BARAT , CIREBON , SUSUKAN , BUNDER 
CIREBON, JAWA BARAT , CIREBON , ARJAWINANGUN , TEGALGUBUG 
CIREBON, JAWA BARAT , CIREBON , KEJAKSAN , KEBONBARU 
CIREBON, JAWA BARAT , CIREBON , WERU , SETU KULON 
CIREBON, JAWA BARAT , CIREBON , GUNUNG JATI (CIREBON UTARA) , JADIMULYA 
CIREBON, JAWA BARAT , CIREBON , GEMPOL , GEMPOL 
CIREBON, JAWA BARAT , CIREBON , KEDAWUNG , KERTAWINANGUN 
CIREBON, JAWA BARAT , CIREBON , PLERED , TEGALSARI 
CIREBON, JAWA BARAT , CIREBON , ARJAWINANGUN , KEBONTURI 
CIREBON, JAWA BARAT , CIREBON , PALIMANAN , TEGALKARANG 
CIREBON, JAWA BARAT , CIREBON , GEBANG , GEBANG KULON 
CIREBON, JAWA BARAT , CIREBON , MUNDU , BANDENGAN 
CIREBON, JAWA BARAT , CIREBON , GUNUNG JATI (CIREBON UTARA) , GROGOL 
CIREBON, JAWA BARAT , CIREBON , TALUN (CIREBON SELATAN) , CEMPAKA 
CIREBON, JAWA BARAT , CIREBON , LEMAH WUNGKUK (LEMAHWUNGKUK) , PEGAMBIRAN 
CIREBON, JAWA BARAT , CIREBON , LOSARI , LOSARI KIDUL 
CIREBON, JAWA BARAT , CIREBON , PEKALIPAN , PULASAREN 
CIREBON, JAWA BARAT , CIREBON , TALUN (CIREBON SELATAN) , KECOMBERAN 
CIREBON, JAWA BARAT , CIREBON , TENGAH TANI , GESIK 
CIREBON, JAWA BARAT , CIREBON , PALIMANAN , PALIMANAN TIMUR 
CIREBON, JAWA BARAT , CIREBON , TALUN (CIREBON SELATAN) , KEPONGPONGAN 
CIREBON, JAWA BARAT , CIREBON , KESAMBI , PEKIRINGAN 
CIREBON, JAWA BARAT , CIREBON , KARANGWARENG , KARANGANYAR 
CIREBON, JAWA BARAT , CIREBON , PLUMBON , GOMBANG 
CIREBON, JAWA BARAT , CIREBON , PASALEMAN , CILENGKRANG 
CIREBON, JAWA BARAT , CIREBON , PLERED , PANEMBAHAN 
CIREBON, JAWA BARAT , CIREBON , KEDAWUNG , SUTAWINANGUN 
CIREBON, JAWA BARAT , CIREBON , BABAKAN , BABAKAN GEBANG (BABAKANGEBANG) 
CIREBON, JAWA BARAT , CIREBON , PALIMANAN , KEPUH 
CIREBON, JAWA BARAT , CIREBON , TALUN (CIREBON SELATAN) , CIPERNA 
CIREBON, JAWA BARAT , CIREBON , GUNUNG JATI (CIREBON UTARA) , ADIDHARMA 
CIREBON, JAWA BARAT , CIREBON , JAMBLANG , JAMBLANG 
CIREBON, JAWA BARAT , CIREBON , SUMBER , TUKMUDAL 
CIREBON, JAWA BARAT , CIREBON , KAPETAKAN , GROGOL 
CIREBON, JAWA BARAT , CIREBON , PLUMBON , KEBAREPAN 
CIREBON, JAWA BARAT , CIREBON , KLANGENAN , KLANGENAN 
CIREBON, JAWA BARAT , CIREBON , PLUMBON , MARIKANGEN 
CIREBON, JAWA BARAT , CIREBON , SUSUKAN , BOJONG KULON 
CIREBON, JAWA BARAT , CIREBON , DUKUPUNTANG , BOBOS 
CIREBON, JAWA BARAT , CIREBON , WERU , MEGUGEDE 
CIREBON, JAWA BARAT , CIREBON , KLANGENAN , DANAWINANGUN 
CIREBON, JAWA BARAT , CIREBON , PLERED , CANKRING (CANGKRING) 
CIREBON, JAWA BARAT , CIREBON , SURANENGGALA , PURWAWINANGUN 
CIREBON, JAWA BARAT , CIREBON , PABUARAN , HULUBANTENG 
CIREBON, JAWA BARAT , CIREBON , DEPOK , CIKEDUK 
CIREBON, JAWA BARAT , CIREBON , GEGESIK , BAYALANGU LOR 
CIREBON, JAWA BARAT , CIREBON , MUNDU , PAMENGKANG 
CIREBON, JAWA BARAT , CIREBON , TALUN (CIREBON SELATAN) , WANASABA KIDUL 
CIREBON, JAWA BARAT , CIREBON , BABAKAN , BABAKAN 
CIREBON, JAWA BARAT , CIREBON , ASTANAJAPURA , KANCI 
CIREBON, JAWA BARAT , CIREBON , MUNDU , SETUPATOK 
CIREBON, JAWA BARAT , CIREBON , WERU , TEGALWANGI 
CIREBON, JAWA BARAT , CIREBON , PALIMANAN , BEBERAN 
CIREBON, JAWA BARAT , CIREBON , PLERED , KALIWULU 
CIREBON, JAWA BARAT , CIREBON , PLUMBON , PAMIJAHAN 
CIREBON, JAWA BARAT , CIREBON , LEMAHABANG , LEUWIDINGDING 
CIREBON, JAWA BARAT , CIREBON , SUMBER , WATUBELAH 
CIREBON, JAWA BARAT , CIREBON , KEDAWUNG , PILANGSARI 
CIREBON, JAWA BARAT , CIREBON , MUNDU , BANJARWANGUNAN 
CIREBON, JAWA BARAT , CIREBON , KAPETAKAN , KARANGKENDAL 
CIREBON, JAWA BARAT , CIREBON , SUMBER , BABAKAN 
CIREBON, JAWA BARAT , CIREBON , PABEDILAN , BABAKAN LOSARI 
CIREBON, JAWA BARAT , CIREBON , SURANENGGALA , SURAKARTA 
CIREBON, JAWA BARAT , CIREBON , KAPETAKAN , PEGAAN LOR (PEGAGAN LOR) 
CIREBON, JAWA BARAT , CIREBON , DUKUPUNTANG , BALAD 
CIREBON, JAWA BARAT , CIREBON , BEBER , KONDANGSARI 
CIREBON, JAWA BARAT , CIREBON , KEDAWUNG , KEDUNGDAWA 
CIREBON, JAWA BARAT , CIREBON , BEBER , BEBER 
CIREBON, JAWA BARAT , CIREBON , PLUMBON , BODESARI 
CIREBON, JAWA BARAT , CIREBON , PEKALIPAN , PEKALANGAN 
CIREBON, JAWA BARAT , CIREBON , SUMBER , SIDAWANGI 
CIREBON, JAWA BARAT , CIREBON , PALIMANAN , PEGAGAN 
CIREBON, JAWA BARAT , CIREBON , CIWARINGIN , BUDUR 
CIREBON, JAWA BARAT , CIREBON , GEGESIK , PANUNGGUL 
CIREBON, JAWA BARAT , CIREBON , LOSARI , ASTANALANGGAR 
CIREBON, JAWA BARAT , CIREBON , KARANGWARENG , KUBANGDELEG 
CIREBON, JAWA BARAT , CIREBON , SUSUKAN , TANGKIL 
CIREBON, JAWA BARAT , CIREBON , PLUMBON , LURAH 
CIREBON, JAWA BARAT , CIREBON , KALIWEDI , PRAJAWINANGUN KULON 
CIREBON, JAWA BARAT , CIREBON , GREGED (GREGET) , DURAJAYA 
CIREBON, JAWA BARAT , CIREBON , JAMBLANG , BOJONG WETAN 
CIREBON, JAWA BARAT , CIREBON , DUKUPUNTANG , SINDANGJAWA 
CIREBON, JAWA BARAT , CIREBON , JAMBLANG , BAKUNG KIDUL 
CIREBON, JAWA BARAT , CIREBON , KLANGENAN , JEMARAS LOR 
CIREBON, JAWA BARAT , CIREBON , LEMAHABANG , CIPEUJEUH KULON 
CIREBON, JAWA BARAT , CIREBON , GEGESIK , JAGAPURA WETAN 
CIREBON, JAWA BARAT , CIREBON , PANGURAGAN , PANGURANGAN (PANGURAGAN) 
CIREBON, JAWA BARAT , CIREBON , ARJAWINANGUN , TEGAL GUBUG LOR (TEGALGUBUG LOR) 
CIREBON, JAWA BARAT , CIREBON , ASTANAJAPURA , MERTAPADA KULON 
CIREBON, JAWA BARAT , CIREBON , CIWARINGIN , BABAKAN 
CIREBON, JAWA BARAT , CIREBON , PABUARAN , JATIRENGGANG 
CIREBON, JAWA BARAT , CIREBON , GUNUNG JATI (CIREBON UTARA) , KALISAPU 
CIREBON, JAWA BARAT , CIREBON , GEBANG , GEBANG 
CIREBON, JAWA BARAT , CIREBON , PABUARAN , SUKADANA 
CIREBON, JAWA BARAT , CIREBON , PABEDILAN , KALIMUKTI 
CIREBON, JAWA BARAT , CIREBON , SUSUKAN LEBAK , CURUG WETAN 
CIREBON, JAWA BARAT , CIREBON , GEMPOL , PALIMANAN BARAT 
CIREBON, JAWA BARAT , CIREBON , CILEDUG , JATISEENG 
CIREBON, JAWA BARAT , CIREBON , DEPOK , WARUKAWUNG 
CIREBON, JAWA BARAT , CIREBON , PLERED , WOTGALI 
CIREBON, JAWA BARAT , CIREBON , SUSUKAN LEBAK , SUSUKAN AGUNG 
CIREBON, JAWA BARAT , CIREBON , PLUMBON , KEDUNGSANA 
CIREBON, JAWA BARAT , CIREBON , DEPOK , KASUGENGAN KIDUL 
CIREBON, JAWA BARAT , CIREBON , SUMBER , SENDANG 
CIREBON, JAWA BARAT , CIREBON , PABEDILAN , PABEDILAN KALER 
CIREBON, JAWA BARAT , CIREBON , SUMBER , SUMBER 
CIREBON, JAWA BARAT , CIREBON , SURANENGGALA , SURANENGGALA LOR 
CIREBON, JAWA BARAT , CIREBON , WALED , CIBOGO 
CIREBON, JAWA BARAT , CIREBON , GEGESIK , GEGESIK WETAN 
CIREBON, JAWA BARAT , CIREBON , WALED , WALED DESA 
CIREBON, JAWA BARAT , CIREBON , KARANGWARENG , KARANGWARENG 
CIREBON, JAWA BARAT , CIREBON , ARJAWINANGUN , ARJAWINANGUN 
CIREBON, JAWA BARAT , CIREBON , LEMAHABANG , SIGONG 
CIREBON, JAWA BARAT , CIREBON , SUSUKAN LEBAK , CIAWIASIH 
CIREBON, JAWA BARAT , CIREBON , TENGAH TANI , ASTAPADA 
CIREBON, JAWA BARAT , CIREBON , KARANGSEMBUNG , KARANGMEKAR 
CIREBON, JAWA BARAT , CIREBON , KEDAWUNG , TUK 
CIREBON, JAWA BARAT , CIREBON , MUNDU , PENPEN 
CIREBON, JAWA BARAT , CIREBON , HARJAMUKTI , HARJAMUKTI 
CIREBON, JAWA BARAT , CIREBON , PLUMBON , PLUMBON 
CIREBON, JAWA BARAT , CIREBON , KAPETAKAN , KAPETAKAN 
CIREBON, JAWA BARAT , CIREBON , KARANGSEMBUNG , KARANGSEMBUNG 
CIREBON, JAWA BARAT , CIREBON , BABAKAN , KUDUKERAS 
CIREBON, JAWA BARAT , CIREBON , GREGED (GREGET) , KAMARANG 
CIREBON, JAWA BARAT , CIREBON , CIWARINGIN , GINTUNG TENGAH 
CIREBON, JAWA BARAT , CIREBON , SUSUKAN LEBAK , CIAWIJAPURA 
CIREBON, JAWA BARAT , CIREBON , BEBER , WANAYASA 
CIREBON, JAWA BARAT , CIREBON , SUMBER , KEMANTREN 
CIREBON, JAWA BARAT , CIREBON , GUNUNG JATI (CIREBON UTARA) , BUYUT 
CIREBON, JAWA BARAT , CIREBON , WALED , WALED KOTA 
CIREBON, JAWA BARAT , CIREBON , SUMBER , GEGUNUNG 
CIREBON, JAWA BARAT , CIREBON , ASTANAJAPURA , MERTAPADA WETAN 
CIREBON, JAWA BARAT , CIREBON , KESAMBI , KESAMBI 
CIREBON, JAWA BARAT , CIREBON , WALED , CIKULAK 
CIREBON, JAWA BARAT , CIREBON , TENGAH TANI , DAWUAN 
CIREBON, JAWA BARAT , INDRAMAYU , HAURGEULIS , HAURGEULIS 
CIREBON, JAWA BARAT , INDRAMAYU , KANDANGHAUR , PAREANGIRANG (PAREAN GIRANG) 
CIREBON, JAWA BARAT , INDRAMAYU , INDRAMAYU , PAOMAN 
CIREBON, JAWA BARAT , INDRAMAYU , KERTASEMAYA , TULUNGAGUNG 
CIREBON, JAWA BARAT , INDRAMAYU , KANDANGHAUR , ERETAN WETAN 
CIREBON, JAWA BARAT , INDRAMAYU , PATROL , PATROL 
CIREBON, JAWA BARAT , INDRAMAYU , TUKDANA , TUKDANA 
CIREBON, JAWA BARAT , INDRAMAYU , KARANGAMPEL , KARANGAMPEL 
CIREBON, JAWA BARAT , INDRAMAYU , INDRAMAYU , PEKANDANGAN 
CIREBON, JAWA BARAT , INDRAMAYU , ANJATAN , ANJATAN 
CIREBON, JAWA BARAT , INDRAMAYU , KEDOKAN BUNDER , KEDOKANBUNDER 
CIREBON, JAWA BARAT , INDRAMAYU , JATIBARANG , JATIBARANG 
CIREBON, JAWA BARAT , INDRAMAYU , KANDANGHAUR , KARANG ANYAR (KARANGANYAR) 
CIREBON, JAWA BARAT , INDRAMAYU , INDRAMAYU , SINGARAJA 
CIREBON, JAWA BARAT , INDRAMAYU , ANJATAN , WANGUK 
CIREBON, JAWA BARAT , INDRAMAYU , JUNTINYUAT , JUNTUNYUAT (JUNTINYUAT) 
CIREBON, JAWA BARAT , INDRAMAYU , KRANGKENG , KAPRINGAN 
CIREBON, JAWA BARAT , INDRAMAYU , TUKDANA , LAJER 
CIREBON, JAWA BARAT , INDRAMAYU , SLIYEG , SLEMAN LOR 
CIREBON, JAWA BARAT , INDRAMAYU , GABUSWETAN , SEKAR MULYA (SEKARMULYA) 
CIREBON, JAWA BARAT , INDRAMAYU , GANTAR , SANCA 
CIREBON, JAWA BARAT , INDRAMAYU , BONGAS , CIPAAT 
CIREBON, JAWA BARAT , INDRAMAYU , KARANGAMPEL , KARANGAMPEL KIDUL 
CIREBON, JAWA BARAT , INDRAMAYU , JUNTINYUAT , LIMBANGAN 
CIREBON, JAWA BARAT , INDRAMAYU , GABUSWETAN , GABUS WETAN (GABUSWETAN) 
CIREBON, JAWA BARAT , INDRAMAYU , KARANGAMPEL , BENDA 
CIREBON, JAWA BARAT , INDRAMAYU , KARANGAMPEL , DUKUH JERUK (DUKUHJERUK) 
CIREBON, JAWA BARAT , INDRAMAYU , JUNTINYUAT , JUNTIKEDOKAN 
CIREBON, JAWA BARAT , INDRAMAYU , INDRAMAYU , LEMAHMEKAR 
CIREBON, JAWA BARAT , INDRAMAYU , SLIYEG , SUDIKAMPIRAN 
CIREBON, JAWA BARAT , INDRAMAYU , TUKDANA , KERTICALA 
CIREBON, JAWA BARAT , INDRAMAYU , TRISI/TERISI , RAJASINGA 
CIREBON, JAWA BARAT , INDRAMAYU , CIKEDUNG , JAMBAK 
CIREBON, JAWA BARAT , INDRAMAYU , KERTASEMAYA , TENAJAR 
CIREBON, JAWA BARAT , INDRAMAYU , SINDANG , PANYINDANGAN WETAN 
CIREBON, JAWA BARAT , INDRAMAYU , LOSARANG , SANTING 
CIREBON, JAWA BARAT , INDRAMAYU , INDRAMAYU , MARGADADI 
CIREBON, JAWA BARAT , INDRAMAYU , TUKDANA , KARANGKERTA 
CIREBON, JAWA BARAT , INDRAMAYU , TRISI/TERISI , CIBERENG 
CIREBON, JAWA BARAT , INDRAMAYU , KERTASEMAYA , JENGKOK 
CIREBON, JAWA BARAT , INDRAMAYU , GANTAR , BALEREJA (BALERAJA) 
CIREBON, JAWA BARAT , INDRAMAYU , KRANGKENG , KALIANYAR 
CIREBON, JAWA BARAT , INDRAMAYU , SUKAGUSUKAGUMIWANG , TERSANA 
CIREBON, JAWA BARAT , INDRAMAYU , LELEA , PANGAUBAN 
CIREBON, JAWA BARAT , INDRAMAYU , JUNTINYUAT , SEGERAN KIDUL 
CIREBON, JAWA BARAT , INDRAMAYU , ANJATAN , KOPYAH 
CIREBON, JAWA BARAT , INDRAMAYU , KROYA , TEMIYANG 
CIREBON, JAWA BARAT , INDRAMAYU , BANGODUA , TEGALGIRANG 
CIREBON, JAWA BARAT , INDRAMAYU , GANTAR , GANTAR 
CIREBON, JAWA BARAT , INDRAMAYU , LOHBENER , KIAJARAN KULON 
CIREBON, JAWA BARAT , INDRAMAYU , LOHBENER , LARANGAN 
CIREBON, JAWA BARAT , INDRAMAYU , BONGAS , CIPEDANG 
CIREBON, JAWA BARAT , INDRAMAYU , PASEKAN , PASEKAN 
CIREBON, JAWA BARAT , INDRAMAYU , KARANGAMPEL , PRINGGACALA 
CIREBON, JAWA BARAT , INDRAMAYU , SUKRA , SUMURADEM 
CIREBON, JAWA BARAT , INDRAMAYU , SINDANG , DERMAYU 
CIREBON, JAWA BARAT , INDRAMAYU , LOHBENER , LOHBENER 
CIREBON, JAWA BARAT , INDRAMAYU , SUKRA , SUKRA 
CIREBON, JAWA BARAT , INDRAMAYU , LELEA , LELEA 
CIREBON, JAWA BARAT , INDRAMAYU , HAURGEULIS , KARANGTUMARITIS 
CIREBON, JAWA BARAT , INDRAMAYU , KROYA , SUMBON 
CIREBON, JAWA BARAT , INDRAMAYU , SINDANG , PENGANJANG 
CIREBON, JAWA BARAT , INDRAMAYU , INDRAMAYU , KARANGANYAR 
CIREBON, JAWA BARAT , INDRAMAYU , INDRAMAYU , KEPANDEAN 
CIREBON, JAWA BARAT , INDRAMAYU , WIDASARI , UJUNGARIS 
CIREBON, JAWA BARAT , INDRAMAYU , ANJATAN , KEDUNGWUNGU 
CIREBON, JAWA BARAT , INDRAMAYU , BONGAS , KERTAMULYA 
CIREBON, JAWA BARAT , INDRAMAYU , LOSARANG , MUNTUR 
CIREBON, JAWA BARAT , INDRAMAYU , KANDANGHAUR , WIRAPANJUNAN 
CIREBON, JAWA BARAT , KUNINGAN , CILIMUS , CILIMUS 
CIREBON, JAWA BARAT , KUNINGAN , CILIMUS , BANDORASA WETAN 
CIREBON, JAWA BARAT , KUNINGAN , KUNINGAN , AWIRARANGAN 
CIREBON, JAWA BARAT , KUNINGAN , MANDIRANCAN , NAGGELA (NANGGELA) 
CIREBON, JAWA BARAT , KUNINGAN , KUNINGAN , KUNINGAN 
CIREBON, JAWA BARAT , KUNINGAN , GARAWANGI , PURWASARI 
CIREBON, JAWA BARAT , KUNINGAN , KUNINGAN , CIJOHO 
CIREBON, JAWA BARAT , KUNINGAN , CIAWIGEBANG , CIAWIGEBANG 
CIREBON, JAWA BARAT , KUNINGAN , CILIMUS , SAMPORA 
CIREBON, JAWA BARAT , KUNINGAN , KUNINGAN , WINDUHAJI 
CIREBON, JAWA BARAT , KUNINGAN , LURAGUNG , LURAGUNG LANDELURAGUNG LANDEUH (LURAGUNGLANDEUH) 
CIREBON, JAWA BARAT , KUNINGAN , KADUGEDE , KADUGEDE 
CIREBON, JAWA BARAT , KUNINGAN , KUNINGAN , CIPORANG 
CIREBON, JAWA BARAT , KUNINGAN , CILIMUS , BOJONG 
CIREBON, JAWA BARAT , KUNINGAN , LEBAKWANGI , CINEUBEUY/CINEUMBEUY 
CIREBON, JAWA BARAT , KUNINGAN , CILIMUS , CARACAS 
CIREBON, JAWA BARAT , KUNINGAN , CIBINGBIN , CIBINGBIN 
CIREBON, JAWA BARAT , KUNINGAN , JALAKSANA , SADAMANTRA 
CIREBON, JAWA BARAT , KUNINGAN , JALAKSANA , JALAKSANA 
CIREBON, JAWA BARAT , KUNINGAN , CIDAHU , CIDAHU 
CIREBON, JAWA BARAT , KUNINGAN , CIAWIGEBANG , SIDARAJA 
CIREBON, JAWA BARAT , KUNINGAN , SINDANG AGUNG (SINDANGAGUNG) , KERTAUNGARAN 
CIREBON, JAWA BARAT , KUNINGAN , CIDAHU , CIHIDEUNG HILIR (CIHIDEUNGHILIR) 
CIREBON, JAWA BARAT , KUNINGAN , LEBAKWANGI , MANGGARI 
CIREBON, JAWA BARAT , KUNINGAN , DARMA , DARMA 
CIREBON, JAWA BARAT , KUNINGAN , CIGUGUR , SUKAMULYA 
CIREBON, JAWA BARAT , KUNINGAN , CIBEUREUM , CIBEUREUM 
CIREBON, JAWA BARAT , KUNINGAN , KRAMATMULYA (KRAMAT MULYA) , CIKASO 
CIREBON, JAWA BARAT , KUNINGAN , KRAMATMULYA (KRAMAT MULYA) , CILOWA 
CIREBON, JAWA BARAT , KUNINGAN , MALEBER , MANDALAJAYA 
CIREBON, JAWA BARAT , KUNINGAN , CIDAHU , LEGOK 
CIREBON, JAWA BARAT , KUNINGAN , CIGUGUR , CIGUGUR 
CIREBON, JAWA BARAT , KUNINGAN , KADUGEDE , WINDUJANTEN 
CIREBON, JAWA BARAT , KUNINGAN , MANDIRANCAN , CIREA 
CIREBON, JAWA BARAT , KUNINGAN , KRAMATMULYA (KRAMAT MULYA) , KALAPAGUNUNG 
CIREBON, JAWA BARAT , KUNINGAN , CIGANDAMEKAR , TIMBANG 
CIREBON, JAWA BARAT , KUNINGAN , CIPICUNG , SUSUKAN 
CIREBON, JAWA BARAT , KUNINGAN , LURAGUNG , CIRAHAYU 
CIREBON, JAWA BARAT , KUNINGAN , CIDAHU , CIHIDEUNG GIRANG (CIHIDEUNGGIRANG) 
CIREBON, JAWA BARAT , KUNINGAN , MANDIRANCAN , MANDIRANCAN 
CIREBON, JAWA BARAT , MAJALENGKA , MAJA , MAJA SELATAN 
CIREBON, JAWA BARAT , MAJALENGKA , LEUWIMUNDING , LEUWIMUNDING 
CIREBON, JAWA BARAT , MAJALENGKA , JATIWANGI , CIBOLERANG (CIBORELANG) 
CIREBON, JAWA BARAT , MAJALENGKA , MAJALENGKA , MAJALENGKA WETAN 
CIREBON, JAWA BARAT , MAJALENGKA , DAWUAN , BOJONGCIDERES 
CIREBON, JAWA BARAT , MAJALENGKA , JATIWANGI , MEKARSARI 
CIREBON, JAWA BARAT , MAJALENGKA , KASOKANDEL , GANDASARI 
CIREBON, JAWA BARAT , MAJALENGKA , KADIPATEN , KADIPATEN 
CIREBON, JAWA BARAT , MAJALENGKA , PANYINGKIRAN , PANYINGKIRAN 
CIREBON, JAWA BARAT , MAJALENGKA , RAJAGALUH , RAJAGALUH LOR 
CIREBON, JAWA BARAT , MAJALENGKA , TALAGA , TALAGA KULON (TALAGAKULON) 
CIREBON, JAWA BARAT , MAJALENGKA , LIGUNG , LIGUNG 
CIREBON, JAWA BARAT , MAJALENGKA , MAJA , MAJA UTARA 
CIREBON, JAWA BARAT , MAJALENGKA , LEUWIMUNDING , LAME 
CIREBON, JAWA BARAT , MAJALENGKA , JATIWANGI , JATIWANGI 
CIREBON, JAWA BARAT , MAJALENGKA , JATIWANGI , SURAWANGI 
CIREBON, JAWA BARAT , MAJALENGKA , CIGASONG , CIGASONG 
CIREBON, JAWA BARAT , MAJALENGKA , JATITUJUH , BIYAWAK 
CIREBON, JAWA BARAT , MAJALENGKA , MAJA , PANIIS 
CIREBON, JAWA BARAT , MAJALENGKA , PALASAH , PALASAH 
CIREBON, JAWA BARAT , MAJALENGKA , RAJAGALUH , RAJAGALUH KIDUL 
CIREBON, JAWA BARAT , MAJALENGKA , MAJALENGKA , SINDANGKASIH 
CIREBON, JAWA BARAT , MAJALENGKA , JATITUJUH , JATITUJUH 
CIREBON, JAWA BARAT , MAJALENGKA , JATIWANGI , BURUJUL WETAN 
CIREBON, JAWA BARAT , MAJALENGKA , KERTAJATI , KERTAJATI 
CIREBON, JAWA BARAT , MAJALENGKA , KERTAJATI , PAKUBEUREUM 
CIREBON, JAWA BARAT , MAJALENGKA , KASOKANDEL , KASOKANDEL 
CIREBON, JAWA BARAT , MAJALENGKA , MAJALENGKA , MAJALENGKA KULON 
CIREBON, JAWA BARAT , MAJALENGKA , SUKAHAJI , SUKAHAJI 
CIREBON, JAWA BARAT , MAJALENGKA , SUMBERJAYA , RANCAPUTAT 
CIREBON, JAWA BARAT , MAJALENGKA , SUKAHAJI , TANJUNGSARI 
CIREBON, JAWA BARAT , MAJALENGKA , PALASAH , SINDANGWASA 
CIREBON, JAWA BARAT , MAJALENGKA , CIGASONG , CICENANG 
CIREBON, JAWA BARAT , MAJALENGKA , RAJAGALUH , RAJAGALUH 
CIREBON, JAWA BARAT , MAJALENGKA , KASOKANDEL , GUNUNGSARI 
CIREBON, JAWA BARAT , MAJALENGKA , SUMBERJAYA , PANINGKIRAN 
CIREBON, JAWA BARAT , MAJALENGKA , JATIWANGI , PINANGRAJA 
CIREBON, JAWA BARAT , MAJALENGKA , CINGAMBUL , NAGARAKEMBANG 
CIREBON, JAWA BARAT , MAJALENGKA , CIKIJING , BANJARANSARI 
CIREBON, JAWA BARAT , MAJALENGKA , JATITUJUH , SUMBER KULON 
CIREBON, JAWA BARAT , MAJALENGKA , LIGUNG , LIGUNG LOR 
CIREBON, JAWA BARAT , MAJALENGKA , PALASAH , WARINGIN 
CIREBON, JAWA BARAT , MAJALENGKA , CIKIJING , SINDANG 
CIREBON, JAWA BARAT , MAJALENGKA , SUMBERJAYA , SUMBERJAYA 
CIREBON, JAWA BARAT , MAJALENGKA , SUMBERJAYA , GARAWANGI 
CIREBON, JAWA BARAT , MAJALENGKA , JATIWANGI , JATISURA 
CIREBON, JAWA BARAT , MAJALENGKA , LIGUNG , BANTARWARU 
CIREBON, JAWA BARAT , MAJALENGKA , BANTARUJEG , BANTARUJEG 
CIREBON, JAWA BARAT , MAJALENGKA , SUKAHAJI , CIKALONG 
CIREBON, JAWA BARAT , MAJALENGKA , LIGUNG , LEUWEUNGHAPIT 
CIREBON, JAWA BARAT , MAJALENGKA , SINDANGWANGI , SINDANGWANGI 
CIREBON, JAWA BARAT , MAJALENGKA , SUMBERJAYA , LOJIKOBONG (LOJI KOBONG) 
CIREBON, JAWA BARAT , MAJALENGKA , JATIWANGI , SUKARAJA WETAN 
CIREBON, JAWA BARAT , MAJALENGKA , PALASAH , CISAMBENG 
CIREBON, JAWA BARAT , MAJALENGKA , DAWUAN , GENTENG 
CIREBON, JAWA BARAT , MAJALENGKA , SUMBERJAYA , PANJALIN KIDUL 
CIREBON, JAWA BARAT , MAJALENGKA , KASOKANDEL , LEUWIKIDANG 
CIREBON, JAWA BARAT , MAJALENGKA , SINDANGWANGI , LENGKONG WETAN (LENGKONGWETAN) 
CIREBON, JAWA BARAT , MAJALENGKA , LEUWIMUNDING , PARUNGJAYA 
CIREBON, JAWA BARAT , MAJALENGKA , LIGUNG , GANDAWESI 
CIREBON, JAWA BARAT , MAJALENGKA , CINGAMBUL , CINGAMBUL 
CIREBON, JAWA BARAT , MAJALENGKA , TALAGA , TALAGA WETAN (TALAGAWETAN) 
CIREBON, JAWA BARAT , MAJALENGKA , KERTAJATI , BANTARJATI 
CIREBON, JAWA BARAT , MAJALENGKA , MAJALENGKA , TONJONG 
CIREBON, JAWA BARAT , MAJALENGKA , KADIPATEN , HEULEUT 
CIREBON, JAWA BARAT , MAJALENGKA , CIKIJING , CIKIJING 
CIREBON, JAWA BARAT , MAJALENGKA , SUMBERJAYA , BONGAS KULON 
CIREBON, JAWA BARAT , MAJALENGKA , DAWUAN , DAWUAN 
CIREBON, JAWA BARAT , MAJALENGKA , DAWUAN , BATURUYUK 
CIREBON, JAWA BARAT , MAJALENGKA , KERTAJATI , BABAKAN 
CIREBON, JAWA BARAT , PANGANDARAN , PANGANDARAN , PANGANDARAN 
CIREBON, JAWA BARAT , PANGANDARAN , PANGANDARAN , PANANJUNG 
CIREBON, JAWA BARAT , PANGANDARAN , CIJULANG , KONDANGJAJAR 
CIREBON, JAWA BARAT , PANGANDARAN , KALIPUCANG , KALIPUCANG 
CIREBON, JAWA BARAT , PANGANDARAN , PANGANDARAN , WONOHARJO 
CIREBON, JAWA BARAT , PANGANDARAN , PANGANDARAN , BABAKAN 
CIREBON, JAWA BARAT , PANGANDARAN , KALIPUCANG , TUNGGILIS 
CIREBON, JAWA BARAT , PANGANDARAN , PADAHERANG , KARANGPAWITAN 
CIREBON, JAWA BARAT , PANGANDARAN , PARIGI , PARIGI 
CIREBON, JAWA BARAT , PANGANDARAN , SIDAMULIH , CIKEMBULAN 
CIREBON, JAWA BARAT , PANGANDARAN , CIJULANG , CIJULANG 
CIREBON, JAWA BARAT , PANGANDARAN , CIMERAK , LEGOKJAWA 
CIREBON, JAWA BARAT , PANGANDARAN , CIMERAK , CIMERAK 
CIREBON, JAWA BARAT , PANGANDARAN , MANGUNJAYA , MANGUNJAYA 
CIREBON, JAWA BARAT , PANGANDARAN , PADAHERANG , CIGANJENG 
CIREBON, JAWA BARAT , PANGANDARAN , PARIGI , CIBENDA 
CIREBON, JAWA BARAT , PANGANDARAN , PADAHERANG , PADAHERANG 
CIREBON, JAWA BARAT , PANGANDARAN , PARIGI , KARANGBENDA 
CIREBON, JAWA BARAT , PANGANDARAN , PARIGI , CINTARATU 
CIREBON, JAWA TENGAH , PEMALANG , RANDUDONGKAL , RANDUDONGKAL 
CIREBON, JAWA TENGAH , PEMALANG , MOGA , BANYUMUDAL 
CIREBON, JAWA TENGAH , PEMALANG , PEMALANG , PELUTAN 
CIREBON, JAWA TENGAH , PEMALANG , COMAL , PURWOHARJO 
CIREBON, JAWA TENGAH , PEMALANG , PEMALANG , MULYOHARJO 
CIREBON, JAWA TENGAH , PEMALANG , COMAL , PURWOSARI 
CIREBON, JAWA TENGAH , PEMALANG , AMPELGADING , UJUNGGEDE 
CIREBON, JAWA TENGAH , PEMALANG , MOGA , MOGA 
CIREBON, JAWA TENGAH , PEMALANG , BELIK , BELIK 
CIREBON, JAWA TENGAH , PEMALANG , PETARUKAN , PETARUKAN 
CIREBON, JAWA TENGAH , PEMALANG , TAMAN , WANAREJAN UTARA 
CIREBON, JAWA TENGAH , PEMALANG , COMAL , SIDOREJO 
CIREBON, JAWA TENGAH , PEMALANG , TAMAN , WANAREJAN SELATAN 
CIREBON, JAWA TENGAH , PEMALANG , COMAL , LOWA 
CIREBON, JAWA TENGAH , PEMALANG , TAMAN , BEJI 
CIREBON, JAWA TENGAH , PEMALANG , AMPELGADING , JATIREJO 
CIREBON, JAWA TENGAH , PEMALANG , PEMALANG , SEWAKA 
CIREBON, JAWA TENGAH , PEMALANG , RANDUDONGKAL , KARANGMONCOL 
CIREBON, JAWA TENGAH , PEMALANG , BANTARBOLANG , PEGIRINGAN 
CIREBON, JAWA TENGAH , PEMALANG , PULOSARI , PULOSARI 
CIREBON, JAWA TENGAH , PEMALANG , RANDUDONGKAL , MEJAGONG 
CIREBON, JAWA TENGAH , PEMALANG , PETARUKAN , BULU 
CIREBON, JAWA TENGAH , PEMALANG , TAMAN , KALIGELANG 
CIREBON, JAWA TENGAH , PEMALANG , BELIK , SIKASUR 
CIREBON, JAWA TENGAH , PEMALANG , AMPELGADING , BANGLARANGAN 
CIREBON, JAWA TENGAH , PEMALANG , MOGA , SIMA 
CIREBON, JAWA TENGAH , PEMALANG , PEMALANG , BOJONGBATA 
CIREBON, JAWA TENGAH , PEMALANG , TAMAN , BANJARDAWA 
CIREBON, JAWA TENGAH , PEMALANG , PETARUKAN , KENDALSARI 
CIREBON, JAWA TENGAH , PEMALANG , COMAL , SARWODADI 
CIREBON, JAWA TENGAH , PEMALANG , COMAL , WONOKROMO 
CIREBON, JAWA TENGAH , PEMALANG , COMAL , KAUMAN 
CIREBON, JAWA TENGAH , PEMALANG , PETARUKAN , KENDALDOYONG 
CIREBON, JAWA TENGAH , PEMALANG , AMPELGADING , KARANGTALOK 
CIREBON, JAWA TENGAH , PEMALANG , ULUJAMI , MOJO 
CIREBON, JAWA TENGAH , PEMALANG , PETARUKAN , PEGUNDAN 
CIREBON, JAWA TENGAH , PEMALANG , TAMAN , ASEMDOYONG 
CIREBON, JAWA TENGAH , PEMALANG , WARUNGPRING , CIBUYUR 
CIREBON, JAWA TENGAH , PEMALANG , TAMAN , KEDUNGBANJAR 
CIREBON, JAWA TENGAH , PEMALANG , WARUNGPRING , WARUNGPRING 
CIREBON, JAWA TENGAH , PEMALANG , BODEH , MUNCANG 
CIREBON, JAWA TENGAH , PEMALANG , COMAL , AMBOKULON 
CIREBON, JAWA TENGAH , PEMALANG , PEMALANG , SUGIHWARAS 
CIREBON, JAWA TENGAH , PEMALANG , BANTARBOLANG , BANTARBOLANG 
CIREBON, JAWA TENGAH , PEMALANG , PEMALANG , KEBONDALEM 
CIREBON, JAWA TENGAH , PEMALANG , TAMAN , CIBELOK 
CIREBON, JAWA TENGAH , PEMALANG , PEMALANG , WIDURI 
CIREBON, JAWA TENGAH , PEMALANG , TAMAN , SOKAWANGI 
CIREBON, JAWA TENGAH , PEMALANG , TAMAN , TAMAN 
CIREBON, JAWA TENGAH , PEMALANG , ULUJAMI , KALIPRAU 
CIREBON, JAWA TENGAH , PEMALANG , RANDUDONGKAL , KALITORONG 
CIREBON, JAWA TENGAH , PEMALANG , PEMALANG , SURAJAYA 
CIREBON, JAWA TENGAH , PEMALANG , TAMAN , GONDANG 
CIREBON, JAWA TENGAH , PEMALANG , AMPELGADING , AMPELGADING 
CIREBON, JAWA TENGAH , PEMALANG , PULOSARI , GAMBUHAN 
CIREBON, JAWA TENGAH , PEMALANG , BODEH , KESESIREJO 
CIREBON, JAWA BARAT , SUMEDANG , SUMEDANG UTARA , KOTAKALER 
CIREBON, JAWA BARAT , SUMEDANG , SUMEDANG SELATAN , REGOLWETAN (REGOL WETAN) 
CIREBON, JAWA BARAT , SUMEDANG , CONGGEANG , CONGGEANG KULON 
CIREBON, JAWA BARAT , SUMEDANG , UJUNGJAYA , UJUNGJAYA 
CIREBON, JAWA BARAT , SUMEDANG , PASEH , PASEH KALER 
CIREBON, JAWA BARAT , SUMEDANG , SUMEDANG SELATAN , KOTAKULON 
CIREBON, JAWA BARAT , SUMEDANG , CIMALAKA , MANDALAHERANG 
CIREBON, JAWA BARAT , SUMEDANG , PASEH , PASEHKIDUL (PASEH KIDUL) 
CIREBON, JAWA BARAT , SUMEDANG , CIMALAKA , CIMALAKA 
CIREBON, JAWA BARAT , SUMEDANG , SUMEDANG UTARA , SITU 
CIREBON, JAWA BARAT , SUMEDANG , DARMARAJA , DARMARAJA 
CIREBON, JAWA BARAT , SUMEDANG , GANEAS , GANEAS 
CIREBON, JAWA BARAT , SUMEDANG , SUMEDANG UTARA , JATIMULYA 
CIREBON, JAWA BARAT , SUMEDANG , SUMEDANG UTARA , JATIHURIP 
CIREBON, JAWA BARAT , SUMEDANG , SUMEDANG SELATAN , CIHERANG 
CIREBON, JAWA BARAT , SUMEDANG , RANCAKALONG , SUKAHAYU 
CIREBON, JAWA BARAT , SUMEDANG , TOMO , TOMO 
CIREBON, JAWA BARAT , TASIKMALAYA , TAWANG , KAHURIPAN 
CIREBON, JAWA BARAT , TASIKMALAYA , BUNGURSARI , SUKAMULYA 
CIREBON, JAWA BARAT , TASIKMALAYA , CIPEDES , SUKAMANAH 
CIREBON, JAWA BARAT , TASIKMALAYA , CIHIDEUNG , ARGASARI 
CIREBON, JAWA BARAT , TASIKMALAYA , BUNGURSARI , BANTARSARI 
CIREBON, JAWA BARAT , TASIKMALAYA , CIPEDES , CIPEDES 
CIREBON, JAWA BARAT , TASIKMALAYA , TAWANG , CIKALANG 
CIREBON, JAWA BARAT , TASIKMALAYA , CIHIDEUNG , TUGUJAYA 
CIREBON, JAWA BARAT , TASIKMALAYA , CIHIDEUNG , CILEMBANG 
CIREBON, JAWA BARAT , TASIKMALAYA , CIBEUREUM , KOTA BARU (KOTABARU) 
CIREBON, JAWA BARAT , TASIKMALAYA , MANGKUBUMI , SAMBONGJAYA 
CIREBON, JAWA BARAT , TASIKMALAYA , CIPEDES , PANGLAYPANGLAYUNGAN 
CIREBON, JAWA BARAT , TASIKMALAYA , MANGKUBUMI , SAMBONGPARI 
CIREBON, JAWA BARAT , TASIKMALAYA , PURBARATU , SUKANAGARA 
CIREBON, JAWA BARAT , TASIKMALAYA , MANGKUBUMI , CIPARI 
CIREBON, JAWA BARAT , TASIKMALAYA , CIHIDEUNG , YUDANAGARA 
CIREBON, JAWA BARAT , TASIKMALAYA , TAMANSARI , MULYASARI 
CIREBON, JAWA BARAT , TASIKMALAYA , KAWALU , KERSAMENAK (KARSAMENAK) 
CIREBON, JAWA BARAT , TASIKMALAYA , MANGKUBUMI , MANGKUBUMI 
CIREBON, JAWA BARAT , TASIKMALAYA , INDIHIANG , SIRNAGALIH 
CIREBON, JAWA BARAT , TASIKMALAYA , KAWALU , GUNUNG GEDE (GUNUNGGEDE) 
CIREBON, JAWA BARAT , TASIKMALAYA , INDIHIANG , SUKAMAJU KALER (SUKAMAJUKALER) 
CIREBON, JAWA BARAT , TASIKMALAYA , INDIHIANG , INDIHIANG 
CIREBON, JAWA BARAT , TASIKMALAYA , CIHIDEUNG , TUGURAJA 
CIREBON, JAWA BARAT , TASIKMALAYA , TAWANG , EMPANGSARI 
CIREBON, JAWA BARAT , TASIKMALAYA , MANGKUBUMI , LINGGAJAYA 
CIREBON, JAWA BARAT , TASIKMALAYA , INDIHIANG , PANYINGKIRAN 
CIREBON, JAWA BARAT , TASIKMALAYA , TAWANG , TAWANGSARI 
CIREBON, JAWA BARAT , TASIKMALAYA , CIBEUREUM , AWIPARI 
CIREBON, JAWA BARAT , TASIKMALAYA , CIPEDES , NAGARASARI 
CIREBON, JAWA TENGAH , TEGAL , ADIWERNA , LEMAHDUWUR 
CIREBON, JAWA TENGAH , TEGAL , TEGTEGAL BARAT , KRATON 
CIREBON, JAWA TENGAH , TEGAL , LEBAKSIU , LEBAKSIU LOR 
CIREBON, JAWA TENGAH , TEGAL , BALAPULANG , BALAPULANG KULON 
CIREBON, JAWA TENGAH , TEGAL , SLAWI , SLAWI WETAN 
CIREBON, JAWA TENGAH , TEGAL , SLAWI , SLAWI KULON 
CIREBON, JAWA TENGAH , TEGAL , KRAMAT , MEJASEM BARAT 
CIREBON, JAWA TENGAH , TEGAL , TEGTEGAL BARAT , TEGALSARI 
CIREBON, JAWA TENGAH , TEGAL , MARGADANA , SUMURPANGGANG 
CIREBON, JAWA TENGAH , TEGAL , TEGAL TIMUR , KEJAMBON 
CIREBON, JAWA TENGAH , TEGAL , SLAWI , PAKEMBARAN 
CIREBON, JAWA TENGAH , TEGAL , DUKUHTURI , PENGABEAN 
CIREBON, JAWA TENGAH , TEGAL , TALANG , PEGIRIKAN 
CIREBON, JAWA TENGAH , TEGAL , PANGKAH , BOGARES KIDUL 
CIREBON, JAWA TENGAH , TEGAL , TEGAL SELATAN , RANDUGUNTING 
CIREBON, JAWA TENGAH , TEGAL , TEGAL TIMUR , PANGGUNG 
CIREBON, JAWA TENGAH , TEGAL , DUKUHTURI , PEKAUMAN KULON 
CIREBON, JAWA TENGAH , TEGAL , TEGAL TIMUR , MINTARAGEN 
CIREBON, JAWA TENGAH , TEGAL , ADIWERNA , PPESAREAN 
CIREBON, JAWA TENGAH , TEGAL , SURADADI (SURODADI) , SURADADI 
CIREBON, JAWA TENGAH , TEGAL , BOJONG , BOJONG 
CIREBON, JAWA TENGAH , TEGAL , DUKUHTURI , SUTAPRANAN 
CIREBON, JAWA TENGAH , TEGAL , KRAMAT , DAMPYAK 
CIREBON, JAWA TENGAH , TEGAL , SLAWI , TRAYEMAN 
CIREBON, JAWA TENGAH , TEGAL , DUKUHTURI , PAGONGAN 
CIREBON, JAWA TENGAH , TEGAL , TALANG , CANGKRING 
CIREBON, JAWA TENGAH , TEGAL , ADIWERNA , PAGEDANGAN 
CIREBON, JAWA TENGAH , TEGAL , DUKUHWARU , BLUBUK 
CIREBON, JAWA TENGAH , TEGAL , PANGKAH , PENUSUPAN 
CIREBON, JAWA TENGAH , TEGAL , BUMIJAWA , BUMIJAWA 
CIREBON, JAWA TENGAH , TEGAL , TARUB , KARANGJATI 
CIREBON, JAWA TENGAH , TEGAL , PANGKAH , BALAMOA 
CIREBON, JAWA TENGAH , TEGAL , BOJONG , REMBUL 
CIREBON, JAWA TENGAH , TEGAL , PANGKAH , CURUG 
CIREBON, JAWA TENGAH , TEGAL , BALAPULANG , BALAPULANG WETAN 
CIREBON, JAWA TENGAH , TEGAL , SLAWI , PROCOT 
CIREBON, JAWA TENGAH , TEGAL , KRAMAT , KEMANTRAN 
CIREBON, JAWA TENGAH , TEGAL , DUKUHTURI , GROGOL 
CIREBON, JAWA TENGAH , TEGAL , TEGAL TIMUR , MANGKUKUSUMAN 
CIREBON, JAWA TENGAH , TEGAL , KEDUNGBANTENG (KEDUNG BANTENG) , TONGGARA 
CIREBON, JAWA TENGAH , TEGAL , TALANG , LANGGEN 
CIREBON, JAWA TENGAH , TEGAL , KRAMAT , BABAKAN 
CIREBON, JAWA TENGAH , TEGAL , DUKUHTURI , BANDASARI 
CIREBON, JAWA TENGAH , TEGAL , PAGERBARANG , RANDUSARI 
CIREBON, JAWA TENGAH , TEGAL , SLAWI , KALISAPU 
CIREBON, JAWA TENGAH , TEGAL , TEGAL TIMUR , SLEROK 
CIREBON, JAWA TENGAH , TEGAL , WARUREJA (WARUREJO) , KEDUNGKELOR 
CIREBON, JAWA TENGAH , TEGAL , PANGKAH , GROBOG KULON 
CIREBON, JAWA TENGAH , TEGAL , LEBAKSIU , DUKUHLO 
CIREBON, JAWA TENGAH , TEGAL , DUKUHWARU , GUMAYUN 
CIREBON, JAWA TENGAH , TEGAL , TARUB , KEDOKANSAYANG (KEDOKAN SAYANG) 
CIREBON, JAWA TENGAH , TEGAL , SURADADI (SURODADI) , PURWAHAMBA 
CIREBON, JAWA TENGAH , TEGAL , ADIWERNA , ADIWERNA 
CIREBON, JAWA TENGAH , TEGAL , ADIWERNA , KALIWADAS 
CIREBON, JAWA TENGAH , TEGAL , PAGERBARANG , SUROKIDUL 
CIREBON, JAWA TENGAH , TEGAL , TALANG , TEGALWANGI 
CIREBON, JAWA TENGAH , TEGAL , MARGASARI , PRUPUK UTARA 
CIREBON, JAWA TENGAH , TEGAL , MARGASARI , KARANGDAWA 
CIREBON, JAWA TENGAH , TEGAL , LEBAKSIU , KESUBEN 
CIREBON, JAWA TENGAH , TEGAL , KRAMAT , MEJASEM TIMUR 
CIREBON, JAWA TENGAH , TEGAL , DUKUHTURI , KEPANDEAN 
CIREBON, JAWA TENGAH , TEGAL , KRAMAT , BANGUN GALIH 
CIREBON, JAWA TENGAH , TEGAL , DUKUHTURI , DUKUHTURI 
CIREBON, JAWA TENGAH , TEGAL , ADIWERNA , PAGIYANTEN 
CIREBON, JAWA TENGAH , TEGAL , TARUB , BREKAT 
CIREBON, JAWA TENGAH , TEGAL , PANGKAH , KALIKANGKUNG 
CIREBON, JAWA TENGAH , TEGAL , PAGERBARANG , PAGERBARANG 
CIREBON, JAWA TENGAH , TEGAL , ADIWERNA , UJUNGRUSI 
CIREBON, JAWA TENGAH , TEGAL , ADIWERNA , PENARUKAN 
CIREBON, JAWA TENGAH , TEGAL , ADIWERNA , TEMBOK BANJARAN 
CIREBON, JAWA TENGAH , TEGAL , TARUB , KALIJAMBE 
CIREBON, JAWA TENGAH , TEGAL , MARGASARI , MARGASARI 
CIREBON, JAWA TENGAH , TEGAL , SURADADI (SURODADI) , HARJASARI 
CIREBON, JAWA TENGAH , TEGAL , TARUB , LEBETENG 
CIREBON, JAWA TENGAH , TEGAL , KRAMAT , MARIBAYA 
CIREBON, JAWA TENGAH , TEGAL , SURADADI (SURODADI) , GEMBONGDADI 
CIREBON, JAWA TENGAH , TEGAL , TEGTEGAL BARAT , PEKAUMAN 
CIREBON, JAWA TENGAH , TEGAL , TEGAL SELATAN , KALINYAMAT WETAN 
CIREBON, JAWA TENGAH , TEGAL , MARGADANA , MARGADANA 
CIREBON, JAWA TENGAH , TEGAL , TEGAL SELATAN , DEBONG KULON 
CIREBON, JAWA TENGAH , TEGAL , SURADADI (SURODADI) , KERTASARI 
CIREBON, JAWA TENGAH , TEGAL , WARUREJA (WARUREJO) , SUKAREJA 
CIREBON, JAWA TENGAH ,  , SURADADI (SURODADI) , SIDAHARJA (SIDOHARJO) 
BOGOR 2, JAWA BARAT , BEKASI , JATISAMPURNA (JATI SAMPURNA) , JATIKARYA 
BOGOR 2, JAWA BARAT , BEKASI , JATISAMPURNA (JATI SAMPURNA) , JATIRANGGON 
BOGOR 2, JAWA BARAT , BEKASI , JATISAMPURNA (JATI SAMPURNA) , JATIRANGGA 
BOGOR 2, JAWA BARAT , BEKASI , JATISAMPURNA (JATI SAMPURNA) , JATISAMPURNA 
BOGOR 2, JAWA BARAT , BEKASI , JATISAMPURNA (JATI SAMPURNA) , JATIRADEN 
BOGOR 2, JAWA BARAT , BOGOR , GUNUNG PUTRI , BOJONG KULUR 
BOGOR 2, JAWA BARAT , BOGOR , CILEUNGSI , CILEUNGSI KIDUL 
BOGOR 2, JAWA BARAT , BOGOR , CILEUNGSI , LIMUSNUNGGAL (LIMUS NUNGGAL) 
BOGOR 2, JAWA BARAT , BOGOR , CIBINONG , CIRIUNG 
BOGOR 2, JAWA BARAT , BOGOR , GUNUNG PUTRI , TLAJUNG UDIK 
BOGOR 2, JAWA BARAT , BOGOR , BOJONG GEDE (BOJONGGEDE) , KEDUNGWARINGIN (KEDUNG WARINGIN) 
BOGOR 2, JAWA BARAT , BOGOR , JONGGOL , SUKAMAJU 
BOGOR 2, JAWA BARAT , BOGOR , TAJURHALANG , SASAK PANJANG 
BOGOR 2, JAWA BARAT , BOGOR , LEUWILIANG , CIBEBER I (CIBEBER 1) 
BOGOR 2, JAWA BARAT , BOGOR , CIBINONG , KARADENAN 
BOGOR 2, JAWA BARAT , BOGOR , CIBINONG , PABUARAN 
BOGOR 2, JAWA BARAT , BOGOR , CIBINONG , HARAPANJAYA (HARAPAN JAYA) 
BOGOR 2, JAWA BARAT , BOGOR , TAJURHALANG , TAJURHALANG (TAJUR HALANG) 
BOGOR 2, JAWA BARAT , BOGOR , CITEUREUP , KARANG ASEM BARAT 
BOGOR 2, JAWA BARAT , BOGOR , CITEUREUP , LEUWINUTUG 
BOGOR 2, JAWA BARAT , BOGOR , BOJONG GEDE (BOJONGGEDE) , CIMANGGIS 
BOGOR 2, JAWA BARAT , BOGOR , CIBINONG , TENGAH 
BOGOR 2, JAWA BARAT , BOGOR , CIBINONG , NANGGEWER 
BOGOR 2, JAWA BARAT , BOGOR , BOJONG GEDE (BOJONGGEDE) , BOJONGGEDE (BOJONG GEDE) 
BOGOR 2, JAWA BARAT , BOGOR , CARIU , CARIU 
BOGOR 2, JAWA BARAT , BOGOR , GUNUNG PUTRI , GUNUNG PUTRI 
BOGOR 2, JAWA BARAT , BOGOR , CILEUNGSI , GANDOANG 
BOGOR 2, JAWA BARAT , BOGOR , BOJONG GEDE (BOJONGGEDE) , PABUARAN 
BOGOR 2, JAWA BARAT , BOGOR , CIBINONG , CIRIMEKAR 
BOGOR 2, JAWA BARAT , BOGOR , TANJUNGSARI , SIRNASARI 
BOGOR 2, JAWA BARAT , BOGOR , CILEUNGSI , CIPEUCANG 
BOGOR 2, JAWA BARAT , BOGOR , TAJURHALANG , KALISUREN 
BOGOR 2, JAWA BARAT , BOGOR , CITEUREUP , TARIKOLOT 
BOGOR 2, JAWA BARAT , BOGOR , GUNUNG PUTRI , KARANGGAN 
BOGOR 2, JAWA BARAT , BOGOR , GUNUNG PUTRI , WANAHERANG 
BOGOR 2, JAWA BARAT , BOGOR , KLAPANUNGGAL , KLAPANUNGGAL 
BOGOR 2, JAWA BARAT , BOGOR , BOJONG GEDE (BOJONGGEDE) , RAWAPANJANG (RAWA PANJANG) 
BOGOR 2, JAWA BARAT , BOGOR , GUNUNG PUTRI , CIANGSANA 
BOGOR 2, JAWA BARAT , BOGOR , BOJONG GEDE (BOJONGGEDE) , WARINGINJAYA (WARINGIN JAYA) 
BOGOR 2, JAWA BARAT , BOGOR , JASINGA , JASINGA 
BOGOR 2, JAWA BARAT , BOGOR , LEUWILIANG , LEUWILIANG 
BOGOR 2, JAWA BARAT , BOGOR , CILEUNGSI , PASIRANGIN (PASIR ANGIN) 
BOGOR 2, JAWA BARAT , BOGOR , CILEUNGSI , DAYEUH 
BOGOR 2, JAWA BARAT , BOGOR , KLAPANUNGGAL , BOJONG 
BOGOR 2, JAWA BARAT , BOGOR , KLAPANUNGGAL , KEMBANG KUNING 
BOGOR 2, JAWA BARAT , BOGOR , CIBUNGBULANG , CEMPLANG 
BOGOR 2, JAWA BARAT , BOGOR , BOJONG GEDE (BOJONGGEDE) , RAGAJAYA 
BOGOR 2, JAWA BARAT , BOGOR , CITEUREUP , PUSPANEGARA 
BOGOR 2, JAWA BARAT , BOGOR , BOJONG GEDE (BOJONGGEDE) , BOJONGBARU (BOJONG BARU) 
BOGOR 2, JAWA BARAT , BOGOR , CIGUDEG , CIGUDEG 
BOGOR 2, JAWA BARAT , BOGOR , LEUWISADENG , KALONG I (KALONG 1) 
BOGOR 2, JAWA BARAT , BOGOR , CITEUREUP , PUSPASPUSPASARI 
BOGOR 2, JAWA BARAT , BOGOR , CILEUNGSI , CIPENJO 
BOGOR 2, JAWA BARAT , BOGOR , PAMIJAHAN , GUNUNGSARI (GUNUNG SARI) 
BOGOR 2, JAWA BARAT , BOGOR , CIBINONG , PAKANSARI 
BOGOR 2, JAWA BARAT , BOGOR , PAMIJAHAN , CIBENING 
BOGOR 2, JAWA BARAT , BOGOR , GUNUNG PUTRI , CICADAS 
BOGOR 2, JAWA BARAT , BOGOR , GUNUNG PUTRI , CIKEAS UDIK 
BOGOR 2, JAWA BARAT , BOGOR , CIBINONG , SUKAHATI 
BOGOR 2, JAWA BARAT , BOGOR , CILEUNGSI , SITUSARI (SETU SARI) 
BOGOR 2, JAWA BARAT , BOGOR , CIBUNGBULANG , SITU ILIR 
BOGOR 2, JAWA BARAT , BOGOR , PAMIJAHAN , CIASMARA 
BOGOR 2, JAWA BARAT , BOGOR , NANGGUNG , BANTARKARET (BANTAR KARET) 
BOGOR 2, JAWA BARAT , BOGOR , JASINGA , KALONGSAWAH 
BOGOR 2, JAWA BARAT , BOGOR , JONGGOL , JONGGOL 
BOGOR 2, JAWA BARAT , BOGOR , TANJUNGSARI , TANJUNGRASA 
BOGOR 2, JAWA BARAT , BOGOR , GUNUNG PUTRI , BOJONG NANGKA 
BOGOR 2, JAWA BARAT , BOGOR , JASINGA , PAMAGERSARI 
BOGOR 2, JAWA BARAT , BOGOR , GUNUNG PUTRI , NAGRAK (NAGRAG) 
BOGOR 2, JAWA BARAT , BOGOR , CITEUREUP , CITEUREUP 
BOGOR 2, JAWA BARAT , BOGOR , PAMIJAHAN , PAMIJAHAN 
BOGOR 2, JAWA BARAT , BOGOR , CILEUNGSI , MEKARSARI 
BOGOR 2, JAWA BARAT , BOGOR , CITEUREUP , SANJA 
BOGOR 2, JAWA BARAT , BOGOR , CIBUNGBULANG , SITU UDIK 
BOGOR 2, JAWA BARAT , BOGOR , LEUWISADENG , LEUWISADENG 
BOGOR 2, JAWA BARAT , BOGOR , TANJUNGSARI , PASIR TANJUNG 
BOGOR 2, JAWA BARAT , BOGOR , LEUWILIANG , LEUWIMEKAR 
BOGOR 2, JAWA BARAT , BOGOR , CILEUNGSI , MAMPIR 
BOGOR 2, JAWA BARAT , BOGOR , CILEUNGSI , CILEUNGSI 
BOGOR 2, JAWA BARAT , BOGOR , PAMIJAHAN , CIMAYANG 
BOGOR 2, JAWA BARAT , BOGOR , PAMIJAHAN , GUNUNG PICUNG 
BOGOR 2, JAWA BARAT , BOGOR , CARIU , TEGALPANJANG (TEGAL PANJANG) 
BOGOR 2, JAWA BARAT , BOGOR , CIGUDEG , BUNAR 
BOGOR 2, JAWA BARAT , BOGOR , CIBINONG , PONDOK RAJEG 
BOGOR 2, JAWA BARAT , BOGOR , NANGGUNG , NANGGUNG 
BOGOR 2, JAWA BARAT , BOGOR , LEUWILIANG , KAREHKEL 
BOGOR 2, JAWA BARAT , BOGOR , JONGGOL , SINGAJAYA 
BOGOR 2, JAWA BARAT , BOGOR , CIGUDEG , RENGASJAJAR 
BOGOR 2, JAWA BARAT , BOGOR , LEUWISADENG , SIBANTENG 
BOGOR 2, JAWA BARAT , BOGOR , CIBUNGBULANG , LEUWEUNGKOLOT (LEUWEUNG KOLOT) 
BOGOR 2, JAWA BARAT , BOGOR , KLAPANUNGGAL , CIKAHURIPAN 
BOGOR 2, JAWA BARAT , BOGOR , CIBUNGBULANG , GIRIMULYA 
BOGOR 2, JAWA BARAT , BOGOR , BOJONG GEDE (BOJONGGEDE) , SUSUKAN 
BOGOR 2, JAWA BARAT , BOGOR , CIGUDEG , MEKARJAYA 
BOGOR 2, JAWA BARAT , BOGOR , LEUWILIANG , PURASEDA 
BOGOR 2, JAWA BARAT , BOGOR , CIBINONG , NANGGEWER MEKAR 
BOGOR 2, JAWA BARAT , BOGOR , JONGGOL , SUKASIRNA 
BOGOR 2, JAWA BARAT , BOGOR , CIBUNGBULANG , CIMANGGU I (CIMANGGU 1) 
BOGOR 2, JAWA BARAT , BOGOR , TANJUNGSARI , TANJUNGSARI 
BOGOR 2, JAWA BARAT , BOGOR , CIBUNGBULANG , CIBATOK I (CIBATOK 1) 
BOGOR 2, JAWA BARAT , BOGOR , CIBUNGBULANG , DUKUH 
BOGOR 2, JAWA BARAT , BOGOR , CITEUREUP , PASIRMUKTI (PASIR MUKTI) 
BOGOR 2, JAWA BARAT , BOGOR , SUKAMAKMUR , SUKAMAKMUR 
BOGOR 2, JAWA BARAT , BOGOR , KLAPANUNGGAL , LULUT 
BOGOR 2, JAWA BARAT , BOGOR , TAJURHALANG , CITAYAM 
BOGOR 2, JAWA BARAT , BOGOR , CIBUNGBULANG , SUKAMAJU 
BOGOR 2, JAWA BARAT , BOGOR , SUKAMAKMUR , CIBADAK 
BOGOR 2, JAWA BARAT , BOGOR , LEUWISADENG , SADENG 
BOGOR 2, JAWA BARAT , BOGOR , CIBINONG , CIBINONG 
BOGOR 2, JAWA BARAT , BOGOR , NANGGUNG , PARAKANMUNCANG (PARAKAN MUNCANG) 
BOGOR 2, JAWA BARAT , BOGOR , KLAPANUNGGAL , NAMBO 
BOGOR 2, JAWA BARAT , BOGOR , JONGGOL , SIRNAGALIH 
BOGOR 2, JAWA BARAT , BOGOR , JONGGOL , SUKAMANAH 
BOGOR 2, JAWA BARAT , BOGOR , NANGGUNG , CISARUA 
BOGOR 2, JAWA BARAT , BOGOR , CIGUDEG , BANGUNJAYA 
BOGOR 2, JAWA BARAT , BOGOR , CIBUNGBULANG , CIMANGGU II (CIMANGGU 2) 
BOGOR 2, JAWA BARAT , BOGOR , JONGGOL , CIBODAS 
BOGOR 2, JAWA BARAT , BOGOR , CIGUDEG , ARGAPURA 
BOGOR 2, JAWA BARAT , BOGOR , CARIU , BABAKANRADEN (BABAKAN RADEN) 
BOGOR 2, JAWA BARAT , BOGOR , SUKAJAYA , SUKAJAYA 
BOGOR 2, JAWA BARAT , BOGOR , JASINGA , BAGOANG 
BOGOR 2, JAWA BARAT , BOGOR , NANGGUNG , CURUGBITUNG (CURUG BITUNG) 
BOGOR 2, JAWA BARAT , BOGOR , SUKAMAKMUR , SIRNAJAYA 
BOGOR 2, JAWA BARAT , BOGOR , JASINGA , SETU 
BOGOR 2, JAWA BARAT , BOGOR , CITEUREUP , TAJUR 
BOGOR 2, JAWA BARAT , BOGOR , TAJURHALANG , TONJONG 
BOGOR 2, JAWA BARAT , BOGOR , SUKAMAKMUR , PABUARAN 
BOGOR 2, JAWA BARAT , BOGOR , JASINGA , SIPAK 
BOGOR 2, JAWA BARAT , BOGOR , SUKAJAYA , SIPAYUNG 
BOGOR 2, JAWA BARAT , BOGOR , TANJUNGSARI , SELAWANGI 
BOGOR 2, JAWA BARAT , BOGOR , LEUWISADENG , BABAKAN SADENG 
BOGOR 2, JAWA BARAT , BOGOR , CITEUREUP , TANGKIL 
BOGOR 2, JAWA BARAT , BOGOR , TAJURHALANG , NANGGERANG 
BOGOR 2, JAWA BARAT , BOGOR , KLAPANUNGGAL , CIKAHURIPAN 
BOGOR 2, JAWA BARAT , DEPOK , SUKMAJAYA , MEKAR JAYA (MEKARJAYA) 
BOGOR 2, JAWA BARAT , DEPOK , SUKMAJAYA , BAKTIJAYA 
BOGOR 2, JAWA BARAT , DEPOK , CINERE , PANGKALAN JATI 
BOGOR 2, JAWA BARAT , DEPOK , BEJI , BEJI 
BOGOR 2, JAWA BARAT , DEPOK , SUKMAJAYA , ABADI JAYA (ABADIJAYA) 
BOGOR 2, JAWA BARAT , DEPOK , PANCORAN MAS , PANCORAN MAS 
BOGOR 2, JAWA BARAT , DEPOK , SUKMAJAYA , SUKMAJAYA 
BOGOR 2, JAWA BARAT , DEPOK , TAPOS , SUKATANI 
BOGOR 2, JAWA BARAT , DEPOK , CIPAYUNG , CIPAYUNG 
BOGOR 2, JAWA BARAT , DEPOK , TAPOS , SUKAMAJU BARU 
BOGOR 2, JAWA BARAT , DEPOK , BEJI , PONDOK CINA 
BOGOR 2, JAWA BARAT , DEPOK , CIPAYUNG , PONDOK JAYA (PONDOKJAYA) 
BOGOR 2, JAWA BARAT , DEPOK , CIPAYUNG , BOJONG PONDOK TERONG 
BOGOR 2, JAWA BARAT , DEPOK , PANCORAN MAS , RANGKAPAN JAYA (RANGKAPANJAYA) 
BOGOR 2, JAWA BARAT , DEPOK , CIMANGGIS , CURUG 
BOGOR 2, JAWA BARAT , DEPOK , CINERE , GANDUL 
BOGOR 2, JAWA BARAT , DEPOK , CIMANGGIS , MEKARSARI 
BOGOR 2, JAWA BARAT , DEPOK , SUKMAJAYA , CISALAK 
BOGOR 2, JAWA BARAT , DEPOK , PANCORAN MAS , DEPOK JAYA 
BOGOR 2, JAWA BARAT , DEPOK , CILODONG , CILODONG 
BOGOR 2, JAWA BARAT , DEPOK , PANCORAN MAS , DEPOK 
BOGOR 2, JAWA BARAT , DEPOK , BEJI , BEJI TIMUR 
BOGOR 2, JAWA BARAT , DEPOK , CILODONG , SUKAMAJU 
BOGOR 2, JAWA BARAT , DEPOK , CIPAYUNG , RATU JAYA 
BOGOR 2, JAWA BARAT , DEPOK , CIMANGGIS , TUGU 
BOGOR 2, JAWA BARAT , DEPOK , BEJI , KUKUSAN 
BOGOR 2, JAWA BARAT , DEPOK , LIMO , KRUKUT 
BOGOR 2, JAWA BARAT , DEPOK , CILODONG , JATIMULYA 
BOGOR 2, JAWA BARAT , DEPOK , SUKMAJAYA , TIRTAJAYA 
BOGOR 2, JAWA BARAT , DEPOK , CILODONG , KALIMULYA 
BOGOR 2, JAWA BARAT , DEPOK , BOJONGSARI , PONDOK PETIR 
BOGOR 2, JAWA BARAT , DEPOK , TAPOS , JATIJAJAR 
BOGOR 2, JAWA BARAT , DEPOK , CIMANGGIS , HARJAMUKTI 
BOGOR 2, JAWA BARAT , DEPOK , BEJI , TANAH BARU 
BOGOR 2, JAWA BARAT , DEPOK , CIPAYUNG , CIPAYUNG JAYA 
BOGOR 2, JAWA BARAT , DEPOK , BEJI , KEMIRI MUKA 
BOGOR 2, JAWA BARAT , DEPOK , PANCORAN MAS , MAMPANG 
BOGOR 2, JAWA BARAT , DEPOK , SAWANGAN , SAWANGAN (LAMA) 
BOGOR 2, JAWA BARAT , DEPOK , PANCORAN MAS , RANGKAPAN JAYA BARU (RANGKAPANJAYA BARU) 
BOGOR 2, JAWA BARAT , DEPOK , CINERE , CINERE 
BOGOR 2, JAWA BARAT , DEPOK , TAPOS , TAPOS 
BOGOR 2, JAWA BARAT , DEPOK , TAPOS , CILANGKAP 
BOGOR 2, JAWA BARAT , DEPOK , BOJONGSARI , SERUA 
BOGOR 2, JAWA BARAT , DEPOK , LIMO , LIMO 
BOGOR 2, JAWA BARAT , DEPOK , BOJONGSARI , DUREN SERIBU 
BOGOR 2, JAWA BARAT , DEPOK , SAWANGAN , BEDAHAN 
BOGOR 2, JAWA BARAT , DEPOK , SAWANGAN , CINANGKA 
BOGOR 2, JAWA BARAT , DEPOK , CILODONG , KALIBARU 
BOGOR 2, JAWA BARAT , DEPOK , BOJONGSARI , BOJONGSARI BARU (BOJONG SARI BARU) 
BOGOR 2, JAWA BARAT , DEPOK , CIMANGGIS , PASIR GUNUNG SELATAN 
BOGOR 2, JAWA BARAT , DEPOK , TAPOS , CIMPAEUN 
BOGOR 2, JAWA BARAT , DEPOK , SAWANGAN , SAWANGAN BARU 
BOGOR 2, JAWA BARAT , DEPOK , SAWANGAN , PASIR PUTIH 
BOGOR 2, JAWA BARAT , DEPOK , BOJONGSARI , CURUG 
BOGOR 2, JAWA BARAT , DEPOK , BOJONGSARI , DUREN MEKAR 
BOGOR 2, JAWA BARAT , DEPOK , SAWANGAN , PENGASINAN (PENGASIHAN) 
BOGOR 2, JAWA BARAT , DEPOK , LIMO , MARUYUNG (MERUYUNG) 
BOGOR 2, JAWA BARAT , DEPOK , TAPOS , LEUWINANGGUNG 
BOGOR 2, JAWA BARAT , DEPOK , CINERE , PANGKALAN JATI BARU 
BOGOR 2, JAWA BARAT , DEPOK , SAWANGAN , KEDAUNG 
BOGOR 2, JAWA BARAT , DEPOK , LIMO , GROGOL 
BOGOR 2, JAWA BARAT , DEPOK , CIMANGGIS , CISALAK PASAR 
BOGOR 2, JAWA BARAT ,  , PANCORAN MAS , MAMPANG 
BOGOR 2, DKI JAKARTA , JAKARTA TIMUR , PASAR REBO , KALISARI 
BOGOR 2, DKI JAKARTA , JAKARTA TIMUR , CIRACAS , RAMBUTAN 
BOGOR 2, DKI JAKARTA , JAKARTA TIMUR , PASAR REBO , PEKAYON 
BOGOR 2, DKI JAKARTA , JAKARTA TIMUR , PASAR REBO , CIJANTUNG 
BOGOR 2, DKI JAKARTA , JAKARTA TIMUR , PASAR REBO , BARU 
BOGOR 2, DKI JAKARTA , JAKARTA TIMUR , CIRACAS , SUSUKAN 
BOGOR 2, DKI JAKARTA , JAKARTA TIMUR , CIRACAS , CIBUBUR 
BOGOR 2, DKI JAKARTA , JAKARTA TIMUR , CIRACAS , CIRACAS 
BOGOR 2, DKI JAKARTA , JAKARTA TIMUR , PASAR REBO , GEDONG 
BOGOR 2, DKI JAKARTA , JAKARTA TIMUR , CIRACAS , KELAPA DUA WETAN 
BOGOR 1, JAWA BARAT , BOGOR , BOGOR TENGAH , BABAKAN PASAR 
BOGOR 1, JAWA BARAT , BOGOR , BOGOR TIMUR , BARANANGSIANG 
BOGOR 1, JAWA BARAT , BOGOR , BOGOR BARAT , GUNUNG BATU (GUNUNGBATU) 
BOGOR 1, JAWA BARAT , BOGOR , BOGOR SELATAN , EMPANG 
BOGOR 1, JAWA BARAT , BOGOR , CIOMAS , CIOMAS RAHAYU 
BOGOR 1, JAWA BARAT , BOGOR , TANAH SAREAL (TANAH SEREAL) , SUKADAMAI 
BOGOR 1, JAWA BARAT , BOGOR , TANAH SAREAL (TANAH SEREAL) , CIBADAK 
BOGOR 1, JAWA BARAT , BOGOR , TANAH SAREAL (TANAH SEREAL) , KEBON PEDES 
BOGOR 1, JAWA BARAT , BOGOR , BOGOR SELATAN , RANGGAMEKAR 
BOGOR 1, JAWA BARAT , BOGOR , BOGOR TIMUR , TAJUR 
BOGOR 1, JAWA BARAT , BOGOR , BOGOR UTARA , TEGAL GUNDIL 
BOGOR 1, JAWA BARAT , BOGOR , BOGOR UTARA , KEDUNG HALANG (KEDUNGHALANG) 
BOGOR 1, JAWA BARAT , BOGOR , BOGOR BARAT , PASIR MULYA 
BOGOR 1, JAWA BARAT , BOGOR , BOGOR UTARA , BANTARJATI 
BOGOR 1, JAWA BARAT , BOGOR , SUKARAJA , CILEBUT BARAT 
BOGOR 1, JAWA BARAT , BOGOR , CIAWI , BANJAR WANGI 
BOGOR 1, JAWA BARAT , BOGOR , BOGOR TIMUR , SINDANGSARI 
BOGOR 1, JAWA BARAT , BOGOR , BOGOR BARAT , CURUG MEKAR 
BOGOR 1, JAWA BARAT , BOGOR , BOGOR UTARA , CIPARIGI 
BOGOR 1, JAWA BARAT , BOGOR , TANAH SAREAL (TANAH SEREAL) , KEDUNG WARINGIN 
BOGOR 1, JAWA BARAT , BOGOR , CIAWI , CIAWI 
BOGOR 1, JAWA BARAT , BOGOR , TANAH SAREAL (TANAH SEREAL) , KENCANA 
BOGOR 1, JAWA BARAT , BOGOR , CIAMPEA , CIHIDEUNGHILIR (CIHIDEUNG ILIR) 
BOGOR 1, JAWA BARAT , BOGOR , CIGOMBONG , SROGOL 
BOGOR 1, JAWA BARAT , BOGOR , CISARUA , CIBEUREUM 
BOGOR 1, JAWA BARAT , BOGOR , CIJERUK , WARUNG MENTENG 
BOGOR 1, JAWA BARAT , BOGOR , BOGOR BARAT , CURUG 
BOGOR 1, JAWA BARAT , BOGOR , BOGOR SELATAN , MULYAHARJA 
BOGOR 1, JAWA BARAT , BOGOR , CIGOMBONG , WATESJAYA 
BOGOR 1, JAWA BARAT , BOGOR , CARINGIN , PASIR MUNCANG 
BOGOR 1, JAWA BARAT , BOGOR , BOGOR SELATAN , MUARASARI 
BOGOR 1, JAWA BARAT , BOGOR , SUKARAJA , CILEBUT TIMUR 
BOGOR 1, JAWA BARAT , BOGOR , CIAWI , PANDAN SARI (PANDANSARI) 
BOGOR 1, JAWA BARAT , BOGOR , CARINGIN , LEMAH DUHUR 
BOGOR 1, JAWA BARAT , BOGOR , CISARUA , CISARUA 
BOGOR 1, JAWA BARAT , BOGOR , BOGOR BARAT , PASIR JAYA 
BOGOR 1, JAWA BARAT , BOGOR , MEGAMENDUNG , CIPAYUNG GIRANG 
BOGOR 1, JAWA BARAT , BOGOR , CIOMAS , PADASUKA 
BOGOR 1, JAWA BARAT , BOGOR , BOGOR BARAT , MARGAJAYA 
BOGOR 1, JAWA BARAT , BOGOR , CARINGIN , CIDERUM 
BOGOR 1, JAWA BARAT , BOGOR , CIOMAS , LALADON 
BOGOR 1, JAWA BARAT , BOGOR , BABAKAN MADANG , CITARINGGUL 
BOGOR 1, JAWA BARAT , BOGOR , SUKARAJA , CIJUJUNG 
BOGOR 1, JAWA BARAT , BOGOR , BABAKAN MADANG , KADUMANGGU (KADUMANGU) 
BOGOR 1, JAWA BARAT , BOGOR , CIAMPEA , BENTENG 
BOGOR 1, JAWA BARAT , BOGOR , MEGAMENDUNG , CIPAYUNG (CIPAYUNG DATAR) 
BOGOR 1, JAWA BARAT , BOGOR , CIAWI , CIBEDUG 
BOGOR 1, JAWA BARAT , BOGOR , BOGOR SELATAN , PAKUAN 
BOGOR 1, JAWA BARAT , BOGOR , CISARUA , TUGU UTARA 
BOGOR 1, JAWA BARAT , BOGOR , SUKARAJA , PASIR JAMBU 
BOGOR 1, JAWA BARAT , BOGOR , BABAKAN MADANG , BABAKAN MADANG 
BOGOR 1, JAWA BARAT , BOGOR , CISARUA , LEUWIMALANG 
BOGOR 1, JAWA BARAT , BOGOR , BOGOR TENGAH , SEMPUR 
BOGOR 1, JAWA BARAT , BOGOR , CIOMAS , KOTA BATU 
BOGOR 1, JAWA BARAT , BOGOR , BOGOR BARAT , SEMPLAK 
BOGOR 1, JAWA BARAT , BOGOR , CIOMAS , PAGELARAN 
BOGOR 1, JAWA BARAT , BOGOR , BABAKAN MADANG , SENTUL 
BOGOR 1, JAWA BARAT , BOGOR , BOGOR TENGAH , PABATON 
BOGOR 1, JAWA BARAT , BOGOR , RANCA BUNGUR , RANCABUNGUR 
BOGOR 1, JAWA BARAT , BOGOR , BOGOR UTARA , TANAH BARU 
BOGOR 1, JAWA BARAT , BOGOR , BOGOR TIMUR , SUKASARI 
BOGOR 1, JAWA BARAT , BOGOR , CIGOMBONG , CIGOMBONG 
BOGOR 1, JAWA BARAT , BOGOR , SUKARAJA , SUKARAJA 
BOGOR 1, JAWA BARAT , BOGOR , BABAKAN MADANG , CIJAYANTI 
BOGOR 1, JAWA BARAT , BOGOR , TENJO , TAPOS 
BOGOR 1, JAWA BARAT , BOGOR , BOGOR SELATAN , PAMOYANAN 
BOGOR 1, JAWA BARAT , BOGOR , TAMANSARI , SIRNAGALIH 
BOGOR 1, JAWA BARAT , BOGOR , TANAH SAREAL (TANAH SEREAL) , KEDUNG BADAK 
BOGOR 1, JAWA BARAT , BOGOR , CIAMPEA , CIBADAK 
BOGOR 1, JAWA BARAT , BOGOR , SUKARAJA , NAGRAK 
BOGOR 1, JAWA BARAT , BOGOR , BABAKAN MADANG , KARANGTENGAH (KARANG TENGAH) 
BOGOR 1, JAWA BARAT , BOGOR , BOGOR BARAT , LOJI 
BOGOR 1, JAWA BARAT , BOGOR , CIOMAS , SUKAMAKMUR 
BOGOR 1, JAWA BARAT , BOGOR , SUKARAJA , CIKEAS 
BOGOR 1, JAWA BARAT , BOGOR , TAMANSARI , SUKAMANTRI 
BOGOR 1, JAWA BARAT , BOGOR , BOGOR SELATAN , CIKARET 
BOGOR 1, JAWA BARAT , BOGOR , CARINGIN , CARINGIN 
BOGOR 1, JAWA BARAT , BOGOR , CIAWI , BANJAR WARU 
BOGOR 1, JAWA BARAT , BOGOR , CIOMAS , CIOMAS 
BOGOR 1, JAWA BARAT , BOGOR , BOGOR BARAT , MENTENG 
BOGOR 1, JAWA BARAT , BOGOR , CIGOMBONG , CIBURAYUT 
BOGOR 1, JAWA BARAT , BOGOR , CIAWI , BENDUNGAN 
BOGOR 1, JAWA BARAT , BOGOR , CIAMPEA , CIBUNTU 
BOGOR 1, JAWA BARAT , BOGOR , BOGOR BARAT , SINDANG BARANG (SINDANGBARANG) 
BOGOR 1, JAWA BARAT , BOGOR , CIJERUK , CIPELANG 
BOGOR 1, JAWA BARAT , BOGOR , BABAKAN MADANG , SUMURBATU (SUMUR BATU) 
BOGOR 1, JAWA BARAT , BOGOR , DRAMAGA , CIHERANG 
BOGOR 1, JAWA BARAT , BOGOR , BOGOR BARAT , BUBULAK 
BOGOR 1, JAWA BARAT , BOGOR , BOGOR TIMUR , KATULAMPA 
BOGOR 1, JAWA BARAT , BOGOR , SUKARAJA , CIMANDALA 
BOGOR 1, JAWA BARAT , BOGOR , DRAMAGA , BABAKAN 
BOGOR 1, JAWA BARAT , BOGOR , DRAMAGA , SUKAWENING 
BOGOR 1, JAWA BARAT , BOGOR , CIOMAS , MEKARJAYA 
BOGOR 1, JAWA BARAT , BOGOR , BOGOR TENGAH , CIWARINGIN 
BOGOR 1, JAWA BARAT , BOGOR , TAMANSARI , PASIREURIH 
BOGOR 1, JAWA BARAT , BOGOR , CIAWI , TELUK PINANG 
BOGOR 1, JAWA BARAT , BOGOR , MEGAMENDUNG , GADOG 
BOGOR 1, JAWA BARAT , BOGOR , CIOMAS , PARAKAN 
BOGOR 1, JAWA BARAT , BOGOR , BOGOR SELATAN , GENTENG 
BOGOR 1, JAWA BARAT , BOGOR , CIJERUK , PALASARI 
BOGOR 1, JAWA BARAT , BOGOR , BOGOR SELATAN , LAWANGGINTUNG (LAWANG GINTUNG) 
BOGOR 1, JAWA BARAT , BOGOR , CARINGIN , CIMANDE 
BOGOR 1, JAWA BARAT , BOGOR , BOGOR BARAT , SITU GEDE 
BOGOR 1, JAWA BARAT , BOGOR , CIAMPEA , CIBANTENG 
BOGOR 1, JAWA BARAT , BOGOR , TAMANSARI , SUKARESMI 
BOGOR 1, JAWA BARAT , BOGOR , BOGOR SELATAN , KERTAMAYA 
BOGOR 1, JAWA BARAT , BOGOR , CIGOMBONG , PASIRJAYA (PASIR JAYA) 
BOGOR 1, JAWA BARAT , BOGOR , SUKARAJA , CADASNGAMPAR (CADAS NGAMPAR) 
BOGOR 1, JAWA BARAT , BOGOR , CARINGIN , CINAGARA 
BOGOR 1, JAWA BARAT , BOGOR , MEGAMENDUNG , SUKAMAHI 
BOGOR 1, JAWA BARAT , BOGOR , TANAH SAREAL (TANAH SEREAL) , MEKAR WANGI (MEKARWANGI) 
BOGOR 1, JAWA BARAT , BOGOR , BOGOR SELATAN , HARJASARI 
BOGOR 1, JAWA BARAT , BOGOR , CIGOMBONG , CIBURUY 
BOGOR 1, JAWA BARAT , BOGOR , CIAMPEA , CIAMPEA 
BOGOR 1, JAWA BARAT , BOGOR , CIAWI , BANJARSARI (BANJAR SARI) 
BOGOR 1, JAWA BARAT , BOGOR , RANCA BUNGUR , PASIRGAOK 
BOGOR 1, JAWA BARAT , BOGOR , BOGOR SELATAN , BOJONGKERTA 
BOGOR 1, JAWA BARAT , BOGOR , CIAMPEA , CIHIDEUNGUDIK (CIHIDEUNG UDIK) 
BOGOR 1, JAWA BARAT , BOGOR , BOGOR SELATAN , CIPAKU 
BOGOR 1, JAWA BARAT , BOGOR , CISARUA , KOPO 
BOGOR 1, JAWA BARAT , BOGOR , CIJERUK , CIJERUK 
BOGOR 1, JAWA BARAT , BOGOR , BOGOR SELATAN , BONDONGAN 
BOGOR 1, JAWA BARAT , BOGOR , BOGOR BARAT , CILENDEK BARAT 
BOGOR 1, JAWA BARAT , BOGOR , BOGOR TENGAH , KEBON KALAPA (KEBON KELAPA) 
BOGOR 1, JAWA BARAT , BOGOR , BOGOR SELATAN , BATU TULIS (BATUTULIS) 
BOGOR 1, JAWA BARAT , BOGOR , RANCA BUNGUR , BANTARJAYA 
BOGOR 1, JAWA BARAT , BOGOR , TANAH SAREAL (TANAH SEREAL) , TANAH SAREAL 
BOGOR 1, JAWA BARAT , BOGOR , TAMANSARI , TAMANSARI 
BOGOR 1, JAWA BARAT , BOGOR , BOGOR TENGAH , PALEDANG 
BOGOR 1, JAWA BARAT , BOGOR , CARINGIN , CIMANDE HILIR 
BOGOR 1, JAWA BARAT , BOGOR , BOGOR BARAT , PASIR KUDA 
BOGOR 1, JAWA BARAT , BOGOR , CIAMPEA , CINANGKA 
BOGOR 1, JAWA BARAT , BOGOR , CIOMAS , CIAPUS 
BOGOR 1, JAWA BARAT , BOGOR , BOGOR UTARA , CIBULUH 
BOGOR 1, JAWA BARAT , BOGOR , BOGOR SELATAN , RANCAMAYA 
BOGOR 1, JAWA BARAT , BOGOR , DRAMAGA , SINARSARI (SINAR SARI) 
BOGOR 1, JAWA BARAT , BOGOR , BOGOR UTARA , CIMAHPAR 
BOGOR 1, JAWA BARAT , BOGOR , TENJOLAYA , TAPOS II 
BOGOR 1, JAWA BARAT , BOGOR , TAMANSARI , SUKAJAYA 
BOGOR 1, JAWA BARAT , BOGOR , CIAMPEA , BOJONGRANGKAS (BOJONG RANGKAS) 
BOGOR 1, JAWA BARAT , BOGOR , CIGOMBONG , CIADEG 
BOGOR 1, JAWA BARAT , BOGOR , BOGOR TENGAH , CIBOGOR 
BOGOR 1, JAWA BARAT , BOGOR , DRAMAGA , DRAMAGA 
BOGOR 1, JAWA BARAT , BOGOR , CARINGIN , CIHERANG PONDOK 
BOGOR 1, JAWA BARAT , BOGOR , BOGOR TENGAH , BABAKAN 
BOGOR 1, JAWA BARAT , BOGOR , CISARUA , CITEKO 
BOGOR 1, JAWA BARAT , BOGOR , SUKARAJA , CIJUJUNG 
BOGOR 1, JAWA BARAT , BOGOR , CISARUA , CIBEUREUM 
BOGOR 1, JAWA BARAT , BOGOR , CIGOMBONG , SROGOL 
BOGOR 1, JAWA BARAT , BOGOR , TENJOLAYA , CIBITUNG TENGAH 
BOGOR 1, JAWA BARAT , BOGOR , CIAMPEA , BOJONGRANGKAS (BOJONG RANGKAS) 
BOGOR 1, JAWA BARAT , BOGOR , TANAH SAREAL (TANAH SEREAL) , MEKAR WANGI (MEKARWANGI) 
BOGOR 1, JAWA BARAT , BOGOR , BOGOR SELATAN , MULYAHARJA 
BOGOR 1, JAWA BARAT , BOGOR , BOGOR TIMUR , BARANANGSIANG 
BOGOR 1, JAWA BARAT , BOGOR , CIAMPEA , CIAMPEA UDIK 
BOGOR 1, JAWA BARAT , BOGOR , CIOMAS , MEKARJAYA 
BOGOR 1, JAWA BARAT , BOGOR , CIAMPEA , CIBANTENG 
BOGOR 1, JAWA BARAT , BOGOR , CISARUA , CILEMBER 
BOGOR 1, JAWA BARAT , BOGOR , SUKARAJA , PASIRLAJA 
BOGOR 1, JAWA BARAT , BOGOR , CIOMAS , KOTA BATU 
BOGOR 1, JAWA BARAT , CIANJUR , PACET , CIPENDAWA 
BOGOR 1, JAWA BARAT , CIANJUR , CIPANAS , PALASARI 
BOGOR 1, JAWA BARAT , CIANJUR , CIPANAS , SINDANGLAYA 
BOGOR 1, JAWA BARAT , CIANJUR , CIANJUR , MUKA 
BOGOR 1, JAWA BARAT , CIANJUR , KARANGTENGAH , BOJONG 
BOGOR 1, JAWA BARAT , CIANJUR , WARUNGKONDANG , CIKAROYA 
BOGOR 1, JAWA BARAT , CIANJUR , CIPANAS , CIMACAN 
BOGOR 1, JAWA BARAT , CIANJUR , HAURWANGI , KERTAMUKTI 
BOGOR 1, JAWA BARAT , CIANJUR , CIPANAS , CIPANAS 
BOGOR 1, JAWA BARAT , CIANJUR , CIANJUR , LIMBANGANSARI (LIMBANGAN SARI) 
BOGOR 1, JAWA BARAT , CIANJUR , CIANJUR , BOJONGHERANG 
BOGOR 1, JAWA BARAT , CIANJUR , CIRANJANG , CIRANJANG 
BOGOR 1, JAWA BARAT , CIANJUR , CAMPAKA , SUKAJADI 
BOGOR 1, JAWA BARAT , CIANJUR , SUKALUYU , HEGARMANAH 
BOGOR 1, JAWA BARAT , CIANJUR , CIANJUR , SAWAHGEDE (SAWAH GEDE) 
BOGOR 1, JAWA BARAT , CIANJUR , CUGENANG , CIJEDIL 
BOGOR 1, JAWA BARAT , CIANJUR , SUKARESMI , CIBADAK 
BOGOR 1, JAWA BARAT , CIANJUR , CIANJUR , SAYANG 
BOGOR 1, JAWA BARAT , CIANJUR , BOJONGPICUNG , BOJONGPICUNG 
BOGOR 1, JAWA BARAT , CIANJUR , CIANJUR , SUKAMAJU 
BOGOR 1, JAWA BARAT , CIANJUR , CIANJUR , SOLOKPANDAN 
BOGOR 1, JAWA BARAT , CIANJUR , KARANGTENGAH , SINDANGLAKA 
BOGOR 1, JAWA BARAT , CIANJUR , GEKBRONG , GEKBRONG 
BOGOR 1, JAWA BARAT , CIANJUR , MANDE , JAMALI 
BOGOR 1, JAWA BARAT , CIANJUR , KARANGTENGAH , HEGARMANAH 
BOGOR 1, JAWA BARAT , CIANJUR , CILAKU , RANCAGOONG 
BOGOR 1, JAWA BARAT , CIANJUR , CUGENANG , SUKAMANAH 
BOGOR 1, JAWA BARAT , CIANJUR , CIANJUR , NAGRAK 
BOGOR 1, JAWA BARAT , CIANJUR , CIBEBER , CIHAUR 
BOGOR 1, JAWA BARAT , CIANJUR , SINDANGBARANG , SIRNAGALIH 
BOGOR 1, JAWA BARAT , CIANJUR , CIDAUN , KERTAJADI 
BOGOR 1, JAWA BARAT , CIANJUR , WARUNGKONDANG , CIWALEN 
BOGOR 1, JAWA BARAT , CIANJUR , GEKBRONG , BANGBAYANG 
BOGOR 1, JAWA BARAT , CIANJUR , CIANJUR , PAMOYANAN 
BOGOR 1, JAWA BARAT , CIANJUR , HAURWANGI , HAURWANGI 
BOGOR 1, JAWA BARAT , CIANJUR , PACET , SUKANAGALIH 
BOGOR 1, JAWA BARAT , CIANJUR , KARANGTENGAH , SUKAMULYA 
BOGOR 1, JAWA BARAT , CIANJUR , MANDE , BOBOJONG 
BOGOR 1, JAWA BARAT , CIANJUR , SUKARESMI , CIKANYERE 
BOGOR 1, JAWA BARAT , CIANJUR , CILAKU , SIRNAGALIH 
BOGOR 1, JAWA BARAT , CIANJUR , CIBEBER , CIBAREGBEG 
BOGOR 1, JAWA BARAT , CIANJUR , CIBEBER , CISALAK 
BOGOR 1, JAWA BARAT , CIANJUR , AGRABINTA , MEKARSARI 
BOGOR 1, JAWA BARAT , CIANJUR , SUKARESMI , CIKANCANA 
BOGOR 1, JAWA BARAT , CIANJUR , KARANGTENGAH , SUKAMANAH 
BOGOR 1, JAWA BARAT , CIANJUR , SUKALUYU , SELAJAMBE 
BOGOR 1, JAWA BARAT , CIANJUR , CIPANAS , SINDANGJAYA 
BOGOR 1, JAWA BARAT , CIANJUR , HAURWANGI , CIHEA 
BOGOR 1, JAWA BARAT , CIANJUR , SUKARESMI , KAWUNGLUWUK 
BOGOR 1, JAWA BARAT , CIANJUR , PACET , CIHERANG 
BOGOR 1, JAWA BARAT , CIANJUR , KARANGTENGAH , SUKAJADI 
BOGOR 1, JAWA BARAT , CIANJUR , KARANGTENGAH , SABANDAR 
BOGOR 1, JAWA BARAT , CIANJUR , CIKALONGKULON , KAMURANG 
BOGOR 1, JAWA BARAT , CIANJUR , CIKALONGKULON , CINANGSI 
BOGOR 1, JAWA BARAT , CIANJUR , SUKANAGARA , SUKANAGARA 
BOGOR 1, JAWA BARAT , CIANJUR , MANDE , KADEMANGAN 
BOGOR 1, JAWA BARAT , CIANJUR , KARANGTENGAH , SUKATARIS 
BOGOR 1, JAWA BARAT , CIANJUR , KARANGTENGAH , SUKAMANTRI 
BOGOR 1, JAWA BARAT , CIANJUR , TAKOKAK , PASAWPASAWAHAN 
BOGOR 1, JAWA BARAT , CIANJUR , SINDANGBARANG , SAGANTEN 
BOGOR 1, JAWA BARAT , CIANJUR , WARUNGKONDANG , CIEUNDEUR 
BOGOR 1, JAWA BARAT , CIANJUR , CILAKU , SUKASARI 
BOGOR 1, JAWA BARAT , CIANJUR , PAGELARAN , PAGELARAN 
BOGOR 1, JAWA BARAT , CIANJUR , KARANGTENGAH , CIHERANG 
BOGOR 1, JAWA BARAT , CIANJUR , KARANGTENGAH , MALEBER 
BOGOR 1, JAWA BARAT , CIANJUR , HAURWANGI , SUKATANI (MEKARWANGI) 
BOGOR 1, JAWA BARAT , CIANJUR , CIKALONGKULON , SUKAGALIH 
BOGOR 1, JAWA BARAT , CIANJUR , HAURWANGI , KERTASARI 
BOGOR 1, JAWA BARAT , CIANJUR , CIANJUR , BOJONGHERANG 
BOGOR 1, DKI JAKARTA , JAKARTA TIMUR , CIPAYUNG , LUBANG BUAYA 
BOGOR 1, DKI JAKARTA , JAKARTA TIMUR , CIPAYUNG , BAMBU APUS 
BOGOR 1, DKI JAKARTA , JAKARTA TIMUR , CIPAYUNG , SETU 
BOGOR 1, DKI JAKARTA , JAKARTA TIMUR , CIPAYUNG , CILANGKAP 
BOGOR 1, DKI JAKARTA , JAKARTA TIMUR , CIPAYUNG , PONDOK RANGGON (PONDOK RANGON) 
BOGOR 1, DKI JAKARTA , JAKARTA TIMUR , CIPAYUNG , MUNJUL 
BOGOR 1, DKI JAKARTA , JAKARTA TIMUR , CIPAYUNG , CIPAYUNG 
BOGOR 1, DKI JAKARTA , JAKARTA TIMUR , CIPAYUNG , CEGER 
BOGOR 1, DKI JAKARTA , JAKARTA TIMUR , CIRACAS , CIRACAS 
BOGOR 1, JAWA BARAT , SUKABUMI , CISAAT , SUKAMANTRI 
BOGOR 1, JAWA BARAT , SUKABUMI , CISOLOK , CISOLOK 
BOGOR 1, JAWA BARAT , SUKABUMI , CITAMIANG , NANGGELENG 
BOGOR 1, JAWA BARAT , SUKABUMI , CIBADAK , KARANGTENGAH 
BOGOR 1, JAWA BARAT , SUKABUMI , CIBADAK , BATUNUNGGAL 
BOGOR 1, JAWA BARAT , SUKABUMI , PALABUHANRATU (PELABUHANRATU) , PALABUHANRATU (PELABUHANRATU) 
BOGOR 1, JAWA BARAT , SUKABUMI , SURADE , SURADE 
BOGOR 1, JAWA BARAT , SUKABUMI , JAMPANGKULON (JAMPANG KULON) , JAMPANGKULON (JAMPANG KULON) 
BOGOR 1, JAWA BARAT , SUKABUMI , PALABUHANRATU (PELABUHANRATU) , CITARIK 
BOGOR 1, JAWA BARAT , SUKABUMI , SAGARANTEN , SAGARANTEN 
BOGOR 1, JAWA BARAT , SUKABUMI , PURABAYA , PURABAYA 
BOGOR 1, JAWA BARAT , SUKABUMI , SURADE , PASIRIPIS 
BOGOR 1, JAWA BARAT , SUKABUMI , WARUNGKIARA , WARUNGKIARA 
BOGOR 1, JAWA BARAT , SUKABUMI , LEMBURSITU , CIPANENGAH 
BOGOR 1, JAWA BARAT , SUKABUMI , GUNUNGPUYUH (GUNUNG PUYUH) , KARAMAT 
BOGOR 1, JAWA BARAT , SUKABUMI , SUKABUMI , PARUNGSEAH 
BOGOR 1, JAWA BARAT , SUKABUMI , CIKOLE , SUBANGJAYA 
BOGOR 1, JAWA BARAT , SUKABUMI , JAMPANGKULON (JAMPANG KULON) , NAGRAKSARI 
BOGOR 1, JAWA BARAT , SUKABUMI , TEGALBULEUD , BUNIASIH 
BOGOR 1, JAWA BARAT , SUKABUMI , CIEMAS , CIWARU 
BOGOR 1, JAWA BARAT , SUKABUMI , LENGKONG , LENGKONG 
BOGOR 1, JAWA BARAT , SUKABUMI , CIKOLE , GUNUNGPARANG (GUNUNG PARANG) 
BOGOR 1, JAWA BARAT , SUKABUMI , CIBADAK , CIBADAK 
BOGOR 1, JAWA BARAT , SUKABUMI , CIDOLOG , CIDOLOG 
BOGOR 1, JAWA BARAT , SUKABUMI , CISAAT , SUKARESMI 
BOGOR 1, JAWA BARAT , SUKABUMI , CIKEMBAR , BOJONG 
BOGOR 1, JAWA BARAT , SUKABUMI , KABANDUNGAN , KABANDUNGAN 
BOGOR 1, JAWA BARAT , SUKABUMI , WARUNGKIARA , UBRUG 
BOGOR 1, JAWA BARAT , SUKABUMI , CICURUG , NYANGKOWEK 
BOGOR 1, JAWA BARAT , SUKABUMI , PARAKANSALAK (PARAKAN SALAK) , PARAKAN SALAK (PARAKANSALAK) 
BOGOR 1, JAWA BARAT , SUKABUMI , CICURUG , PURWASARI 
BOGOR 1, JAWA BARAT , SUKABUMI , LEMBURSITU , SINDANGSARI 
BOGOR 1, JAWA BARAT , SUKABUMI , CIDAHU , CIDAHU 
BOGOR 1, JAWA BARAT , SUKABUMI , CIDAHU , PONDOKASO TONGGOH (PONDOK KASO TONGGOH) 
BOGOR 1, JAWA BARAT , SUKABUMI , CIKOLE , CIKOLE 
BOGOR 1, JAWA BARAT , SUKABUMI , CICANTAYAN , CIJALINGAN 
BOGOR 1, JAWA BARAT , SUKABUMI , PALABUHANRATU (PELABUHANRATU) , CITEPUS 
BOGOR 1, JAWA BARAT , SUKABUMI , LEMBURSITU , LEMBURSITU 
BOGOR 1, JAWA BARAT , SUKABUMI , CIKOLE , KEBONJATI 
BOGOR 1, JAWA BARAT , SUKABUMI , SUKARAJA , PASIRHALANG 
BOGOR 1, JAWA BARAT , SUKABUMI , GUNUNGGURUH , SIRNARESMI 
BOGOR 1, JAWA BARAT , SUKABUMI , CICURUG , CICURUG 
BOGOR 1, JAWA BARAT , SUKABUMI , CIKOLE , SELABATU 
BOGOR 1, JAWA BARAT , SUKABUMI , WARUDOYONG , SUKAKARYA 
BOGOR 1, JAWA BARAT , SUKABUMI , CIRACAP , CIRACAP 
BOGOR 1, JAWA BARAT , SUKABUMI , GUNUNGPUYUH (GUNUNG PUYUH) , GUNUNG PUYUH 
BOGOR 1, JAWA BARAT , SUKABUMI , TEGALBULEUD , TEGALBULEUD 
BOGOR 1, JAWA BARAT , SUKABUMI , KALIBUNDER , KALIBUNDER 
BOGOR 1, JAWA BARAT , SUKABUMI , CIDAHU , BABAKANPARI (BABAKAN PARI) 
BOGOR 1, JAWA BARAT , SUKABUMI , LEMBURSITU , SITUMEKAR 
BOGOR 1, JAWA BARAT , SUKABUMI , PARAKANSALAK (PARAKAN SALAK) , BOJONG LONGOK (BOJONGLONGOK) 
BOGOR 1, JAWA BARAT , SUKABUMI , CIKEMBAR , CIMANGGU 
BOGOR 1, JAWA BARAT , SUKABUMI , CIKEMBAR , CIBATU 
BOGOR 1, JAWA BARAT , SUKABUMI , CISAAT , BABAKAN 
BOGOR 1, JAWA BARAT , SUKABUMI , CIBADAK , PAMURUYAN 
BOGOR 1, JAWA BARAT , SUKABUMI , CICURUG , KUTAJAYA 
BOGOR 1, JAWA BARAT , SUKABUMI , CIKEMBAR , CIKEMBAR 
BOGOR 1, JAWA BARAT , SUKABUMI , SUKARAJA , SELAWI (SELAAWI) 
BOGOR 1, JAWA BARAT , SUKABUMI , SAGARANTEN , PASANGGRAHAN 
BOGOR 1, JAWA BARAT , SUKABUMI , CICANTAYAN , CIMAHI 
BOGOR 1, JAWA BARAT , SUKABUMI , PALABUHANRATU (PELABUHANRATU) , BUNIWANGI 
BOGOR 1, JAWA BARAT , SUKABUMI , GEGERBITUNG (GEGER BITUNG) , GEGERBITUNG 
BOGOR 1, JAWA BARAT , SUKABUMI , PARUNGKUDA (PARUNG KUDA) , PARUNGKUDA (PARUNG KUDA) 
BOGOR 1, JAWA BARAT , SUKABUMI , CIKAKAK , CIMAJA 
BOGOR 1, JAWA BARAT , SUKABUMI , BANTARGADUNG , BANTARGADUNG 
BOGOR 1, JAWA BARAT , SUKABUMI , CIAMBAR , MUNJUL 
BOGOR 1, JAWA BARAT , SUKABUMI , CIBADAK , SUKASIRNA 
BOGOR 1, JAWA BARAT , SUKABUMI , PARUNGKUDA (PARUNG KUDA) , SUNDAWENANG 
BOGOR 1, JAWA BARAT , SUKABUMI , CIREUNGHAS , BENCOY 
BOGOR 1, JAWA BARAT , SUKABUMI , SURADE , CITANGLAR 
BOGOR 1, JAWA BARAT , SUKABUMI , CIEMAS , TAMANJAYA 
BOGOR 1, JAWA BARAT , SUKABUMI , CIDAHU , PONDOKASO TENGAH (PONDOK KASO TENGAH) 
BOGOR 1, JAWA BARAT , SUKABUMI , PABUARAN , PABUARAN 
BOGOR 1, JAWA BARAT , SUKABUMI , NYALINDUNG , NYALINDUNG 
BOGOR 1, JAWA BARAT , SUKABUMI , KEBONPEDES , SASAGARAN 
BOGOR 1, JAWA BARAT , SUKABUMI , CIRACAP , UJUNG GENTENG (UJUNGGENTENG) 
BOGOR 1, JAWA BARAT , SUKABUMI , SURADE , BUNIWANGI 
BOGOR 1, JAWA BARAT , SUKABUMI , GUNUNGGURUH , KEBONMANGGU 
BOGOR 1, JAWA BARAT , SUKABUMI , SUKALARANG , SUKALARANG 
BOGOR 1, JAWA BARAT , SUKABUMI , BOJONGGENTENG (BOJONG GENTENG) , BEREKAH 
BOGOR 1, JAWA BARAT , SUKABUMI , CIREUNGHAS , CIREUNGHAS 
BOGOR 1, JAWA BARAT , SUKABUMI , KEBONPEDES , CIKARET 
BOGOR 1, JAWA BARAT , SUKABUMI , SUKALARANG , CIMANGKOK 
BOGOR 1, JAWA BARAT , SUKABUMI , JAMPANGTENGAH (JAMPANG TENGAH) , PADABEUNGHAR 
BOGOR 1, JAWA BARAT , SUKABUMI , CICANTAYAN , CISANDE 
BOGOR 1, JAWA BARAT , SUKABUMI , SUKABUMI , SUKAJAYA 
BOGOR 1, JAWA BARAT , SUKABUMI , PURABAYA , CIMERANG 
BOGOR 1, JAWA BARAT , SUKABUMI , PARAKANSALAK (PARAKAN SALAK) , BOJONGASIH 
BOGOR 1, JAWA BARAT , SUKABUMI , CARINGIN , CARINGIN KULON 
BOGOR 1, JAWA BARAT , SUKABUMI , LENGKONG , TEGALLEGA 
BOGOR 1, JAWA BARAT , SUKABUMI , CITAMIANG , CITAMIANG 
BOGOR 1, JAWA BARAT , SUKABUMI , CIREUNGHAS , CIPURUT 
BOGOR 1, JAWA BARAT , SUKABUMI , CISOLOK , KARANGPAPAK 
BOGOR 1, JAWA BARAT , SUKABUMI , JAMPANGTENGAH (JAMPANG TENGAH) , SINDANGRESMI 
BOGOR 1, JAWA BARAT , SUKABUMI , CIBITUNG , TALAGAMURNI 
BOGOR 1, JAWA BARAT , SUKABUMI , CIMANGGU , CIMANGGU 
BOGOR 1, JAWA BARAT , SUKABUMI , KEBONPEDES , KEBONPEDES 
BOGOR 1, JAWA BARAT , SUKABUMI , CIREUNGHAS , TEGALPANJANG 
BOGOR 1, JAWA BARAT , SUKABUMI , SAGARANTEN , CIBAREGBEG 
BOGOR 1, JAWA BARAT , SUKABUMI , PARUNGKUDA (PARUNG KUDA) , BOJONGKOKOSAN (BOJONG KOKOSAN) 
BOGOR 1, JAWA BARAT , SUKABUMI , KALAPANUNGGAL (KALAPA NUNGGAL) , KADUNUNGGAL 
BOGOR 1, JAWA BARAT , SUKABUMI , CICURUG , NANGGERANG 
BOGOR 1, JAWA BARAT , SUKABUMI , SUKABUMI , SUNDAJAYAGIRANG (SUNDAJAYA GIRANG) 
BOGOR 1, JAWA BARAT , SUKABUMI , GUNUNGGURUH , GUNUNGGURUH 
BOGOR 1, JAWA BARAT , SUKABUMI , CICURUG , TENJOAYU 
BOGOR 1, JAWA BARAT , SUKABUMI , CICANTAYAN , LEMBURSAWAH 
BOGOR 1, JAWA BARAT , SUKABUMI , SUKARAJA , SUKAMEKAR 
BOGOR 1, JAWA BARAT , SUKABUMI , SUKALARANG , TITISAN 
BOGOR 1, JAWA BARAT , SUKABUMI , NAGRAK , CISARUA 
BOGOR 1, JAWA BARAT , SUKABUMI , CISAAT , CIBOLANG KALER 
BOGOR 1, JAWA BARAT , SUKABUMI , GUNUNGGURUH , CIKUJANG 
BOGOR 1, JAWA BARAT , SUKABUMI , SUKARAJA , SUKARAJA 
BOGOR 1, JAWA BARAT , SUKABUMI , CIKIDANG , CIKIRAY 
BOGOR 1, JAWA BARAT , SUKABUMI , CIKIDANG , CIKIDANG 
BOGOR 1, JAWA BARAT , SUKABUMI , KALAPANUNGGAL (KALAPA NUNGGAL) , PALASARI GIRANG 
BOGOR 1, JAWA BARAT , SUKABUMI , CIKEMBAR , KERTARAHARJA 
BOGOR 1, JAWA BARAT , SUKABUMI , NAGRAK , CIHANYAWAR 
BOGOR 1, JAWA BARAT , SUKABUMI , CIKEMBAR , SUKAMULYA 
BOGOR 1, JAWA BARAT , SUKABUMI , WARUNGKIARA , SUKAHARJA 
BOGOR 1, JAWA BARAT , SUKABUMI , WARUDOYONG , NYOMPLONG 
BOGOR 1, JAWA BARAT , SUKABUMI , CICURUG , MEKARSARI 
BOGOR 1, JAWA BARAT , SUKABUMI , KADUDAMPIT , KADUDAMPIT 
BOGOR 1, JAWA BARAT , SUKABUMI , NAGRAK , NAGRAK UTARA 
BOGOR 1, JAWA BARAT , SUKABUMI , CIKIDANG , CICAREUH 
BOGOR 1, JAWA BARAT , SUKABUMI , PARUNGKUDA (PARUNG KUDA) , KOMPA 
BOGOR 1, JAWA BARAT , SUKABUMI , CIDAHU , JAYABAKTI 
BOGOR 1, JAWA BARAT , SUKABUMI , CISOLOK , CIKELAT 
BOGOR 1, JAWA BARAT , SUKABUMI , NAGRAK , NAGRAK SELATAN 
BOGOR 1, JAWA BARAT , SUKABUMI , JAMPANGTENGAH (JAMPANG TENGAH) , JAMPANGTENGAH (JAMPANG TENGAH) 
BOGOR 1, JAWA BARAT , SUKABUMI , GUNUNGGURUH , MANGKALAYA 
BOGOR 1, JAWA BARAT , SUKABUMI , CARINGIN , TALAGA 
BOGOR 1, JAWA BARAT , SUKABUMI , CITAMIANG , CIKONDANG 
BOGOR 1, JAWA BARAT , SUKABUMI , CIDAHU , TANGKIL 
BOGOR 1, JAWA BARAT , SUKABUMI , KADUDAMPIT , CIPETIR 
BOGOR 1, JAWA BARAT , SUKABUMI , CIBEUREUM , CIBEUREUM HILIR (CIBEUREUMHILIR) 
BOGOR 1, JAWA BARAT , SUKABUMI , NYALINDUNG , BOJONGSARI 
BOGOR 1, JAWA BARAT , SUKABUMI , CISAAT , NAGRAK 
BOGOR 1, JAWA BARAT , SUKABUMI , CISOLOK , CIKAHURIPAN 
BOGOR 1, JAWA BARAT , SUKABUMI , CIRACAP , GUNUNGBATU 
BOGOR 1, JAWA BARAT , SUKABUMI , CIRACAP , CIKANGKUNG 
BOGOR 1, JAWA BARAT , SUKABUMI , WALURAN , WALURAN MANDIRI 
BOGOR 1, JAWA BARAT , SUKABUMI , KADUDAMPIT , GEDEPANGRANGO (GEDE PANGRANGO) 
BOGOR 1, JAWA BARAT , SUKABUMI , BAROS , BAROS 
BOGOR 1, JAWA BARAT , SUKABUMI , SUKABUMI , WARNASARI 
BOGOR 1, JAWA BARAT , SUKABUMI , CISAAT , GUNUNGJAYA 
BOGOR 1, JAWA BARAT , SUKABUMI , CICURUG , BENDA 
BOGOR 1, JAWA BARAT , SUKABUMI , CIKEMBAR , CIMANGGU 
BENGKULU, BENGKULU , BENGKULU , RATU AGUNG , NUSA INDAH 
BENGKULU, BENGKULU , BENGKULU , SINGARAN PATI , DUSUN BESAR 
BENGKULU, BENGKULU , BENGKULU , GADING CEMPAKA , CEMPAKA PERMAI 
BENGKULU, BENGKULU , BENGKULU , GADING CEMPAKA , SIDOMULYO (SIDO MULYO) 
BENGKULU, BENGKULU , BENGKULU , RATU AGUNG , KEBUN KENANGA 
BENGKULU, BENGKULU , BENGKULU , GADING CEMPAKA , JALAN GEDANG 
BENGKULU, BENGKULU , BENGKULU , SINGARAN PATI , PANORAMA 
BENGKULU, BENGKULU , BENGKULU , MUARA BANGKA HULU , RAWA MAKMUR 
BENGKULU, BENGKULU , BENGKULU , RATU SAMBAN , PENURUNAN 
BENGKULU, SUMATERA SELATAN , BENGKULU , GADING CEMPAKA , SIDOMULYO (SIDO MULYO) 
BENGKULU, BENGKULU , BENGKULU , TELUK SEGARA , BAJAK (KAMPUNG TELENG) 
BENGKULU, BENGKULU , BENGKULU , RATU SAMBAN , PADANG JATI 
BENGKULU, BENGKULU , BENGKULU , GADING CEMPAKA , PADANG HARAPAN 
BENGKULU, BENGKULU , BENGKULU , KAMPUNG MELAYU , KANDANG 
BENGKULU, BENGKULU , BENGKULU , GADING CEMPAKA , LINGKAR BARAT 
BENGKULU, BENGKULU , BENGKULU , RATU AGUNG , KEBUN TEBENG 
BENGKULU, BENGKULU , BENGKULU , SELEBAR , BETUNGAN 
BENGKULU, BENGKULU , BENGKULU , SUNGAI SERUT , TANJUNG JAYA 
BENGKULU, BENGKULU , BENGKULU , RATU AGUNG , TANAH PATAH 
BENGKULU, BENGKULU , BENGKULU , SELEBAR , PAGAR DEWA 
BENGKULU, BENGKULU , BENGKULU , SELEBAR , SUKARAMI 
BENGKULU, BENGKULU , BENGKULU , SINGARAN PATI , PADANG NANGKA 
BENGKULU, BENGKULU , BENGKULU , MUARA BANGKA HULU , PEMATANG GUBERNUR 
BENGKULU, BENGKULU , BENGKULU , TELUK SEGARA , JITRA (PASAR JITRA) 
BENGKULU, BENGKULU , BENGKULU , RATU SAMBAN , ANGGUT ATAS 
BENGKULU, BENGKULU , BENGKULU , SELEBAR , PEKAN SABTU 
BENGKULU, BENGKULU , BENGKULU , MUARA BANGKA HULU , BENTIRING 
BENGKULU, BENGKULU , BENGKULU , SUNGAI SERUT , SURABAYA 
BENGKULU, BENGKULU , BENGKULU , TELUK SEGARA , PASAR MELINTANG 
BENGKULU, BENGKULU , BENGKULU , RATU AGUNG , SAWAH LEBAR 
BENGKULU, BENGKULU , BENGKULU , TELUK SEGARA , KEBUN KELING 
BENGKULU, BENGKULU , BENGKULU , RATU AGUNG , LEMPUING 
BENGKULU, BENGKULU , BENGKULU , KAMPUNG MELAYU , SUMBER JAYA 
BENGKULU, BENGKULU , BENGKULU , TELUK SEGARA , PINTU BATU 
BENGKULU, BENGKULU , BENGKULU , SELEBAR , BUMU AYU (BUMI AYU) 
BENGKULU, BENGKULU , BENGKULU , TELUK SEGARA , TENGAH PADANG 
BENGKULU, BENGKULU , BENGKULU , MUARA BANGKA HULU , BENTIRING PERMAI 
BENGKULU, BENGKULU , BENGKULU , TELUK SEGARA , KAMPUNG BALI 
BENGKULU, BENGKULU , BENGKULU , KAMPUNG MELAYU , KANDANG MAS 
BENGKULU, BENGKULU , BENGKULU , SUNGAI SERUT , SUKAMERINDU (SUKA MERINDU) 
BENGKULU, BENGKULU , BENGKULU , KAMPUNG MELAYU , PADANG SERAI 
BENGKULU, BENGKULU , BENGKULU , MUARA BANGKA HULU , KANDANG LIMUN 
BENGKULU, BENGKULU , BENGKULU , SINGARAN PATI , TIMUR INDAH 
BENGKULU, BENGKULU , BENGKULU , SELEBAR , SUMUR DEWA 
BENGKULU, BENGKULU , BENGKULU , SINGARAN PATI , JEMBATAN KECIL 
BENGKULU, BENGKULU , BENGKULU , MUARA BANGKA HULU , BERINGIN RAYA 
BENGKULU, BENGKULU , BENGKULU , SUNGAI SERUT , PASAR BENGKULU 
BENGKULU, BENGKULU , BENGKULU SELATAN , PASAR MANNA , TANJUNG MULIA 
BENGKULU, BENGKULU , BENGKULU SELATAN , KOTA MANNA , KOTA MEDAN 
BENGKULU, BENGKULU , BENGKULU SELATAN , PASAR MANNA , KETAPANG BESAR 
BENGKULU, BENGKULU , BENGKULU SELATAN , PINO , MASAT 
BENGKULU, BENGKULU , BENGKULU SELATAN , KOTA MANNA , IBUL 
BENGKULU, BENGKULU , BENGKULU SELATAN , MANNA , KAYU KUNYIT 
BENGKULU, BENGKULU , BENGKULU SELATAN , PINO RAYA (PINORAYA) , PASAR PINO 
BENGKULU, BENGKULU , BENGKULU SELATAN , SEGINIM , PASAR BARU 
BENGKULU, BENGKULU , BENGKULU SELATAN , PASAR MANNA , BATU LAMBANG 
BENGKULU, BENGKULU , BENGKULU SELATAN , PINO RAYA (PINORAYA) , TUNGKAL I 
BENGKULU, BENGKULU , BENGKULU SELATAN , KOTA MANNA , PAGAR DEWA 
BENGKULU, BENGKULU , BENGKULU SELATAN , KOTA MANNA , GUNUNG AYU (GUNUNG AYU I) 
BENGKULU, BENGKULU , BENGKULU SELATAN , PINO RAYA (PINORAYA) , NANJUNGAN 
BENGKULU, BENGKULU , BENGKULU SELATAN , KEDURANG , KEBAN AGUNG III 
BENGKULU, BENGKULU , BENGKULU SELATAN , PINO RAYA (PINORAYA) , TANGGO RASO 
BENGKULU, BENGKULU , BENGKULU SELATAN , AIR NIPIS , SUKA NEGERI 
BENGKULU, BENGKULU , BENGKULU SELATAN , BUNGA MAS , GUNUNG KAYO 
BENGKULU, BENGKULU , BENGKULU TENGAH , PONDOK KELAPA , PEKIK NYARING 
BENGKULU, BENGKULU , BENGKULU TENGAH , KARANG TINGGI , KARANG TINGGI 
BENGKULU, BENGKULU , BENGKULU TENGAH , TALANG EMPAT , KEMBANG SERI 
BENGKULU, BENGKULU , BENGKULU TENGAH , TABA PENANJUNG , TABA PENANJUNG 
BENGKULU, BENGKULU , BENGKULU TENGAH , PONDOK KELAPA , PASAR PEDATI 
BENGKULU, BENGKULU , BENGKULU TENGAH , TALANG EMPAT , NAKAU 
BENGKULU, BENGKULU , BENGKULU TENGAH , PONDOK KUBANG , TALANG TENGAH I (TALANG TENGAH) 
BENGKULU, BENGKULU , BENGKULU TENGAH , TALANG EMPAT , LAGAN BUNGIN 
BENGKULU, BENGKULU , BENGKULU TENGAH , KARANG TINGGI , DURIAN DEMANG 
BENGKULU, BENGKULU , BENGKULU TENGAH , PONDOK KELAPA , PONDOK KELAPA 
BENGKULU, BENGKULU , BENGKULU TENGAH , TALANG EMPAT , TABA PASEMA (PASMAH) 
BENGKULU, BENGKULU , BENGKULU TENGAH , PONDOK KUBANG , DUSUN BARU I 
BENGKULU, BENGKULU , BENGKULU TENGAH , TABA PENANJUNG , SUKARAMI (SUKA RAMI) 
BENGKULU, BENGKULU , BENGKULU TENGAH , PONDOK KELAPA , SRIKATON 
BENGKULU, BENGKULU , BENGKULU UTARA , KOTA ARGA MAKMUR , GUNUNG ALAM 
BENGKULU, BENGKULU , BENGKULU UTARA , AIR NAPAL , PASAR KERKAP 
BENGKULU, BENGKULU , BENGKULU UTARA , KETAHUN , GIRI KENCANA 
BENGKULU, SUMATERA SELATAN , EMPAT LAWANG , TEBING TINGGI , TANJUNGKUPANG (TANJUNG KUPANG) 
BENGKULU, SUMATERA SELATAN , EMPAT LAWANG , TEBING TINGGI , PASAR TEBING TINGGI 
BENGKULU, SUMATERA SELATAN , EMPAT LAWANG , TEBING TINGGI , JAYA LOKA 
BENGKULU, SUMATERA SELATAN , EMPAT LAWANG , TEBING TINGGI , KUPANG 
BENGKULU, SUMATERA SELATAN , EMPAT LAWANG , PENDOPO , PENDOPO 
BENGKULU, SUMATERA SELATAN , EMPAT LAWANG , MUARA PINANG , MUARA PINANG BARU 
BENGKULU, SUMATERA SELATAN , EMPAT LAWANG , TEBING TINGGI , TANJUNG KUPANG BARU 
BENGKULU, SUMATERA SELATAN , EMPAT LAWANG , ULU MUSI , PADANG TEPONG 
BENGKULU, SUMATERA SELATAN , EMPAT LAWANG , SIKAP DALAM , KARANG GEDE 
BENGKULU, SUMATERA SELATAN , EMPAT LAWANG , PENDOPO BARAT , MUARALINTANG LAMA (MUARA LINTANG LAMA) 
BENGKULU, SUMATERA SELATAN , EMPAT LAWANG , PENDOPO , GUNUNG MERAKSA BARU 
BENGKULU, SUMATERA SELATAN , EMPAT LAWANG , PENDOPO , PAGAR TENGAH 
BENGKULU, BENGKULU , KAUR , KAUR SELATAN , AIR DINGIN 
BENGKULU, BENGKULU , KAUR , KAUR SELATAN , KEPALA PASAR 
BENGKULU, BENGKULU , KAUR , TANJUNG KEMUNING , SELIKA II 
BENGKULU, BENGKULU , KAUR , TANJUNG KEMUNING , AUR RINGIT 
BENGKULU, BENGKULU , KAUR , KAUR UTARA , GURU AGUNG 
BENGKULU, BENGKULU , KAUR , KAUR TENGAH , TANJUNG IMAN 
BENGKULU, BENGKULU , KAUR , TETAP (MUARA TETAP) , KASUK BARU 
BENGKULU, BENGKULU , KAUR , TANJUNG KEMUNING , TANJUNG BULAN 
BENGKULU, BENGKULU , KAUR , TANJUNG KEMUNING , PADANG LEBAN 
BENGKULU, BENGKULU , KAUR , MAJE , SUKA MENANTI 
BENGKULU, BENGKULU , KEPAHIANG , KEPAHIANG , KEPAHIANG (DUSUN KEPAHINGAN) 
BENGKULU, BENGKULU , KEPAHIANG , KEPAHIANG , PASAR KEPAHIANGAN (PASAR KEPAHIANG) 
BENGKULU, BENGKULU , KEPAHIANG , UJAN MAS , BUMI SARI 
BENGKULU, SUMATERA SELATAN , LAHAT , LAHAT , PASAR LAMA 
BENGKULU, SUMATERA SELATAN , LAHAT , LAHAT , TALANG JAWA (TALANG JAWA PMD) 
BENGKULU, SUMATERA SELATAN , LAHAT , LAHAT , BANDAR AGUNG 
BENGKULU, SUMATERA SELATAN , LAHAT , LAHAT , PASAR BARU 
BENGKULU, SUMATERA SELATAN , LAHAT , LAHAT , BANDAR JAYA 
BENGKULU, SUMATERA SELATAN , LAHAT , LAHAT , PADANG LENGKUAS 
BENGKULU, SUMATERA SELATAN , LAHAT , KIKIM TIMUR , BUNGA MAS 
BENGKULU, SUMATERA SELATAN , LAHAT , JARAI , LUBUK SAUNG/SAWULUBUK SAUNG/SAWUNG 
BENGKULU, SUMATERA SELATAN , LAHAT , LAHAT , PAGAR AGUNG 
BENGKULU, SUMATERA SELATAN , LAHAT , MERAPI BARAT , ULAK PANDAN 
BENGKULU, SUMATERA SELATAN , LAHAT , MERAPI BARAT , MERAPI 
BENGKULU, SUMATERA SELATAN , LAHAT , PULAUPINANG (PULAU PINANG) , MUARA SIBAN 
BENGKULU, SUMATERA SELATAN , LAHAT , LAHAT SELATAN , TANJUNG PAYANG 
BENGKULU, SUMATERA SELATAN , LAHAT , GUMAY TALANG , SUKARAMI 
BENGKULU, SUMATERA SELATAN , LAHAT , LAHAT , MANGGUL 
BENGKULU, SUMATERA SELATAN , LAHAT , KIKIM BARAT , WONOREJO 
BENGKULU, SUMATERA SELATAN , LAHAT , KIKIM TENGAH , TANJUNG AUR 
BENGKULU, SUMATERA SELATAN , LAHAT , LAHAT , TALANG JAWA SELATAN 
BENGKULU, SUMATERA SELATAN , LAHAT , MERAPI BARAT , TANJUNG BARU 
BENGKULU, BENGKULU , LEBONG , AMEN , AMEN 
BENGKULU, BENGKULU , LEBONG , LEBONG UTARA , KAMPUNG MUARA AMAN 
BENGKULU, BENGKULU , LEBONG , LEBONG UTARA , KAMPUNG JAWA 
BENGKULU, BENGKULU , LEBONG , PELABAI , TANJUNG AGUNG 
BENGKULU, SUMATERA SELATAN , LUBUK LINGGAU , LUBUK LINGGAU SELATAN DUA (II) , MARGA MULYA 
BENGKULU, SUMATERA SELATAN , LUBUK LINGGAU , LUBUK LINGGAU SELATAN DUA (II) , TABA PINGIN 
BENGKULU, SUMATERA SELATAN , LUBUK LINGGAU , LUBUK LINGGAU TIMUR DUA (II) , CEREME TABA 
BENGKULU, SUMATERA SELATAN , LUBUK LINGGAU , LUBUK LINGGAU UTARA DUA (II) , MEGANG 
BENGKULU, SUMATERA SELATAN , LUBUK LINGGAU , LUBUK LINGGAU TIMUR DUA (II) , JAWA KIRI 
BENGKULU, SUMATERA SELATAN , LUBUK LINGGAU , LUBUK LINGGAU TIMUR SATU (I) , WATERVANG 
BENGKULU, SUMATERA SELATAN , LUBUK LINGGAU , LUBUK LINGGAU BARAT DUA (II) , BANDUNG KANAN 
BENGKULU, SUMATERA SELATAN , LUBUK LINGGAU , LUBUK LINGGAU UTARA SATU (I) , DURIAN RAMPAK 
BENGKULU, SUMATERA SELATAN , LUBUK LINGGAU , LUBUK LINGGAU BARAT DUA (II) , PASAR PERMIRI 
BENGKULU, SUMATERA SELATAN , LUBUK LINGGAU , LUBUK LINGGAU TIMUR SATU (I) , MAJAMAJAPAHIT 
BENGKULU, SUMATERA SELATAN , LUBUK LINGGAU , LUBUK LINGGAU SELATAN SATU (I) , LUBUK KUPANG 
BENGKULU, SUMATERA SELATAN , LUBUK LINGGAU , LUBUK LINGGAU TIMUR SATU (I) , AIR KUTI 
BENGKULU, SUMATERA SELATAN , LUBUK LINGGAU , LUBUK LINGGAU BARAT SATU (I) , TANJUNG INDAH 
BENGKULU, SUMATERA SELATAN , LUBUK LINGGAU , LUBUK LINGGAU UTARA DUA (II) , JOGOBOYO (JOYOBOYO) 
BENGKULU, SUMATERA SELATAN , LUBUK LINGGAU , LUBUK LINGGAU TIMUR SATU (I) , TABA JEMEKEH 
BENGKULU, SUMATERA SELATAN , LUBUK LINGGAU , LUBUK LINGGAU TIMUR SATU (I) , BATU URIP TABA 
BENGKULU, SUMATERA SELATAN , LUBUK LINGGAU , LUBUK LINGGAU BARAT SATU (I) , KAYU ARA 
BENGKULU, SUMATERA SELATAN , LUBUK LINGGAU , LUBUK LINGGAU UTARA DUA (II) , KENANGA 
BENGKULU, SUMATERA SELATAN , LUBUK LINGGAU , LUBUK LINGGAU BARAT SATU (I) , LUBUK AMAN 
BENGKULU, SUMATERA SELATAN , LUBUK LINGGAU , LUBUK LINGGAU SELATAN DUA (II) , MARGA RAHAYU 
BENGKULU, SUMATERA SELATAN , LUBUK LINGGAU , LUBUK LINGGAU SELATAN DUA (II) , SIRING AGUNG 
BENGKULU, SUMATERA SELATAN , LUBUK LINGGAU , LUBUK LINGGAU BARAT SATU (I) , BANDUNG UJUNG 
BENGKULU, SUMATERA SELATAN , LUBUK LINGGAU , LUBUK LINGGAU SELATAN DUA (II) , EKA MARGA 
BENGKULU, SUMATERA SELATAN , LUBUK LINGGAU , LUBUK LINGGAU UTARA DUA (II) , BATU URIP 
BENGKULU, SUMATERA SELATAN , LUBUK LINGGAU , LUBUK LINGGAU SELATAN DUA (II) , SIMPANG PERIUK (SIMPANG PRIUK) 
BENGKULU, SUMATERA SELATAN , MUSI RAWAS , TUGUMULYO , TRIKOYO 
BENGKULU, SUMATERA SELATAN , MUSI RAWAS , TUGUMULYO , B. SRIKATON 
BENGKULU, SUMATERA SELATAN , MUSI RAWAS , MEGANG SAKTI , MEGANG SAKTI I 
BENGKULU, SUMATERA SELATAN , MUSI RAWAS , TUGUMULYO , SITI HARJO 
BENGKULU, SUMATERA SELATAN , MUSI RAWAS , MUARA KELINGI , MUARA KELINGI 
BENGKULU, SUMATERA SELATAN , MUSI RAWAS , MUARA LAKITAN , MUARA LAKITAN 
BENGKULU, SUMATERA SELATAN , MUSI RAWAS , MUARA BELITI , MUARA BELITI BARU 
BENGKULU, SUMATERA SELATAN , MUSI RAWAS , TUAH NEGERI , LUBUK RUMBAI 
BENGKULU, SUMATERA SELATAN , MUSI RAWAS , TUGUMULYO , MATARAM 
BENGKULU, SUMATERA SELATAN , MUSI RAWAS , SUMBER HARTA , SUMBER HARTA 
BENGKULU, SUMATERA SELATAN , MUSI RAWAS , BTS ULU , BANGUN JAYA 
BENGKULU, SUMATERA SELATAN , MUSI RAWAS , TUAH NEGERI , DHARMA/DARMA SAKTI 
BENGKULU, SUMATERA SELATAN , MUSI RAWAS , TUGUMULYO , TAMBAHASRI 
BENGKULU, SUMATERA SELATAN , MUSI RAWAS , SELANGIT , LUBUK NGIN 
BENGKULU, SUMATERA SELATAN , MUSI RAWAS , TIANG PUMPUNG KEPUNGUT , MUARA KATI BARU I 
BENGKULU, SUMATERA SELATAN , MUSI RAWAS , MUARA KELINGI , KARYA SAKTI 
BENGKULU, SUMATERA SELATAN , MUSI RAWAS , MUARA LAKITAN , SUNGAI PINANG 
BENGKULU, SUMATERA SELATAN , MUSI RAWAS , SUKU TENGAH LAKITAN ULU TERAWAS , TERAWAS 
BENGKULU, SUMATERA SELATAN , MUSI RAWAS , TUGUMULYO , NAWANGSASI (NAWANGSARI) 
BENGKULU, SUMATERA SELATAN , MUSI RAWAS , MUARA KELINGI , MANDI AUR 
BENGKULU, SUMATERA SELATAN , MUSI RAWAS , MUARA LAKITAN , MUARA RENGAS 
BENGKULU, SUMATERA SELATAN , MUSI RAWAS , MEGANG SAKTI , MEGANG SAKTI III 
BENGKULU, SUMATERA SELATAN , MUSI RAWAS , MUARA LAKITAN , MARGA BARU 
BENGKULU, SUMATERA SELATAN , MUSI RAWAS , SUKA KARYA (SUKAKARYA) , CIPTODADI 
BENGKULU, SUMATERA SELATAN , MUSI RAWAS UTARA , RUPIT , LAWANG AGUNG 
BENGKULU, SUMATERA SELATAN , MUSI RAWAS UTARA , RAWAS ULU , PASAR SURULANGUN 
BENGKULU, SUMATERA SELATAN , MUSI RAWAS UTARA , RUPIT , MUARA RUPIT 
BENGKULU, SUMATERA SELATAN , MUSI RAWAS UTARA , KARANG JAYA , KARANG JAYA 
BENGKULU, SUMATERA SELATAN , PAGAR ALAM , PAGAR ALAM SELATAN , TUMBAK ULAS 
BENGKULU, SUMATERA SELATAN , PAGAR ALAM , PAGAR ALAM SELATAN , ULU LURAH/RURAH 
BENGKULU, SUMATERA SELATAN , PAGAR ALAM , PAGAR ALAM SELATAN , SIDOREJO 
BENGKULU, SUMATERA SELATAN , PAGAR ALAM , PAGAR ALAM UTARA , PAGAR ALAM 
BENGKULU, SUMATERA SELATAN , PAGAR ALAM , PAGAR ALAM SELATAN , BASEMAH SERSAN (BESEMAH SERASAN) 
BENGKULU, SUMATERA SELATAN , PAGAR ALAM , PAGAR ALAM UTARA , BANGUN REJO 
BENGKULU, SUMATERA SELATAN , PAGAR ALAM , DEMPO TENGAH , KARANG DALO 
BENGKULU, SUMATERA SELATAN , PAGAR ALAM , PAGAR ALAM SELATAN , NENDAYUNG (NENDAGUNG) 
BENGKULU, SUMATERA SELATAN , PAGAR ALAM , PAGAR ALAM UTARA , ALUN DUA 
BENGKULU, SUMATERA SELATAN , PAGAR ALAM , PAGAR ALAM UTARA , SELIBAR 
BENGKULU, SUMATERA SELATAN , PAGAR ALAM , PAGAR ALAM UTARA , BANGUN JAYA 
BENGKULU, SUMATERA SELATAN , PALEMBANG , ILIR TIMUR I , 20 ILIR D. I (20 ILIR I) 
BENGKULU, BENGKULU , REJANG LEBONG , CURUP , AIR PUTIH LAMA 
BENGKULU, BENGKULU , REJANG LEBONG , CURUP TENGAH , TALANG RIMBO BARU 
BENGKULU, BENGKULU , REJANG LEBONG , CURUP , PASAR TENGAH 
BENGKULU, BENGKULU , REJANG LEBONG , CURUP , JALAN BARU 
BENGKULU, BENGKULU , REJANG LEBONG , CURUP , ADIREJO 
BENGKULU, BENGKULU , REJANG LEBONG , CURUP SELATAN , TEMPEL REJO 
BENGKULU, BENGKULU , REJANG LEBONG , CURUP TIMUR , SUKARAJA 
BENGKULU, BENGKULU , REJANG LEBONG , CURUP TENGAH , AIR BANG 
BENGKULU, BENGKULU , REJANG LEBONG , CURUP , AIR RAMBAI 
BENGKULU, BENGKULU , REJANG LEBONG , CURUP SELATAN , TELADAN (DESA TELADAN) 
BENGKULU, BENGKULU , REJANG LEBONG , CURUP , DWI TUNGGAL 
BENGKULU, BENGKULU , REJANG LEBONG , CURUP TENGAH , BANYU MAS (BANYUMAS) 
BENGKULU, BENGKULU , REJANG LEBONG , CURUP TENGAH , TALANG RIMBO LAMA 
BENGKULU, BENGKULU , REJANG LEBONG , CURUP UTARA , TUNAS HARAPAN 
BENGKULU, BENGKULU , REJANG LEBONG , CURUP TIMUR , TALANG ULU 
BENGKULU, BENGKULU , REJANG LEBONG , SELUPU REJANG , SUMBER BENING 
BENGKULU, BENGKULU , REJANG LEBONG , SELUPU REJANG , SIMPANG NANGKA 
BENGKULU, BENGKULU , SELUMA , SUKARAJA , KAYU ARANG 
BENGKULU, BENGKULU , SELUMA , SUKARAJA , SUKARAJA 
BENGKULU, BENGKULU , SELUMA , SEMIDANG ALAS MARAS , KEMBANG MUMPO 
BENGKULU, BENGKULU , SELUMA , SUKARAJA , CAHAYA NEGERI 
BENGKULU, BENGKULU , SELUMA , SELUMA , PASAR TAIS 
BENGKULU, BENGKULU , SELUMA , SUKARAJA , BABATAN 
BENGKULU, BENGKULU , SELUMA , TALO , SERAMBI GUNUNG 
BENGKULU, BENGKULU , SELUMA , SELUMA TIMUR , SEMBAYAT 
BENGKULU, BENGKULU , SELUMA , SELUMA SELATAN , SENGKUANG 
BENGKULU, BENGKULU , SELUMA , LUBUK SANDI , TUMBU'AN (TUMBUAN) 
BENGKULU, BENGKULU , SELUMA , TALO , MASMAMBANG 
BENGKULU, BENGKULU , SELUMA , SELUMA SELATAN , PADANG RAMBUN 
BENGKULU, BENGKULU , SELUMA , AIR PERIUKAN , PADANG PELASAN 
BENGKULU, BENGKULU , SELUMA , SELUMA , TALANG DANTUK 
BENGKULU, BENGKULU , SELUMA , SEMIDANG ALAS MARAS , SENDAWAR 
BENGKULU, BENGKULU , SELUMA , TALO , DURIAN BUBUR 
BENGKULU, BENGKULU , SELUMA , SUKARAJA , LUBUK SAHUNG 
BENGKULU, BENGKULU , SELUMA , SUKARAJA , BUKIT PENINJAUAN I 
BENGKULU, BENGKULU , SELUMA , SELUMA TIMUR , BUNGA MAS 
BENGKULU, BENGKULU , SELUMA , SELUMA , NAPAL 
BEKASI, JAWA BARAT , BEKASI , MEDANSATRIA (MEDAN SATRIA) , PEJUANG 
BEKASI, JAWA BARAT , BEKASI , PONDOKGEDE (PONDOK GEDE) , JATIMAKMUR 
BEKASI, JAWA BARAT , BEKASI , PONDOKGEDE (PONDOK GEDE) , JATICEMPAKA 
BEKASI, JAWA BARAT , BEKASI , PONDOKMELATI (PONDOK MELATI) , JATIRAHAYU (JATI RAHAYU) 
BEKASI, JAWA BARAT , BEKASI , CIKARANG UTARA , KARANGASIH 
BEKASI, JAWA BARAT , BEKASI , CIKARANG UTARA , PASIRGOMBONG (PASIR GOMBONG) 
BEKASI, JAWA BARAT , BEKASI , BEKASI UTARA , HARAPANJAYA (HARAPAN JAYA) 
BEKASI, JAWA BARAT , BEKASI , JATIASIH , JATIKRAMAT 
BEKASI, JAWA BARAT , BEKASI , TAMBUN UTARA , KARANGSATRIA 
BEKASI, JAWA BARAT , BEKASI , PONDOKMELATI (PONDOK MELATI) , JATIMURNI 
BEKASI, JAWA BARAT , BEKASI , PONDOKGEDE (PONDOK GEDE) , JATIBENING 
BEKASI, JAWA BARAT , BEKASI , CIKARANG BARAT , GANDAMEKAR 
BEKASI, JAWA BARAT , BEKASI , CIKARANG BARAT , TELAGAMURNI (TELAGA MURNI) 
BEKASI, JAWA BARAT , BEKASI , JATIASIH , JATIRASA 
BEKASI, JAWA BARAT , BEKASI , BABELAN , KEDUNG PENGAWAS 
BEKASI, JAWA BARAT , BEKASI , PONDOKMELATI (PONDOK MELATI) , JATIWARNA 
BEKASI, JAWA BARAT , BEKASI , CIKARANG BARAT , SUKADANAU 
BEKASI, JAWA BARAT , BEKASI , CIKARANG SELATAN , CIANTRA 
BEKASI, JAWA BARAT , BEKASI , BEKASI UTARA , KALIABANG TENGAH (KALI ABANG TENGAH) 
BEKASI, JAWA BARAT , BEKASI , PONDOKGEDE (PONDOK GEDE) , JATIWARINGIN 
BEKASI, JAWA BARAT , BEKASI , TARUMAJAYA , PANTAI MAKMUR 
BEKASI, JAWA BARAT , BEKASI , CIKARANG UTARA , WALUYA 
BEKASI, JAWA BARAT , BEKASI , BEKASI UTARA , MARGAMULYA (MARGA MULYA) 
BEKASI, JAWA BARAT , BEKASI , CIKARANG BARAT , DANAU INDAH 
BEKASI, JAWA BARAT , BEKASI , MEDANSATRIA (MEDAN SATRIA) , KALIBARU (KALI BARU) 
BEKASI, JAWA BARAT , BEKASI , CIKARANG UTARA , SIMPANGAN 
BEKASI, JAWA BARAT , BEKASI , CIKARANG SELATAN , SERANG 
BEKASI, JAWA BARAT , BEKASI , CIKARANG UTARA , MEKARMUKTI 
BEKASI, JAWA BARAT , BEKASI , JATIASIH , JATISARI 
BEKASI, JAWA BARAT , BEKASI , BABELAN , BAHAGIA 
BEKASI, JAWA BARAT , BEKASI , BEKASI UTARA , TELUK PUCUNG 
BEKASI, JAWA BARAT , BEKASI , TARUMAJAYA , PUSAKA RAKYAT 
BEKASI, JAWA BARAT , BEKASI , CIKARANG BARAT , TELAGA ASIH 
BEKASI, JAWA BARAT , BEKASI , TARUMAJAYA , SEGARAJAYA (SEGARA JAYA) 
BEKASI, JAWA BARAT , BEKASI , CIKARANG SELATAN , CIBATU 
BEKASI, JAWA BARAT , BEKASI , BABELAN , KEBALEN 
BEKASI, JAWA BARAT , BEKASI , PONDOKMELATI (PONDOK MELATI) , JATIMELATI 
BEKASI, JAWA BARAT , BEKASI , PONDOKGEDE (PONDOK GEDE) , JATIBENING BARU 
BEKASI, JAWA BARAT , BEKASI , CIKARANG SELATAN , PASIRSARI 
BEKASI, JAWA BARAT , BEKASI , CIKARANG SELATAN , SUKARESMI 
BEKASI, JAWA BARAT , BEKASI , MEDANSATRIA (MEDAN SATRIA) , MEDANSATRIA (MEDAN SATRIA) 
BEKASI, JAWA BARAT , BEKASI , CIKARANG PUSAT , PASIRTANJUNG 
BEKASI, JAWA BARAT , BEKASI , CIKARANG BARAT , MEKARWANGI (MEKAR WANGI) 
BEKASI, JAWA BARAT , BEKASI , CIKARANG UTARA , KARANGBARU (KARANG BARU) 
BEKASI, JAWA BARAT , BEKASI , BEKASI UTARA , PERWIRA 
BEKASI, JAWA BARAT , BEKASI , CIKARANG PUSAT , JAYAMUKTI 
BEKASI, JAWA BARAT , BEKASI , CIKARANG TIMUR , SERTAJAYA 
BEKASI, JAWA BARAT , BEKASI , TARUMAJAYA , SETIA MULYA 
BEKASI, JAWA BARAT , BEKASI , CIKARANG BARAT , TELAJUNG 
BEKASI, JAWA BARAT , BEKASI , CIKARANG UTARA , KARANGRAHARJA 
BEKASI, JAWA BARAT , BEKASI , CIKARANG SELATAN , SUKADAMI 
BEKASI, JAWA BARAT , BEKASI , CIKARANG PUSAT , SUKAMAHI 
BEKASI, JAWA BARAT , BEKASI , CIKARANG PUSAT , HEGARMUKTI 
BEKASI, JAWA BARAT , BEKASI , TAMBUN UTARA , SATRIAJAYA 
BEKASI, JAWA BARAT , BEKASI , BABELAN , BABELANKOTA (BABELAN KOTA) 
BEKASI, JAWA BARAT , BEKASI , MEDANSATRIA (MEDAN SATRIA) , HARAPANMULYA (HARAPAN MULYA) 
BEKASI, JAWA BARAT , BEKASI , TAMBUN UTARA , SRIAMUR 
BEKASI, JAWA BARAT , BEKASI , JATIASIH , JATILUHUR 
BEKASI, JAWA BARAT , BEKASI , TARUMAJAYA , SETIA ASIH 
BEKASI, JAWA BARAT , BEKASI , TAMBUN UTARA , SATRIAMEKAR 
BEKASI, JAWA BARAT , BEKASI , BEKASI UTARA , HARAPANBARU (HARAPAN BARU) 
BEKASI, JAWA BARAT , BEKASI , BABELAN , KEDUNGJAYA 
BEKASI, JAWA BARAT , BEKASI , JATIASIH , JATIMEKAR (JATI MEKAR) 
BEKASI, JAWA BARAT , BEKASI , CIKARANG UTARA , TANJUNGSARI 
BEKASI, JAWA BARAT , BEKASI , JATIASIH , JATIASIH 
BEKASI, JAWA BARAT , BEKASI , CIKARANG UTARA , HAJARMEKAR (HARJA MEKAR) 
BEKASI, JAWA BARAT , BEKASI , CIKARANG TIMUR , TANJUNGBARU 
BEKASI, JAWA BARAT , BEKASI , BABELAN , MUARABAKTI (MUARA BAKTI) 
BEKASI, JAWA BARAT , BEKASI , TARUMAJAYA , PAHLAWAN SETIA 
BEKASI, JAWA BARAT , BEKASI , CIKARANG UTARA , CIKARANGKOTA (CIKARANG KOTA) 
BEKASI, JAWA BARAT , BEKASI , TARUMAJAYA , SAGARA MAKMUR (SEGARA MAKMUR) 
BEKASI, JAWA BARAT , BEKASI , SUKAKARYA , SUKAINDAH 
BEKASI, JAWA BARAT , BEKASI , CIKARANG PUSAT , CICAU 
BEKASI, JAWA BARAT , BEKASI , SUKATANI , SUKARUKUN 
BEKASI, JAWA BARAT , BEKASI , KARANG BAHAGIA (KARANGBAHAGIA) , KARANGSETIA (KARANG SETRA) 
BEKASI, JAWA BARAT , BEKASI , CIKARANG TIMUR , JATIREJA 
BEKASI, JAWA BARAT , BEKASI , TARUMAJAYA , SAMUDRA JAYA 
BEKASI, JAWA BARAT , BEKASI , CIKARANG SELATAN , SUKASEJATI 
BEKASI, JAWA BARAT , BEKASI , TAMBELANG , SUKABAKTI 
BEKASI, JAWA BARAT , BEKASI , BEKASI SELATAN , JAKASETIA (JAKA SETIA) 
BEKASI, JAWA BARAT , BEKASI , CIKARANG BARAT , GANDASARI 
BEKASI, JAWA BARAT , BEKASI , CIKARANG BARAT , JATIWANGI 
BEKASI, JAWA BARAT , BEKASI , TAMBUN UTARA , SRIMAHI 
BEKASI, JAWA BARAT , BEKASI , BABELAN , BUNIBAKTI (BUNI BAKTI) 
BEKASI, JAWA BARAT , BEKASI , CIKARANG BARAT , KALIJAYA (KALI JAYA) 
BEKASI, JAWA BARAT , BEKASI , CIKARANG UTARA , WANGUNHARJA 
BEKASI, JAWA BARAT , BEKASI , CIKARANG BARAT , CIKEDOKAN 
BEKASI, JAWA BARAT , BEKASI , BEKASI BARAT , KOTABARU (KOTA BARU) 
BEKASI, JAWA BARAT , BEKASI , SERANG BARU , JAYASAMPURNA (JAYA SAMPURNA) 
BEKASI, JAWA BARAT , BEKASI , SERANG BARU , SIRNAJAYA 
BEKASI, JAWA BARAT , BEKASI , TAMBUN UTARA , JALENJAYA (JEJALENJAYA) 
BEKASI, JAWA BARAT , BEKASI , CIKARANG TIMUR , JATIBARU 
BEKASI, JAWA BARAT , BEKASI , SUKAWANGI , SUKARINGIN 
BEKASI, JAWA BARAT , BEKASI , TAMBUN UTARA , SRIMUKTI 
BEKASI, JAWA BARAT , BEKASI , CIKARANG PUSAT , PASIRANJI (PASIRPANJI) 
BEKASI, JAWA BARAT , BEKASI , TAMBUN SELATAN , LAMBANGSARI 
BEKASI, JAWA BARAT , BEKASI , TAMBUN UTARA , SATRIAJAYA 
BATAM, KEPULAUAN RIAU , BATAM , BATU AJI , BULIANG 
BATAM, KEPULAUAN RIAU , BATAM , LUBUK BAJA , KAMPUNG PELITA 
BATAM, KEPULAUAN RIAU , BATAM , BENGKONG , BENGKONG INDAH 
BATAM, KEPULAUAN RIAU , BATAM , BATAM KOTA , BELIAN 
BATAM, KEPULAUAN RIAU , BATAM , BATU AJI , TANJUNG UNCANG 
BATAM, KEPULAUAN RIAU , BATAM , BATAM KOTA , TELUK TERING 
BATAM, KEPULAUAN RIAU , BATAM , SEKUPANG , SUNGAI HARAPAN 
BATAM, KEPULAUAN RIAU , BATAM , SAGULUNG , SAGULUNG KOTA 
BATAM, KEPULAUAN RIAU , BATAM , BATAM KOTA , BALOI PERMAI 
BATAM, KEPULAUAN RIAU , BATAM , BENGKONG , SADAI 
BATAM, KEPULAUAN RIAU , BATAM , SAGULUNG , TEMBESI 
BATAM, KEPULAUAN RIAU , BATAM , BATAM KOTA , SUNGAI PANAS 
BATAM, KEPULAUAN RIAU , BATAM , SEKUPANG , PATAM LESTARI 
BATAM, KEPULAUAN RIAU , BATAM , BATU AMPAR , TANJUNG SENGKUANG 
BATAM, KEPULAUAN RIAU , BATAM , BATU AJI , BUKIT TEMPAYAN 
BATAM, KEPULAUAN RIAU , BATAM , BATU AMPAR , KAMPUNG SERAYA 
BATAM, KEPULAUAN RIAU , BATAM , SAGULUNG , SUNGAI LEKOP 
BATAM, KEPULAUAN RIAU , BATAM , SEKUPANG , TIBAN BARU 
BATAM, KEPULAUAN RIAU , BATAM , BENGKONG , BENGKONG LAUT 
BATAM, KEPULAUAN RIAU , BATAM , SEI/SUNGAI BEDUK , MUKA KUNING 
BATAM, KEPULAUAN RIAU , BATAM , LUBUK BAJA , BATU SELICIN 
BATAM, KEPULAUAN RIAU , BATAM , SEI/SUNGAI BEDUK , MANGSANG (MANGSA) 
BATAM, KEPULAUAN RIAU , BATAM , BATU AMPAR , SUNGAI JODOH 
BATAM, KEPULAUAN RIAU , BATAM , NONGSA , KABIL 
BATAM, KEPULAUAN RIAU , BATAM , SAGULUNG , SUNGAI LANGKAI 
BATAM, KEPULAUAN RIAU , BATAM , LUBUK BAJA , LUBUK BAJA KOTA 
BATAM, KEPULAUAN RIAU , BATAM , BATAM KOTA , TAMAN BALOI 
BATAM, KEPULAUAN RIAU , BATAM , SEI/SUNGAI BEDUK , DURIANGKANG (DURIANGKA) 
BATAM, KEPULAUAN RIAU , BATAM , LUBUK BAJA , BALOI INDAH 
BATAM, KEPULAUAN RIAU , BATAM , SEKUPANG , TIBAN INDAH 
BATAM, KEPULAUAN RIAU , BATAM , SEKUPANG , TANJUNG RIAU 
BATAM, KEPULAUAN RIAU , BATAM , LUBUK BAJA , TANJUNG UMA 
BATAM, KEPULAUAN RIAU , BATAM , NONGSA , BATU BESAR 
BATAM, KEPULAUAN RIAU , BATAM , BENGKONG , TANJUNG BUNTUNG 
BATAM, KEPULAUAN RIAU , BATAM , SAGULUNG , SUNGAI BINTI 
BATAM, KEPULAUAN RIAU , BATAM , BATAM KOTA , SUKAJADI 
BATAM, KEPULAUAN RIAU , BATAM , SEI/SUNGAI BEDUK , TANJUNG PIAYU 
BATAM, KEPULAUAN RIAU , BATAM , SEKUPANG , TIBAN LAMA 
BATAM, KEPULAUAN RIAU , BATAM , SAGULUNG , SUNGAI PELENGGUT/PELUNGGUT 
BATAM, KEPULAUAN RIAU , BATAM , NONGSA , SAMBAU 
BATAM, KEPULAUAN RIAU , BATAM , SEKUPANG , TANJUNG PINGGIR 
BATAM, KEPULAUAN RIAU , BINTAN , BINTAN UTARA , TANJUNG UBAN KOTA 
BATAM, KEPULAUAN RIAU , BINTAN , SERI/SRI KUALA LOBAM , TELUK LOBAM 
BATAM, KEPULAUAN RIAU , BINTAN , GUNUNG KIJANG , TELUK BAKAU 
BATAM, KEPULAUAN RIAU , BINTAN , BINTAN UTARA , TANJUNG UBAN UTARA 
BATAM, KEPULAUAN RIAU , BINTAN , SERI/SRI KUALA LOBAM , TELUK SASAH 
BANJARMASIN, KALIMANTAN SELATAN , BALANGAN , PARINGIN SELATAN , BUNGIN 
BANJARMASIN, KALIMANTAN SELATAN , BALANGAN , PARINGIN , PARINGIN KOTA 
BANJARMASIN, KALIMANTAN SELATAN , BALANGAN , BATU MANDI , BUNGUR 
BANJARMASIN, KALIMANTAN SELATAN , BALANGAN , PARINGIN SELATAN , BATU PIRING 
BANJARMASIN, KALIMANTAN SELATAN , BANJAR , MARTAPURA (MARTAPURA KOTA) , KERATON 
BANJARMASIN, KALIMANTAN SELATAN , BANJAR , MARTAPURA (MARTAPURA KOTA) , JAWA 
BANJARMASIN, KALIMANTAN SELATAN , BANJAR , MARTAPURA (MARTAPURA KOTA) , SEI/SUNGAI PARING 
BANJARMASIN, KALIMANTAN SELATAN , BANJAR , KERTAK HANYAR , KERTAK HANYAR I 
BANJARMASIN, KALIMANTAN SELATAN , BANJAR , MARTAPURA (MARTAPURA KOTA) , TANJUNG REMA DARAT 
BANJARMASIN, KALIMANTAN SELATAN , BANJAR , GAMBUT , GAMBUT 
BANJARMASIN, KALIMANTAN SELATAN , BANJAR , MARTAPURA (MARTAPURA KOTA) , SEI/SUNGAI SIPAI 
BANJARMASIN, KALIMANTAN SELATAN , BANJAR , KERTAK HANYAR , MANARAP LAMA 
BANJARMASIN, KALIMANTAN SELATAN , BANJAR , KERTAK HANYAR , KERTAK HANYAR II (KERTAKHANYAR II) 
BANJARMASIN, KALIMANTAN SELATAN , BANJAR , SEI/SUNGAI TABUK , SEI/SUNGAI LULUT 
BANJARMASIN, KALIMANTAN SELATAN , BANJAR , MARTAPURA TIMUR , ANTASAN SENOR ILIR 
BANJARMASIN, KALIMANTAN SELATAN , BANJAR , GAMBUT , MALINTANG BARU 
BANJARMASIN, KALIMANTAN SELATAN , BANJAR , SIMPANG EMPAT , BATU BALIAN 
BANJARMASIN, KALIMANTAN SELATAN , BANJAR , KARANG INTAN , MANDIANGIN TIMUR (MANDI ANGIN TIMUR) 
BANJARMASIN, KALIMANTAN SELATAN , BANJAR , GAMBUT , KAYU BAWANG 
BANJARMASIN, KALIMANTAN SELATAN , BANJAR , MARTAPURA (MARTAPURA KOTA) , SEKUMPUL 
BANJARMASIN, KALIMANTAN SELATAN , BANJAR , GAMBUT , MALINTANG 
BANJARMASIN, KALIMANTAN SELATAN , BANJAR , MARTAPURA (MARTAPURA KOTA) , BINCAU 
BANJARMASIN, KALIMANTAN SELATAN , BANJAR , MARTAPURA (MARTAPURA KOTA) , CINDAI ALUS 
BANJARMASIN, KALIMANTAN SELATAN , BANJAR , KERTAK HANYAR , PEMANGKIH LAUT (PEMANGKIH BARU) 
BANJARMASIN, KALIMANTAN SELATAN , BANJAR , MARTAPURA (MARTAPURA KOTA) , INDRA SARI 
BANJARMASIN, KALIMANTAN SELATAN , BANJAR , KERTAK HANYAR , SIMPANG EMPAT 
BANJARMASIN, KALIMANTAN SELATAN , BANJAR , MARTAPURA (MARTAPURA KOTA) , TANJUNG REMA 
BANJARMASIN, KALIMANTAN SELATAN , BANJAR , MARTAPURA (MARTAPURA KOTA) , JAWA LAUT 
BANJARMASIN, KALIMANTAN SELATAN , BANJAR , MARTAPURA TIMUR , PEKAUMAN 
BANJARMASIN, KALIMANTAN SELATAN , BANJAR , SIMPANG EMPAT , SIMPANG EMPAT 
BANJARMASIN, KALIMANTAN SELATAN , BANJARBARU , LANDASAN ULIN , LANDASAN ULIN TIMUR 
BANJARMASIN, KALIMANTAN SELATAN , BANJARBARU , LIANG ANGGANG , LANDASAN ULIN SELATAN 
BANJARMASIN, KALIMANTAN SELATAN , BANJARBARU , BANJARBARU UTARA (BANJAR BARU UTARA) , KOMET 
BANJARMASIN, KALIMANTAN SELATAN , BANJARBARU , BANJARBARU SELATAN (BANJAR BARU SELATAN) , SEI/SUNGAI BESAR 
BANJARMASIN, KALIMANTAN SELATAN , BANJARBARU , BANJARBARU SELATAN (BANJAR BARU SELATAN) , LAKTABAT SELATAN (LOKTABAT SELATAN) 
BANJARMASIN, KALIMANTAN SELATAN , BANJARBARU , LIANG ANGGANG , LANDASAN ULIN UTARA 
BANJARMASIN, KALIMANTAN SELATAN , BANJARBARU , BANJARBARU UTARA (BANJAR BARU UTARA) , LOKTABAT UTARA 
BANJARMASIN, KALIMANTAN SELATAN , BANJARBARU , BANJARBARU SELATAN (BANJAR BARU SELATAN) , GUNTUNG PAIKAT 
BANJARMASIN, KALIMANTAN SELATAN , BANJARBARU , BANJARBARU UTARA (BANJAR BARU UTARA) , SEI/SUNGAI ULIN 
BANJARMASIN, KALIMANTAN SELATAN , BANJARBARU , BANJARBARU SELATAN (BANJAR BARU SELATAN) , KEMUNING 
BANJARMASIN, KALIMANTAN SELATAN , BANJARBARU , LANDASAN ULIN , GUNTUNG MANGGIS 
BANJARMASIN, KALIMANTAN SELATAN , BANJARBARU , LANDASAN ULIN , GUNTUNG PAYUNG 
BANJARMASIN, KALIMANTAN SELATAN , BANJARBARU , LIANG ANGGANG , LANDASAN ULIN BARAT 
BANJARMASIN, KALIMANTAN SELATAN , BANJARBARU , LANDASAN ULIN , SYAMSUDIN NOOR 
BANJARMASIN, KALIMANTAN SELATAN , BANJARBARU , CEMPAKA , CEMPAKA 
BANJARMASIN, KALIMANTAN SELATAN , BANJARMASIN , BANJARMASIN TENGAH , TELUK DALAM 
BANJARMASIN, KALIMANTAN SELATAN , BANJARMASIN , BANJARMASIN UTARA , SEI/SUNGAI JINGAH 
BANJARMASIN, KALIMANTAN SELATAN , BANJARMASIN , BANJARMASIN TIMUR , KURIPAN 
BANJARMASIN, KALIMANTAN SELATAN , BANJARMASIN , BANJARMASIN TIMUR , PENGAMBANGAN 
BANJARMASIN, KALIMANTAN SELATAN , BANJARMASIN , BANJARMASIN TENGAH , MELAYU 
BANJARMASIN, KALIMANTAN SELATAN , BANJARMASIN , BANJARMASIN UTARA , SURGI MUFTI 
BANJARMASIN, KALIMANTAN SELATAN , BANJARMASIN , BANJARMASIN TIMUR , PEMURUS LUAR 
BANJARMASIN, KALIMANTAN SELATAN , BANJARMASIN , BANJARMASIN SELATAN , KELAYAN BARAT 
BANJARMASIN, KALIMANTAN SELATAN , BANJARMASIN , BANJARMASIN SELATAN , PEMURUS DALAM 
BANJARMASIN, KALIMANTAN SELATAN , BANJARMASIN , BANJARMASIN SELATAN , PEMURUS BARU 
BANJARMASIN, KALIMANTAN SELATAN , BANJARMASIN , BANJARMASIN UTARA , SEI/SUNGAI MIAI 
BANJARMASIN, KALIMANTAN SELATAN , BANJARMASIN , BANJARMASIN BARAT , PELAMBUAN 
BANJARMASIN, KALIMANTAN SELATAN , BANJARMASIN , BANJARMASIN UTARA , KUIN UTARA 
BANJARMASIN, KALIMANTAN SELATAN , BANJARMASIN , BANJARMASIN BARAT , KUIN CERUCUK 
BANJARMASIN, KALIMANTAN SELATAN , BANJARMASIN , BANJARMASIN TIMUR , KEBUN BUNGA 
BANJARMASIN, KALIMANTAN SELATAN , BANJARMASIN , BANJARMASIN UTARA , ALALAK UTARA 
BANJARMASIN, KALIMANTAN SELATAN , BANJARMASIN , BANJARMASIN UTARA , PANGERAN 
BANJARMASIN, KALIMANTAN SELATAN , BANJARMASIN , BANJARMASIN UTARA , ANTASAN KECIL TIMUR 
BANJARMASIN, KALIMANTAN SELATAN , BANJARMASIN , BANJARMASIN BARAT , BELITUNG SELATAN 
BANJARMASIN, KALIMANTAN SELATAN , BANJARMASIN , BANJARMASIN TENGAH , PEKAPURAN LAUT 
BANJARMASIN, KALIMANTAN SELATAN , BANJARMASIN , BANJARMASIN BARAT , TELAWANG 
BANJARMASIN, KALIMANTAN SELATAN , BANJARMASIN , BANJARMASIN TENGAH , KERTAK BARU ILIR 
BANJARMASIN, KALIMANTAN SELATAN , BANJARMASIN , BANJARMASIN TENGAH , MAWAR 
BANJARMASIN, KALIMANTAN SELATAN , BANJARMASIN , BANJARMASIN BARAT , BELITUNG UTARA 
BANJARMASIN, KALIMANTAN SELATAN , BANJARMASIN , BANJARMASIN TIMUR , PEKAPURAN RAYA 
BANJARMASIN, KALIMANTAN SELATAN , BANJARMASIN , BANJARMASIN TENGAH , SEBERANG MESJID (SEBERANG MASJID) 
BANJARMASIN, KALIMANTAN SELATAN , BANJARMASIN , BANJARMASIN TENGAH , ANTASAN BESAR 
BANJARMASIN, KALIMANTAN SELATAN , BANJARMASIN , BANJARMASIN BARAT , BASIRIH 
BANJARMASIN, KALIMANTAN SELATAN , BANJARMASIN , BANJARMASIN SELATAN , TANJUNG PAGAR 
BANJARMASIN, KALIMANTAN SELATAN , BANJARMASIN , BANJARMASIN SELATAN , KELAYAN DALAM 
BANJARMASIN, KALIMANTAN SELATAN , BANJARMASIN , BANJARMASIN TENGAH , KERTAK BARU ULU 
BANJARMASIN, KALIMANTAN SELATAN , BANJARMASIN , BANJARMASIN BARAT , TELAGA BIRU 
BANJARMASIN, KALIMANTAN SELATAN , BANJARMASIN , BANJARMASIN TIMUR , SEI/SUNGAI LULUT 
BANJARMASIN, KALIMANTAN SELATAN , BANJARMASIN , BANJARMASIN SELATAN , KELAYAN SELATAN 
BANJARMASIN, KALIMANTAN SELATAN , BANJARMASIN , BANJARMASIN TENGAH , PASAR LAMA 
BANJARMASIN, KALIMANTAN SELATAN , BANJARMASIN , BANJARMASIN UTARA , SUNGAI ANDAI 
BANJARMASIN, KALIMANTAN SELATAN , BANJARMASIN , BANJARMASIN TIMUR , BENUA ANYAR 
BANJARMASIN, KALIMANTAN SELATAN , BANJARMASIN , BANJARMASIN TIMUR , SEI/SUNGAI BILU 
BANJARMASIN, KALIMANTAN SELATAN , BANJARMASIN , BANJARMASIN SELATAN , PEKAUMAN 
BANJARMASIN, KALIMANTAN SELATAN , BARITO KUALA , ALALAK , HANDIL BAKTI 
BANJARMASIN, KALIMANTAN SELATAN , BARITO KUALA , ANJIR MUARA , ANJIR MUARA KOTA 
BANJARMASIN, KALIMANTAN SELATAN , BARITO KUALA , RANTAU BADAUH , SEI/SUNGAI GAMPA ASAHI 
BANJARMASIN, KALIMANTAN SELATAN , BARITO KUALA , ANJIR PASAR , ANJIR PASAR KOTA 
BANJARMASIN, KALIMANTAN SELATAN , BARITO KUALA , ALALAK , SEI/SUNGAI LUMBAH 
BANJARMASIN, KALIMANTAN SELATAN , BARITO KUALA , ANJIR PASAR , ANJIR PASAR LAMA 
BANJARMASIN, KALIMANTAN SELATAN , BARITO KUALA , ALALAK , BERANGAS 
BANJARMASIN, KALIMANTAN SELATAN , BARITO KUALA , MANDASTANA , TABING RIMBAH 
BANJARMASIN, KALIMANTAN TENGAH , BARITO SELATAN , DUSUN SELATAN , BUNTOK KOTA 
BANJARMASIN, KALIMANTAN TENGAH , BARITO SELATAN , DUSUN SELATAN , HILIR SEPER (HILIR SPER) 
BANJARMASIN, KALIMANTAN TENGAH , BARITO SELATAN , DUSUN SELATAN , BARU 
BANJARMASIN, KALIMANTAN TENGAH , BARITO SELATAN , DUSUN SELATAN , SANGGU 
BANJARMASIN, KALIMANTAN TENGAH , BARITO SELATAN , GUNUNG BINTANG AWAI , MUARA SINGAN 
BANJARMASIN, KALIMANTAN TENGAH , BARITO UTARA , TEWEH TENGAH , MELAYU 
BANJARMASIN, KALIMANTAN TENGAH , BARITO UTARA , TEWEH TENGAH , LANJAS 
BANJARMASIN, KALIMANTAN TENGAH , BARITO UTARA , GUNUNG TIMANG , KANDUI 
BANJARMASIN, KALIMANTAN SELATAN , HULU SUNGAI SELATAN , SUNGAI RAYA , KARASIKAN 
BANJARMASIN, KALIMANTAN SELATAN , HULU SUNGAI SELATAN , KANDANGAN , GAMBAH LUAR 
BANJARMASIN, KALIMANTAN SELATAN , HULU SUNGAI SELATAN , KANDANGAN , KANDANGAN BARAT 
BANJARMASIN, KALIMANTAN SELATAN , HULU SUNGAI SELATAN , KANDANGAN , KANDANGAN KOTA 
BANJARMASIN, KALIMANTAN SELATAN , HULU SUNGAI SELATAN , KANDANGAN , GAMBAH DALAM 
BANJARMASIN, KALIMANTAN SELATAN , HULU SUNGAI SELATAN , KANDANGAN , AMAWANG KANAN 
BANJARMASIN, KALIMANTAN SELATAN , HULU SUNGAI UTARA , AMUNTAI TENGAH , KEBUN SARI 
BANJARMASIN, KALIMANTAN TENGAH , KAPUAS , SELAT , SELAT DALAM 
BANJARMASIN, KALIMANTAN TENGAH , KAPUAS , SELAT , SELAT TENGAH 
BANJARMASIN, KALIMANTAN TENGAH , KAPUAS , BASARANG , BUNGAI JAYA 
BANJARMASIN, KALIMANTAN TENGAH , KAPUAS , SELAT , SELAT HILIR 
BANJARMASIN, KALIMANTAN TENGAH , KAPUAS , KAPUAS MURUNG , PALANGKAU LAMA 
BANJARMASIN, KALIMANTAN TENGAH , KAPUAS , KAPUAS TIMUR , ANJIR MAMBULAU BARAT 
BANJARMASIN, KALIMANTAN TENGAH , KAPUAS , TAMBAN CATUR , WARNA SARI 
BANJARMASIN, KALIMANTAN TENGAH , KAPUAS , KAPUAS MURUNG , PALINGKAU BARU 
BANJARMASIN, KALIMANTAN TENGAH , KAPUAS , SELAT , SELAT HULU 
BANJARMASIN, KALIMANTAN TENGAH , KATINGAN , KATINGAN HILIR , KASONGAN LAMA 
BANJARMASIN, KALIMANTAN TENGAH , KATINGAN , KATINGAN HILIR , HAMPALIT 
BANJARMASIN, KALIMANTAN TENGAH , KATINGAN , KATINGAN TENGAH , SAMBA DANUM 
BANJARMASIN, KALIMANTAN SELATAN , KOTABARU , PULAU LAUT / PULAULAUT UTARA , SEI/SUNGAI TAIB 
BANJARMASIN, KALIMANTAN SELATAN , KOTABARU , PULAU LAUT / PULAULAUT UTARA , STAGEN 
BANJARMASIN, KALIMANTAN SELATAN , KOTABARU , PULAU LAUT / PULAULAUT UTARA , SEBATUNG 
BANJARMASIN, KALIMANTAN SELATAN , KOTABARU , PULAU LAUT / PULAULAUT UTARA , BATUAH 
BANJARMASIN, KALIMANTAN SELATAN , KOTABARU , KELUMPANG HILIR , TEGAL REJO 
BANJARMASIN, KALIMANTAN SELATAN , KOTABARU , PAMUKAN BARAT , SENGAYAM 
BANJARMASIN, KALIMANTAN SELATAN , KOTABARU , KELUMPANG HULU , SEI/SUNGAI KUPANG 
BANJARMASIN, KALIMANTAN SELATAN , KOTABARU , KELUMPANG HILIR , TARJUN 
BANJARMASIN, KALIMANTAN SELATAN , KOTABARU , KELUMPANG HULU , SIDOMULYO (SIDO MULYO) 
BANJARMASIN, KALIMANTAN SELATAN , KOTABARU , KELUMPANG BARAT , BUNGKUKAN 
BANJARMASIN, KALIMANTAN SELATAN , KOTABARU , SUNGAI DURIAN (SUNGAIDURIAN) , BULUH KUNING 
BANJARMASIN, KALIMANTAN SELATAN , KOTABARU , KELUMPANG BARAT , MAGALAU HULU 
BANJARMASIN, KALIMANTAN TENGAH , KOTAWARINGIN BARAT , PANGKALAN BANTENG , AMIN JAYA 
BANJARMASIN, KALIMANTAN TENGAH , KOTAWARINGIN BARAT , PANGKALAN LADA , PANDU SANJAYA 
BANJARMASIN, KALIMANTAN TENGAH , KOTAWARINGIN BARAT , PANGKALAN BANTENG , KARANG MULYA (KARANGMULYA) 
BANJARMASIN, KALIMANTAN TENGAH , KOTAWARINGIN BARAT , PANGKALAN LADA , SUMBER AGUNG 
BANJARMASIN, KALIMANTAN TENGAH , KOTAWARINGIN BARAT , PANGKALAN LADA , PANGKALAN DEWA 
BANJARMASIN, KALIMANTAN TENGAH , KOTAWARINGIN BARAT , KUMAI , KUMAI HILIR 
BANJARMASIN, KALIMANTAN TENGAH , KOTAWARINGIN BARAT , ARUT SELATAN , PASIR PANJANG 
BANJARMASIN, KALIMANTAN TENGAH , KOTAWARINGIN BARAT , ARUT SELATAN , BARU 
BANJARMASIN, KALIMANTAN TENGAH , KOTAWARINGIN BARAT , ARUT SELATAN , SIDOREJO 
BANJARMASIN, KALIMANTAN TENGAH , KOTAWARINGIN BARAT , ARUT SELATAN , MADUREJO 
BANJARMASIN, KALIMANTAN TENGAH , KOTAWARINGIN BARAT , ARUT SELATAN , RAJA 
BANJARMASIN, KALIMANTAN TENGAH , KOTAWARINGIN BARAT , KUMAI , BUMI HARJO 
BANJARMASIN, KALIMANTAN TENGAH , KOTAWARINGIN BARAT , KUMAI , SEI/SUNGAI KAPITAN 
BANJARMASIN, KALIMANTAN TENGAH , KOTAWARINGIN BARAT , KUMAI , BATU BELAMAN 
BANJARMASIN, KALIMANTAN TENGAH , KOTAWARINGIN BARAT , KUMAI , CANDI 
BANJARMASIN, KALIMANTAN TENGAH , KOTAWARINGIN BARAT , PANGKALAN LADA , PANGKALAN TIGA 
BANJARMASIN, KALIMANTAN TENGAH , KOTAWARINGIN TIMUR , BAAMANG , BAAMANG BARAT 
BANJARMASIN, KALIMANTAN TENGAH , KOTAWARINGIN TIMUR , BAAMANG , BAAMANG HILIR 
BANJARMASIN, KALIMANTAN TENGAH , KOTAWARINGIN TIMUR , BAAMANG , BAAMANG TENGAH 
BANJARMASIN, KALIMANTAN TENGAH , KOTAWARINGIN TIMUR , MENTAWA BARU KETAPANG , MENTAWA BARU HULU 
BANJARMASIN, KALIMANTAN TENGAH , KOTAWARINGIN TIMUR , MENTAYA HILIR SELATAN , BASIRIH HILIR 
BANJARMASIN, KALIMANTAN TENGAH , KOTAWARINGIN TIMUR , MENTAWA BARU KETAPANG , MENTAWA BARU HILIR 
BANJARMASIN, KALIMANTAN TENGAH , KOTAWARINGIN TIMUR , MENTAWA BARU KETAPANG , KETAPANG 
BANJARMASIN, KALIMANTAN TENGAH , KOTAWARINGIN TIMUR , CEMPAGA , CEMPAKA MULIA TIMUR 
BANJARMASIN, KALIMANTAN TENGAH , KOTAWARINGIN TIMUR , TELAWANG , SEBABI 
BANJARMASIN, KALIMANTAN TENGAH , KOTAWARINGIN TIMUR , CEMPAGA HULU , PUNDU 
BANJARMASIN, KALIMANTAN TENGAH , KOTAWARINGIN TIMUR , PARENGGEAN , PARENGGEAN 
BANJARMASIN, KALIMANTAN TENGAH , KOTAWARINGIN TIMUR , CEMPAGA , SEI/SUNGAI PARING 
BANJARMASIN, KALIMANTAN TENGAH , KOTAWARINGIN TIMUR , KOTA BESI , KOTA BESI HULU 
BANJARMASIN, KALIMANTAN TENGAH , KOTAWARINGIN TIMUR , PARENGGEAN , KARANG SARI 
BANJARMASIN, KALIMANTAN TENGAH , KOTAWARINGIN TIMUR , MENTAWA BARU KETAPANG , SAWAHAN 
BANJARMASIN, KALIMANTAN TENGAH , KOTAWARINGIN TIMUR , TELAWANG , PENYANG (PERYANG) 
BANJARMASIN, KALIMANTAN TENGAH , KOTAWARINGIN TIMUR , PARENGGEAN , MEKAR JAYA 
BANJARMASIN, KALIMANTAN TENGAH , MURUNG RAYA , MURUNG , PURUK CAHU 
BANJARMASIN, KALIMANTAN TENGAH , MURUNG RAYA , MURUNG , DANAU USUNG 
BANJARMASIN, KALIMANTAN TENGAH , MURUNG RAYA , MURUNG , BERIWIT 
BANJARMASIN, KALIMANTAN TENGAH , MURUNG RAYA , TANAH SIANG SELATAN , DATAH KOTOU 
BANJARMASIN, KALIMANTAN TENGAH , MURUNG RAYA , LAUNG TUHUP , MUARA LAUNG I 
BANJARMASIN, KALIMANTAN TENGAH , PALANGKA RAYA , JEKAN RAYA , MENTENG 
BANJARMASIN, KALIMANTAN TENGAH , PALANGKA RAYA , JEKAN RAYA , PALANGKA 
BANJARMASIN, KALIMANTAN TENGAH , PALANGKA RAYA , JEKAN RAYA , BUKIT TUNGGAL 
BANJARMASIN, KALIMANTAN TENGAH , PALANGKA RAYA , PAHANDUT , PANARUNG 
BANJARMASIN, KALIMANTAN TENGAH , PALANGKA RAYA , BUKIT BATU , BANTURUNG 
BANJARMASIN, KALIMANTAN TENGAH , PALANGKA RAYA , PAHANDUT , LANGKAI 
BANJARMASIN, KALIMANTAN TENGAH , PALANGKA RAYA , SABANGAU (SEBANGAU) , SABARU 
BANJARMASIN, KALIMANTAN TENGAH , PALANGKA RAYA , PAHANDUT , PAHANDUT 
BANJARMASIN, KALIMANTAN TENGAH , PALANGKA RAYA , BUKIT BATU , TANGKILING 
BANJARMASIN, KALIMANTAN TENGAH , PALANGKA RAYA , SABANGAU (SEBANGAU) , KERENG BANGKIRAI 
BANJARMASIN, KALIMANTAN TENGAH , PALANGKA RAYA , PAHANDUT , PAHANDUT SEBERANG 
BANJARMASIN, KALIMANTAN TENGAH , PULANG PISAU , KAHAYAN HILIR , ANJIR PULANG PISAU 
BANJARMASIN, KALIMANTAN TENGAH , PULANG PISAU , JABIREN (JABIREN RAYA) , JABIREN 
BANJARMASIN, KALIMANTAN SELATAN , TANAH BUMBU , SATUI , MAKMUR MULIA (MULYA MAKMUR) 
BANJARMASIN, KALIMANTAN SELATAN , TANAH BUMBU , SIMPANG EMPAT , KAMPUNG BARU 
BANJARMASIN, KALIMANTAN SELATAN , TANAH BUMBU , SIMPANG EMPAT , PULAUPANJANG (PULAU PANJANG) 
BANJARMASIN, KALIMANTAN SELATAN , TANAH BUMBU , BATU LICIN (BATULICIN) , KERSIK PUTIH 
BANJARMASIN, KALIMANTAN SELATAN , TANAH BUMBU , SATUI , SEI/SUNGAI CUKA 
BANJARMASIN, KALIMANTAN SELATAN , TANAH BUMBU , SATUI , SEI/SUNGAI DANAU 
BANJARMASIN, KALIMANTAN SELATAN , TANAH BUMBU , ANGSANA , ANGSANA 
BANJARMASIN, KALIMANTAN SELATAN , TANAH BUMBU , ANGSANA , KARANG INDAH 
BANJARMASIN, KALIMANTAN SELATAN , TANAH BUMBU , SIMPANG EMPAT , SARI GADUNG 
BANJARMASIN, KALIMANTAN SELATAN , TANAH BUMBU , BATU LICIN (BATULICIN) , BATULICIN 
BANJARMASIN, KALIMANTAN SELATAN , TANAH BUMBU , SATUI , SINAR BULAN 
BANJARMASIN, KALIMANTAN SELATAN , TANAH BUMBU , SIMPANG EMPAT , BAROQAH 
BANJARMASIN, KALIMANTAN SELATAN , TANAH BUMBU , KARANG BINTANG , MANUNGGAL 
BANJARMASIN, KALIMANTAN SELATAN , TANAH BUMBU , MANTEWE , SUKA DAMAI (SUKADAMAI) 
BANJARMASIN, KALIMANTAN SELATAN , TANAH BUMBU , SIMPANG EMPAT , TUNGKARAN PANGERAN 
BANJARMASIN, KALIMANTAN SELATAN , TANAH BUMBU , SIMPANG EMPAT , BERSUJUD 
BANJARMASIN, KALIMANTAN SELATAN , TANAH LAUT , PELAIHARI , ANGSAU 
BANJARMASIN, KALIMANTAN SELATAN , TANAH LAUT , KINTAP , KINTAP PURA (KINTAPURA) 
BANJARMASIN, KALIMANTAN SELATAN , TANAH LAUT , PELAIHARI , PABAHANAN 
BANJARMASIN, KALIMANTAN SELATAN , TANAH LAUT , BATU AMPAR , TAJAU PECAH 
BANJARMASIN, KALIMANTAN SELATAN , TANAH LAUT , PELAIHARI , SARANG HALANG 
BANJARMASIN, KALIMANTAN SELATAN , TANAH LAUT , KINTAP , SEI/SUNGAI CUKA 
BANJARMASIN, KALIMANTAN SELATAN , TANAH LAUT , KINTAP , BUKIT MULIA 
BANJARMASIN, KALIMANTAN SELATAN , TANAH LAUT , PELAIHARI , PANGGUNG 
BANJARMASIN, KALIMANTAN SELATAN , TANAH LAUT , JORONG , JORONG 
BANJARMASIN, KALIMANTAN SELATAN , TANAH LAUT , JORONG , ASAM ASAM 
BANJARMASIN, KALIMANTAN SELATAN , TANAH LAUT , PELAIHARI , KARANG TARUNA 
BANJARMASIN, KALIMANTAN SELATAN , TANAH LAUT , BATI-BATI , PADANG 
BANJARMASIN, KALIMANTAN SELATAN , TANAH LAUT , PELAIHARI , PELAIHARI 
BANJARMASIN, KALIMANTAN SELATAN , TANAH LAUT , BATU AMPAR , BATU AMPAR 
BANJARMASIN, KALIMANTAN SELATAN , TANAH LAUT , BATI-BATI , UJUNG BARU 
BANJARMASIN, KALIMANTAN SELATAN , TAPIN , BINUANG , TUNGKAP 
BANJARMASIN, KALIMANTAN SELATAN , TAPIN , TAPIN UTARA , RANTAU KIWA 
BANJARMASIN, KALIMANTAN SELATAN , TAPIN , TAPIN UTARA , RANTAU KANAN 
BANJARMASIN, KALIMANTAN SELATAN , TAPIN , TAPIN UTARA , KUPANG 
BANJARMASIN, KALIMANTAN SELATAN , TAPIN , TAPIN SELATAN , TAMBARANGAN 
BANJARMASIN, KALIMANTAN SELATAN , TAPIN , SALAM BABARIS , SALAM BABARIS 
BANJARMASIN, KALIMANTAN SELATAN , TAPIN , BINUANG , BINUANG 
BANJARMASIN, KALIMANTAN SELATAN , TAPIN , BINUANG , PULAUPINANG (PULAU PINANG) 
BANDUNG, JAWA BARAT , BANDUNG , MARGAASIH , MEKARRAHAYU (MEKAR RAHAYU) 
BANDUNG, JAWA BARAT , BANDUNG , ANDIR , GARUDA 
BANDUNG, JAWA BARAT , BANDUNG , RANCASARI , MUNJAHLEGA (MANJAHLEGA / CISARANTENKIDUL) 
BANDUNG, JAWA BARAT , BANDUNG , BANDUNG WETAN , TAMANSARI 
BANDUNG, JAWA BARAT , BANDUNG , CICALENGKA , CICALENGKA KULON 
BANDUNG, JAWA BARAT , BANDUNG , BOJONGLOA KALER , BABAKAN ASIH 
BANDUNG, JAWA BARAT , BANDUNG , BOJONGLOA KALER , JAMIKA 
BANDUNG, JAWA BARAT , BANDUNG , PANYILEUKAN , CIPADUNG KIDUL 
BANDUNG, JAWA BARAT , BANDUNG , MARGAASIH , MARGAASIH 
BANDUNG, JAWA BARAT , BANDUNG , RANCAEKEK , RANCAEKEK WETAN 
BANDUNG, JAWA BARAT , BANDUNG , BANJARAN , BANJARAN WETAN 
BANDUNG, JAWA BARAT , BANDUNG , CIBEUNYING KIDUL , PADASUKA 
BANDUNG, JAWA BARAT , BANDUNG , MANDALAJATI , JATIHANDAP 
BANDUNG, JAWA BARAT , BANDUNG , REGOL , CISEUREUH 
BANDUNG, JAWA BARAT , BANDUNG , UJUNGBERUNG (UJUNG BERUNG) , CIGENDING 
BANDUNG, JAWA BARAT , BANDUNG , SUKAJADI , SUKAGALIH 
BANDUNG, JAWA BARAT , BANDUNG , ANDIR , CIROYOM 
BANDUNG, JAWA BARAT , BANDUNG , ARCAMANIK , CISARANTEN KULON 
BANDUNG, JAWA BARAT , BANDUNG , BUAHBATU (MARGACINTA) , MARGASARI 
BANDUNG, JAWA BARAT , BANDUNG , COBLONG , SADANGSERANG (SADANG SERANG) 
BANDUNG, JAWA BARAT , BANDUNG , RANCASARI , MEKARMULYA (MEKAR MULYA / MEKARJAYA) 
BANDUNG, JAWA BARAT , BANDUNG , BABAKAN CIPARAY , BABAKAN CIPARAY 
BANDUNG, JAWA BARAT , BANDUNG , PAMEUNGPEUK , BOJONGMANGGU 
BANDUNG, JAWA BARAT , BANDUNG , BOJONGSOANG , BOJONGSOANG 
BANDUNG, JAWA BARAT , BANDUNG , KIARACONDONG , BABAKANSARI (BABAKAN SARI) 
BANDUNG, JAWA BARAT , BANDUNG , SUKASARI , ISOLA 
BANDUNG, JAWA BARAT , BANDUNG , COBLONG , DAGO 
BANDUNG, JAWA BARAT , BANDUNG , ANTAPANI (CICADAS) , ANTAPANI TENGAH 
BANDUNG, JAWA BARAT , BANDUNG , SUKASARI , GEGERKALONG (GEGER KALONG) 
BANDUNG, JAWA BARAT , BANDUNG , COBLONG , CIPAGANTI 
BANDUNG, JAWA BARAT , BANDUNG , ASTANA ANYAR , KARANGANYAR 
BANDUNG, JAWA BARAT , BANDUNG , CILEUNYI , CIBIRU HILIR 
BANDUNG, JAWA BARAT , BANDUNG , CICENDO , ARJUNA 
BANDUNG, JAWA BARAT , BANDUNG , KIARACONDONG , CICAHEUM 
BANDUNG, JAWA BARAT , BANDUNG , CIBEUNYING KALER , SUKALUYU 
BANDUNG, JAWA BARAT , BANDUNG , NAGREG , CITAMAN 
BANDUNG, JAWA BARAT , BANDUNG , CIBEUNYING KIDUL , SUKAPADA 
BANDUNG, JAWA BARAT , BANDUNG , BALEENDAH , WARGAMEKAR 
BANDUNG, JAWA BARAT , BANDUNG , MARGAHAYU , SUKAMENAK 
BANDUNG, JAWA BARAT , BANDUNG , SOREANG , CINGCIN 
BANDUNG, JAWA BARAT , BANDUNG , SUKAJADI , PASTEUR 
BANDUNG, JAWA BARAT , BANDUNG , COBLONG , SEKELOA 
BANDUNG, JAWA BARAT , BANDUNG , KIARACONDONG , BABAKAN SURABAYA 
BANDUNG, JAWA BARAT , BANDUNG , BANJARAN , KAMASAN 
BANDUNG, JAWA BARAT , BANDUNG , BANDUNG KULON , CIGONDEWAH KIDUL 
BANDUNG, JAWA BARAT , BANDUNG , SOLOKANJERUK (SOLOKAN JERUK) , SOLOKANJERUK (SOLOKAN JERUK) 
BANDUNG, JAWA BARAT , BANDUNG , CIBEUNYING KALER , CIHAUR GEULIS 
BANDUNG, JAWA BARAT , BANDUNG , CIBEUNYING KIDUL , PASIRLAYUNG 
BANDUNG, JAWA BARAT , BANDUNG , SUKASARI , SARIJADI 
BANDUNG, JAWA BARAT , BANDUNG , COBLONG , LEBAKGEDE (LEBAK GEDE) 
BANDUNG, JAWA BARAT , BANDUNG , BALEENDAH , BALEENDAH 
BANDUNG, JAWA BARAT , BANDUNG , GEDEBAGE , RANCABOLANG (RANCABALONG) 
BANDUNG, JAWA BARAT , BANDUNG , BANDUNG KIDUL , KUJANGSARI 
BANDUNG, JAWA BARAT , BANDUNG , CANGKUANG , CILUNCAT 
BANDUNG, JAWA BARAT , BANDUNG , MARGAASIH , RAHAYU 
BANDUNG, JAWA BARAT , BANDUNG , PASEH , SUKAMANAH 
BANDUNG, JAWA BARAT , BANDUNG , BANDUNG WETAN , CIHAPIT 
BANDUNG, JAWA BARAT , BANDUNG , BATUNUNGGAL , MALEER 
BANDUNG, JAWA BARAT , BANDUNG , CICENDO , PASIR KALIKI 
BANDUNG, JAWA BARAT , BANDUNG , CIBIRU , PALASARI 
BANDUNG, JAWA BARAT , BANDUNG , ASTANA ANYAR , PELINDUNG HEWAN 
BANDUNG, JAWA BARAT , BANDUNG , RANCAEKEK , JELEGONG 
BANDUNG, JAWA BARAT , BANDUNG , BABAKAN CIPARAY , MARGASUKA 
BANDUNG, JAWA BARAT , BANDUNG , CIMAUNG , CIMAUNG 
BANDUNG, JAWA BARAT , BANDUNG , MARGAHAYU , SAYATI 
BANDUNG, JAWA BARAT , BANDUNG , BOJONGLOA KIDUL , CIBADUYUT 
BANDUNG, JAWA BARAT , BANDUNG , LENGKONG , BURANGRANG 
BANDUNG, JAWA BARAT , BANDUNG , ANDIR , KEBON JERUK 
BANDUNG, JAWA BARAT , BANDUNG , DAYEUHKOLOT , PASAWPASAWAHAN 
BANDUNG, JAWA BARAT , BANDUNG , ARCAMANIK , SUKAMISKIN 
BANDUNG, JAWA BARAT , BANDUNG , CIPARAY , SARIMAHI 
BANDUNG, JAWA BARAT , BANDUNG , PANYILEUKAN , CIPADUNG WETAN 
BANDUNG, JAWA BARAT , BANDUNG , CILEUNYI , CINUNUK 
BANDUNG, JAWA BARAT , BANDUNG , SUMUR BANDUNG , BABAKAN CIAMIS 
BANDUNG, JAWA BARAT , BANDUNG , UJUNGBERUNG (UJUNG BERUNG) , PASIR ENDAH 
BANDUNG, JAWA BARAT , BANDUNG , LENGKONG , CIJAGRA 
BANDUNG, JAWA BARAT , BANDUNG , SUKAJADI , SUKAWARNA 
BANDUNG, JAWA BARAT , BANDUNG , ANTAPANI (CICADAS) , ANTAPANI KIDUL 
BANDUNG, JAWA BARAT , BANDUNG , LENGKONG , TURANGGA 
BANDUNG, JAWA BARAT , BANDUNG , CIBEUNYING KALER , CIGADUNG 
BANDUNG, JAWA BARAT , BANDUNG , RANCAEKEK , NANJUNG MEKAR (NANJUNGMEKAR) 
BANDUNG, JAWA BARAT , BANDUNG , CILEUNYI , CIMEKAR 
BANDUNG, JAWA BARAT , BANDUNG , DAYEUHKOLOT , CITEUREUP 
BANDUNG, JAWA BARAT , BANDUNG , LENGKONG , LINGKAR SELATAN 
BANDUNG, JAWA BARAT , BANDUNG , SUMUR BANDUNG , MERDEKA 
BANDUNG, JAWA BARAT , BANDUNG , SUKASARI , SUKARASA 
BANDUNG, JAWA BARAT , BANDUNG , LENGKONG , MALABAR 
BANDUNG, JAWA BARAT , BANDUNG , SUKAJADI , SUKABUNGAH 
BANDUNG, JAWA BARAT , BANDUNG , CIBEUNYING KIDUL , SUKAMAJU 
BANDUNG, JAWA BARAT , BANDUNG , KATAPANG , PANGAUBAN 
BANDUNG, JAWA BARAT , BANDUNG , KIARACONDONG , KEBON KANGKUNG 
BANDUNG, JAWA BARAT , BANDUNG , GEDEBAGE , CISANTREN KIDUL (CISARANTEN KIDUL) 
BANDUNG, JAWA BARAT , BANDUNG , SUMUR BANDUNG , KEBON PISANG 
BANDUNG, JAWA BARAT , BANDUNG , BALEENDAH , MALAKASARI 
BANDUNG, JAWA BARAT , BANDUNG , BALEENDAH , RANCAMANYAR 
BANDUNG, JAWA BARAT , BANDUNG , ASTANA ANYAR , KARASAK 
BANDUNG, JAWA BARAT , BANDUNG , CIBEUNYING KIDUL , CIKUTRA 
BANDUNG, JAWA BARAT , BANDUNG , CILEUNYI , CILEUNYI WETAN 
BANDUNG, JAWA BARAT , BANDUNG , SUKAJADI , CIPEDES 
BANDUNG, JAWA BARAT , BANDUNG , CIMENYAN (CIMEUNYAN) , CIBEUNYING 
BANDUNG, JAWA BARAT , BANDUNG , UJUNGBERUNG (UJUNG BERUNG) , PASANGGRAHAN 
BANDUNG, JAWA BARAT , BANDUNG , MARGAHAYU , MAGAHAYU SELATAN (MARGAHAYU SELATAN) 
BANDUNG, JAWA BARAT , BANDUNG , BANDUNG KULON , CARINGIN 
BANDUNG, JAWA BARAT , BANDUNG , PASEH , CIPAKU 
BANDUNG, JAWA BARAT , BANDUNG , UJUNGBERUNG (UJUNG BERUNG) , PASIRWANGI 
BANDUNG, JAWA BARAT , BANDUNG , MANDALAJATI , SINDANG JAYA 
BANDUNG, JAWA BARAT , BANDUNG , CIDADAP , HEGARMANAH 
BANDUNG, JAWA BARAT , BANDUNG , KATAPANG , GANDASARI 
BANDUNG, JAWA BARAT , BANDUNG , LENGKONG , PALEDANG 
BANDUNG, JAWA BARAT , BANDUNG , BOJONGLOA KIDUL , MEKARWANGI 
BANDUNG, JAWA BARAT , BANDUNG , CINAMBO , CISARANTEN WETAN 
BANDUNG, JAWA BARAT , BANDUNG , REGOL , CIGERELENG 
BANDUNG, JAWA BARAT , BANDUNG , BATUNUNGGAL , CIBANGKONG 
BANDUNG, JAWA BARAT , BANDUNG , MARGAASIH , NANJUNG 
BANDUNG, JAWA BARAT , BANDUNG , BOJONGSOANG , CIPAGALO 
BANDUNG, JAWA BARAT , BANDUNG , RANCAEKEK , BOJONGLOA 
BANDUNG, JAWA BARAT , BANDUNG , MARGAHAYU , MARGAHAYU TENGAH 
BANDUNG, JAWA BARAT , BANDUNG , CILEUNYI , CILEUNYI KULON 
BANDUNG, JAWA BARAT , BANDUNG , REGOL , PUNGKUR 
BANDUNG, JAWA BARAT , BANDUNG , MAJALAYA , MAJASETRA 
BANDUNG, JAWA BARAT , BANDUNG , SOREANG , PAMEKARAN 
BANDUNG, JAWA BARAT , BANDUNG , SUMUR BANDUNG , BRAGA 
BANDUNG, JAWA BARAT , BANDUNG , CIKANCUNG , TANJUNGLAYA 
BANDUNG, JAWA BARAT , BANDUNG , RANCAEKEK , LINGGAR 
BANDUNG, JAWA BARAT , BANDUNG , PANGALENGAN , PANGALENGAN 
BANDUNG, JAWA BARAT , BANDUNG , REGOL , BALONGGEDE (BALONG GEDE) 
BANDUNG, JAWA BARAT , BANDUNG , BANDUNG WETAN , CITARUM 
BANDUNG, JAWA BARAT , BANDUNG , CIPARAY , SERANGMEKAR 
BANDUNG, JAWA BARAT , BANDUNG , LENGKONG , CIKAWAO 
BANDUNG, JAWA BARAT , BANDUNG , RANCASARI , CIPAMOKOLAN 
BANDUNG, JAWA BARAT , BANDUNG , REGOL , CIATEUL 
BANDUNG, JAWA BARAT , BANDUNG , MAJALAYA , PADAMULYA 
BANDUNG, JAWA BARAT , BANDUNG , REGOL , PASIRLUYU 
BANDUNG, JAWA BARAT , BANDUNG , CICENDO , SUKARAJA 
BANDUNG, JAWA BARAT , BANDUNG , PANGALENGAN , SUKAMANAH 
BANDUNG, JAWA BARAT , BANDUNG , REGOL , ANCOL 
BANDUNG, JAWA BARAT , BANDUNG , PAMEUNGPEUK , RANCAMULYA 
BANDUNG, JAWA BARAT , BANDUNG , BANDUNG KULON , CIBUNTU 
BANDUNG, JAWA BARAT , BANDUNG , BANDUNG KIDUL , WATES 
BANDUNG, JAWA BARAT , BANDUNG , BOJONGLOA KALER , BABAKAN TAROGONG 
BANDUNG, JAWA BARAT , BANDUNG , BOJONGLOA KIDUL , KEBON LEGA 
BANDUNG, JAWA BARAT , BANDUNG , PASIRJAMBU , PASIRJAMBU 
BANDUNG, JAWA BARAT , BANDUNG , CIBIRU , CIPADUNG 
BANDUNG, JAWA BARAT , BANDUNG , BABAKAN CIPARAY , CIRANGRANG 
BANDUNG, JAWA BARAT , BANDUNG , ANTAPANI (CICADAS) , ANTAPANI WETAN 
BANDUNG, JAWA BARAT , BANDUNG , KUTAWARINGIN , GAJAH MEKAR (GAJAHMEKAR) 
BANDUNG, JAWA BARAT , BANDUNG , IBUN , LAMPEGAN 
BANDUNG, JAWA BARAT , BANDUNG , MANDALAJATI , PASIR IMPUN 
BANDUNG, JAWA BARAT , BANDUNG , DAYEUHKOLOT , CANGKUANG KULON 
BANDUNG, JAWA BARAT , BANDUNG , CIPARAY , PAKUTANDANG 
BANDUNG, JAWA BARAT , BANDUNG , BATUNUNGGAL , BINONG 
BANDUNG, JAWA BARAT , BANDUNG , BANDUNG KULON , WARUNG MUNCANG 
BANDUNG, JAWA BARAT , BANDUNG , BALEENDAH , MANGGAHANG 
BANDUNG, JAWA BARAT , BANDUNG , BOJONGLOA KALER , KOPO 
BANDUNG, JAWA BARAT , BANDUNG , CANGKUANG , CANGKUANG 
BANDUNG, JAWA BARAT , BANDUNG , BOJONGSOANG , LENGKONG 
BANDUNG, JAWA BARAT , BANDUNG , CIBIRU , PASIR BIRU (PASIRBIRU) 
BANDUNG, JAWA BARAT , BANDUNG , CIPARAY , CIHEULANG 
BANDUNG, JAWA BARAT , BANDUNG , CIWIDEY , CIWIDEY 
BANDUNG, JAWA BARAT , BANDUNG , KUTAWARINGIN , PADASUKA 
BANDUNG, JAWA BARAT , BANDUNG , BANDUNG KIDUL , MENGGER 
BANDUNG, JAWA BARAT , BANDUNG , CICALENGKA , PANENJOAN 
BANDUNG, JAWA BARAT , BANDUNG , BOJONGSOANG , BUAHBATU 
BANDUNG, JAWA BARAT , BANDUNG , ANDIR , MALEBER (MALEER) 
BANDUNG, JAWA BARAT , BANDUNG , PANGALENGAN , MARGAMULYA 
BANDUNG, JAWA BARAT , BANDUNG , ARJASARI , BATUKARUT 
BANDUNG, JAWA BARAT , BANDUNG , BANDUNG KULON , CIJERAH 
BANDUNG, JAWA BARAT , BANDUNG , MAJALAYA , BOJONG 
BANDUNG, JAWA BARAT , BANDUNG , NAGREG , CIARO 
BANDUNG, JAWA BARAT , BANDUNG , CICENDO , PAJAJARAN 
BANDUNG, JAWA BARAT , BANDUNG , BANDUNG KIDUL , BATUNUNGGAL 
BANDUNG, JAWA BARAT , BANDUNG , PANYILEUKAN , MEKAR MULYA (MEKARMULYA) 
BANDUNG, JAWA BARAT , BANDUNG , KATAPANG , CILAMPENI 
BANDUNG, JAWA BARAT , BANDUNG , PASEH , CIJAGRA 
BANDUNG, JAWA BARAT , BANDUNG , CIPARAY , MANGUNHARJA (MANGGUNGHARJA) 
BANDUNG, JAWA BARAT , BANDUNG , CIMENYAN (CIMEUNYAN) , PADASUKA 
BANDUNG, JAWA BARAT , BANDUNG , CIKANCUNG , CILULUK 
BANDUNG, JAWA BARAT , BANDUNG , BANDUNG KULON , CIGONDEWAH KALER 
BANDUNG, JAWA BARAT , BANDUNG , CIMAUNG , CIPINANG 
BANDUNG, JAWA BARAT , BANDUNG , CICALENGKA , NAGROG 
BANDUNG, JAWA BARAT , BANDUNG , CIPARAY , CIKONENG 
BANDUNG, JAWA BARAT , BANDUNG , MAJALAYA , WANGISAGARA 
BANDUNG, JAWA BARAT , BANDUNG , BABAKAN CIPARAY , MARGAHAYU UTARA 
BANDUNG, JAWA BARAT , BANDUNG , BUAHBATU (MARGACINTA) , JATISARI 
BANDUNG, JAWA BARAT , BANDUNG , NAGREG , NAGREG 
BANDUNG, JAWA BARAT , BANDUNG , CIWIDEY , PANUNDAAN 
BANDUNG, JAWA BARAT , BANDUNG , MAJALAYA , PADAULUN 
BANDUNG, JAWA BARAT , BANDUNG , CIMENYAN (CIMEUNYAN) , CIBURIAL 
BANDUNG, JAWA BARAT , BANDUNG , RANCASARI , DERWATI (DARWATI) 
BANDUNG, JAWA BARAT , BANDUNG , MANDALAJATI , KARANG PAMULANG 
BANDUNG, JAWA BARAT , BANDUNG , UJUNGBERUNG (UJUNG BERUNG) , PASIRJATI 
BANDUNG, JAWA BARAT , BANDUNG , SOREANG , SOREANG 
BANDUNG, JAWA BARAT , BANDUNG , PASIRJAMBU , CISONDARI 
BANDUNG, JAWA BARAT , BANDUNG , RANCABALI (RANCA BALI) , ALAMENDAH 
BANDUNG, JAWA BARAT , BANDUNG , MAJALAYA , SUKAMUKTI 
BANDUNG, JAWA BARAT , BANDUNG , BANJARAN , MARGAHURIP 
BANDUNG, JAWA BARAT , BANDUNG , KATAPANG , SUKAMUKTI 
BANDUNG, JAWA BARAT , BANDUNG , PASEH , TANGSIMEKAR 
BANDUNG, JAWA BARAT , BANDUNG , CILENGKRANG , JATIENDAH 
BANDUNG, JAWA BARAT , BANDUNG , CINAMBO , SUKAMULYA 
BANDUNG, JAWA BARAT , BANDUNG , ANDIR , DUNGUS CARIANG 
BANDUNG, JAWA BARAT , BANDUNG , CINAMBO , PAKEMITAN 
BANDUNG, JAWA BARAT , BANDUNG , BUAHBATU (MARGACINTA) , SEKEJATI 
BANDUNG, JAWA BARAT , BANDUNG , CIBEUNYING KALER , NEGLASARI 
BANDUNG, JAWA BARAT , BANDUNG , BOJONGLOA KALER , SUKA ASIH 
BANDUNG, JAWA BARAT , BANDUNG , CICALENGKA , TENJOLAYA 
BANDUNG, JAWA BARAT , BANDUNG , IBUN , TANGULUN (TANGGULUN) 
BANDUNG, JAWA BARAT , BANDUNG , SOLOKANJERUK (SOLOKAN JERUK) , RANCAKASUMBA 
BANDUNG, JAWA BARAT , BANDUNG , CICENDO , HUSEN SASTRANEGARA 
BANDUNG, JAWA BARAT , BANDUNG , RANCAEKEK , SUKAMANAH 
BANDUNG, JAWA BARAT , BANDUNG , BOJONGSOANG , TEGALLUAR 
BANDUNG, JAWA BARAT , BANDUNG , ARJASARI , LEBAKWANGI 
BANDUNG, JAWA BARAT , BANDUNG , BALEENDAH , BOJONGMALAKA 
BANDUNG, JAWA BARAT , BANDUNG , PAMEUNGPEUK , LANGONSARI 
BANDUNG, JAWA BARAT , BANDUNG , BANDUNG KULON , GEMPOLSARI 
BANDUNG, JAWA BARAT , BANDUNG , BALEENDAH , JELEKONG 
BANDUNG, JAWA BARAT , BANDUNG , BALEENDAH , ANDIR 
BANDUNG, JAWA BARAT , BANDUNG , SOLOKANJERUK (SOLOKAN JERUK) , BOJONGEMAS 
BANDUNG, JAWA BARAT , BANDUNG , PANGALENGAN , PULOSARI 
BANDUNG, JAWA BARAT , BANDUNG , CANGKUANG , TANJUNGSARI 
BANDUNG, JAWA BARAT , BANDUNG , CICALENGKA , CIKUYA 
BANDUNG, JAWA BARAT , BANDUNG , CICALENGKA , NARAWITA 
BANDUNG, JAWA BARAT , BANDUNG , CIPARAY , BUMIWANGI 
BANDUNG, JAWA BARAT , BANDUNG , SOREANG , SADU 
BANDUNG, JAWA BARAT , BANDUNG , CIMAUNG , CIKALONG 
BANDUNG, JAWA BARAT , BANDUNG , RANCAEKEK , RANCAEKEK KENCANA 
BANDUNG, JAWA BARAT , BANDUNG , CIMAUNG , JAGABAYA 
BANDUNG, JAWA BARAT , BANDUNG , BATUNUNGGAL , GUMURUH 
BANDUNG, JAWA BARAT , BANDUNG , BOJONGLOA KIDUL , SITUSAEUR 
BANDUNG, JAWA BARAT , BANDUNG , CIKANCUNG , HEGARMANAH 
BANDUNG, JAWA BARAT , BANDUNG , SOLOKANJERUK (SOLOKAN JERUK) , PANYADAP 
BANDUNG, JAWA BARAT , BANDUNG , CIPARAY , MEKARSARI 
BANDUNG, JAWA BARAT , BANDUNG , ARCAMANIK , CISARANTEN KIDUL 
BANDUNG, JAWA BARAT , BANDUNG , BANJARAN , TARAJUSARI 
BANDUNG, JAWA BARAT , BANDUNG , KERTASARI , CIBEUREUM 
BANDUNG, JAWA BARAT , BANDUNG , CIBIRU , CISURUPAN 
BANDUNG, JAWA BARAT , BANDUNG , GEDEBAGE , RANCANUMPANG 
BANDUNG, JAWA BARAT , BANDUNG , CIKANCUNG , CIKASUNGKA 
BANDUNG, JAWA BARAT , BANDUNG , KATAPANG , SANGKANHURIP 
BANDUNG, JAWA BARAT , BANDUNG , BANJARAN , BANJARAN KULON 
BANDUNG, JAWA BARAT , BANDUNG , SOREANG , PARUNGSERAB 
BANDUNG, JAWA BARAT , BANDUNG , ARCAMANIK , CISARANTEN BINA HARAPAN (CISARENTEN BINA HARAPAN) 
BANDUNG, JAWA BARAT , BANDUNG , CANGKUANG , PANANJUNG 
BANDUNG, JAWA BARAT , BANDUNG , BANDUNG KULON , CIGONDEWAH RAHAYU 
BANDUNG, JAWA BARAT , BANDUNG , PASIRJAMBU , CUKANGGENTENG 
BANDUNG, JAWA BARAT , BANDUNG , KUTAWARINGIN , KOPO 
BANDUNG, JAWA BARAT , BANDUNG , BATUNUNGGAL , KEBONWARU 
BANDUNG, JAWA BARAT , BANDUNG , SOREANG , KARAMATMULYA 
BANDUNG, JAWA BARAT ,  , CIBEUNYING KIDUL , SUKAPADA 
BANDUNG, JAWA BARAT ,  , COBLONG , SEKELOA 
BANDUNG, JAWA BARAT , BANDUNG BARAT , NGAMPRAH , TANIMULYA 
BANDUNG, JAWA BARAT , BANDUNG BARAT , PADALARANG , PADALARANG 
BANDUNG, JAWA BARAT , BANDUNG BARAT , CIPATAT , RAJAMANDALAKULON (RAJAMANDALA KULON) 
BANDUNG, JAWA BARAT , BANDUNG BARAT , BATUJAJAR , BATUJAJAR BARAT 
BANDUNG, JAWA BARAT , BANDUNG BARAT , PADALARANG , TAGOGAPU 
BANDUNG, JAWA BARAT , BANDUNG BARAT , NGAMPRAH , CIMAREME 
BANDUNG, JAWA BARAT , BANDUNG BARAT , NGAMPRAH , MARGAJAYA 
BANDUNG, JAWA BARAT , BANDUNG BARAT , LEMBANG , JAYAGIRI 
BANDUNG, JAWA BARAT , BANDUNG BARAT , LEMBANG , LEMBANG 
BANDUNG, JAWA BARAT , BANDUNG BARAT , PADALARANG , LAKSANAMEKAR 
BANDUNG, JAWA BARAT , BANDUNG BARAT , CILILIN , RANCAPANGGUNG 
BANDUNG, JAWA BARAT , BANDUNG BARAT , CISARUA , JAMBUDIPA 
BANDUNG, JAWA BARAT , BANDUNG BARAT , CISARUA , KERTAWANGI 
BANDUNG, JAWA BARAT , BANDUNG BARAT , PARONGPONG , CIWARUGA 
BANDUNG, JAWA BARAT , BANDUNG BARAT , BATUJAJAR , GALANGGANG 
BANDUNG, JAWA BARAT , BANDUNG BARAT , CIHAMPELAS , CIHAMPELAS 
BANDUNG, JAWA BARAT , BANDUNG BARAT , PARONGPONG , CIHANJUANG 
BANDUNG, JAWA BARAT , BANDUNG BARAT , CIHAMPELAS , PATARUMAN 
BANDUNG, JAWA BARAT , BANDUNG BARAT , PADALARANG , CIPEUNDEUY 
BANDUNG, JAWA BARAT , BANDUNG BARAT , PARONGPONG , SARIWANGI 
BANDUNG, JAWA BARAT , BANDUNG BARAT , LEMBANG , SUNTENJAYA 
BANDUNG, JAWA BARAT , BANDUNG BARAT , GUNUNGHALU , BUNIJAYA 
BANDUNG, JAWA BARAT , BANDUNG BARAT , LEMBANG , GUDANGKAHURIPAN 
BANDUNG, JAWA BARAT , BANDUNG BARAT , LEMBANG , KAYUAMBON 
BANDUNG, JAWA BARAT , BANDUNG BARAT , BATUJAJAR , GIRIASIH 
BANDUNG, JAWA BARAT , BANDUNG BARAT , LEMBANG , LANGENSARI 
BANDUNG, JAWA BARAT , BANDUNG BARAT , CIKALONGWETAN (CIKALONG WETAN) , MANDALAMUKTI 
BANDUNG, JAWA BARAT , BANDUNG BARAT , SINDANGKERTA , CICANGKANGGIRANG (CICANGKANG GIRANG) 
BANDUNG, JAWA BARAT , BANDUNG BARAT , CIHAMPELAS , CITAPEN 
BANDUNG, JAWA BARAT , BANDUNG BARAT , PADALARANG , CIBURUY 
BANDUNG, JAWA BARAT , BANDUNG BARAT , CIHAMPELAS , MEKARMUKTI 
BANDUNG, JAWA BARAT , BANDUNG BARAT , CILILIN , BONGAS 
BANDUNG, JAWA BARAT , BANDUNG BARAT , GUNUNGHALU , SIRNAJAYA 
BANDUNG, JAWA BARAT , BANDUNG BARAT , PADALARANG , KERTAJAYA 
BANDUNG, JAWA BARAT , BANDUNG BARAT , CIKALONGWETAN (CIKALONG WETAN) , WANGUNJAYA 
BANDUNG, JAWA BARAT , BANDUNG BARAT , NGAMPRAH , CILAME 
BANDUNG, JAWA BARAT , BANDUNG BARAT , CIPATAT , CIPATAT 
BANDUNG, JAWA BARAT , BANDUNG BARAT , LEMBANG , CIKOLE 
BANDUNG, JAWA BARAT , BANDUNG BARAT , PADALARANG , CIMERANG 
BANDUNG, JAWA BARAT , BANDUNG BARAT , CIHAMPELAS , CIPATIK 
BANDUNG, JAWA BARAT , BANDUNG BARAT , PARONGPONG , CIHIDEUNG 
BANDUNG, JAWA BARAT , BANDUNG BARAT , PADALARANG , JAYAMEKAR 
BANDUNG, JAWA BARAT , BANDUNG BARAT , CIPONGKOR , CITALEM 
BANDUNG, JAWA BARAT , BANDUNG BARAT , LEMBANG , CIBODAS 
BANDUNG, JAWA BARAT , BANDUNG BARAT , PARONGPONG , CIGUGURGIRANG (CIGUGUR GIRANG) 
BANDUNG, JAWA BARAT , BANDUNG BARAT , PADALARANG , CAMPAKA MEKAR (CEMPAKAMEKAR) 
BANDUNG, JAWA BARAT , BANDUNG BARAT , PARONGPONG , CIHANJUANGRAHAYU (CIHANJUANG RAHAYU) 
BANDUNG, JAWA BARAT , BANDUNG BARAT , BATUJAJAR , BATUJAJAR TIMUR 
BANDUNG, JAWA BARAT , BANDUNG BARAT , LEMBANG , SUKAJAYA 
BANDUNG, JAWA BARAT , BANDUNG BARAT , PARONGPONG , KARYAWANGI 
BANDUNG, JAWA BARAT , BANDUNG BARAT , LEMBANG , CIBOGO 
BANDUNG, JAWA BARAT , BANDUNG BARAT , BATUJAJAR , PANGAUBAN 
BANDUNG, JAWA BARAT , BANDUNG BARAT , BATUJAJAR , SELACAU 
BANDUNG, JAWA BARAT , BANDUNG BARAT , SINDANGKERTA , CIKADU 
BANDUNG, JAWA BARAT , BANDUNG BARAT , CILILIN , CILILIN 
BANDUNG, JAWA BARAT , BANDUNG BARAT , CIPEUNDEUY , CIPEUNDEUY 
BANDUNG, JAWA BARAT , BANDUNG BARAT , PADALARANG , KERTAMULYA 
BANDUNG, JAWA BARAT , BANDUNG BARAT , CIKALONGWETAN (CIKALONG WETAN) , CIKALONG 
BANDUNG, JAWA BARAT , BANDUNG BARAT , CIPATAT , MANDALASARI 
BANDUNG, JAWA BARAT , CIMAHI , CIMAHI SELATAN , MELONG 
BANDUNG, JAWA BARAT , CIMAHI , CIMAHI SELATAN , CIBEUREUM 
BANDUNG, JAWA BARAT , CIMAHI , CIMAHI UTARA , CIPAGERAN 
BANDUNG, JAWA BARAT , CIMAHI , CIMAHI UTARA , CIBABAT 
BANDUNG, JAWA BARAT , CIMAHI , CIMAHI TENGAH , PADASUKA 
BANDUNG, JAWA BARAT , CIMAHI , CIMAHI TENGAH , KARANGMEKAR 
BANDUNG, JAWA BARAT , CIMAHI , CIMAHI TENGAH , BAROS 
BANDUNG, JAWA BARAT , CIMAHI , CIMAHI UTARA , CITEUREUP 
BANDUNG, JAWA BARAT , CIMAHI , CIMAHI SELATAN , LEUWIGAJAH 
BANDUNG, JAWA BARAT , CIMAHI , CIMAHI TENGAH , CIMAHI 
BANDUNG, JAWA BARAT , CIMAHI , CIMAHI TENGAH , CIGUGUR TENGAH 
BANDUNG, JAWA BARAT , CIMAHI , CIMAHI SELATAN , UTAMA 
BANDUNG, JAWA BARAT , CIMAHI , CIMAHI TENGAH , SETIAMANAH 
BANDUNG, JAWA BARAT , CIMAHI , CIMAHI UTARA , PASIRKALIKI 
BANDUNG, JAWA BARAT , CIMAHI , CIMAHI SELATAN , CIBEBER 
BANDUNG, JAWA BARAT , GARUT , CIKAJANG , CIKAJANG 
BANDUNG, JAWA BARAT , GARUT , LELES , SALAMNUNGGAL 
BANDUNG, JAWA BARAT , GARUT , KADUNGORA , TALAGASARI 
BANDUNG, JAWA BARAT , GARUT , BLUBUR LIMBANGAN , LIMBANGAN BARAT (LIMBANGANBARAT) 
BANDUNG, JAWA BARAT , GARUT , BUNGBULANG , BUNGBULANG 
BANDUNG, JAWA BARAT , GARUT , WANARAJA , WANARAJA 
BANDUNG, JAWA BARAT , GARUT , PAMEUNGPEUK , MANDALAKASIH 
BANDUNG, JAWA BARAT , GARUT , LELES , CIBURIAL 
BANDUNG, JAWA BARAT , GARUT , LEUWIGOONG , SINDANGSARI 
BANDUNG, JAWA BARAT , GARUT , CIBATU , CIBATU 
BANDUNG, JAWA BARAT , GARUT , SAMARANG , SAMARANG 
BANDUNG, JAWA BARAT , GARUT , BLUBUR LIMBANGAN , LIMBANGAN TIMUR (LIMBANGANTIMUR) 
BANDUNG, JAWA BARAT , GARUT , TAROGONG KALER , RANCABANGO 
BANDUNG, JAWA BARAT , GARUT , TAROGONG KIDUL , SUKAGALIH 
BANDUNG, JAWA BARAT , GARUT , TAROGONG KIDUL , JAYAWARAS 
BANDUNG, JAWA BARAT , GARUT , GARUT KOTA , KOTA KULON (KOTAKULON) 
BANDUNG, JAWA BARAT , GARUT , SAMARANG , CINTAASIH 
BANDUNG, JAWA BARAT , GARUT , TAROGONG KIDUL , JAYARAGA 
BANDUNG, JAWA BARAT , GARUT , TAROGONG KALER , LANGENSARI 
BANDUNG, JAWA BARAT , GARUT , TAROGONG KALER , PASAWPASAWAHAN 
BANDUNG, JAWA BARAT , GARUT , BANYURESMI , BANYURESMI 
BANDUNG, JAWA BARAT , GARUT , PANGATIKAN , CIHUNI 
BANDUNG, JAWA BARAT , GARUT , CILAWU , PASANGGRAHAN 
BANDUNG, JAWA BARAT , GARUT , GARUT KOTA , MUARA SANDING 
BANDUNG, JAWA BARAT , GARUT , CISURUPAN , PAKUWON 
BANDUNG, JAWA BARAT , GARUT , GARUT KOTA , PAMINGGIR 
BANDUNG, JAWA BARAT , GARUT , LEUWIGOONG , LEUWIGOONG 
BANDUNG, JAWA BARAT , GARUT , TAROGONG KIDUL , HAURPANGGUNG 
BANDUNG, JAWA BARAT , GARUT , CILAWU , MANGURAKYAT (MANGKURAYAT) 
BANDUNG, JAWA BARAT , GARUT , SAMARANG , CINTARAKYAT (CINTARAYAT) 
BANDUNG, JAWA BARAT , GARUT , TAROGONG KALER , MEKARWANGI 
BANDUNG, JAWA BARAT , GARUT , KADUNGORA , KADUNGORA 
BANDUNG, JAWA BARAT , GARUT , CILAWU , NGAMPLANG 
BANDUNG, JAWA BARAT , GARUT , TAROGONG KIDUL , TAROGONG 
BANDUNG, JAWA BARAT , GARUT , SUCINARAJA , TEGALPANJANG 
BANDUNG, JAWA BARAT , GARUT , CIBATU , WANAKERTA 
BANDUNG, JAWA BARAT , GARUT , CIBALONG , MEKARSARI 
BANDUNG, JAWA BARAT , GARUT , KERSAMANAH , KERSAMANAH 
BANDUNG, JAWA BARAT , GARUT , KARANGPAWITAN , KARANGMULYA 
BANDUNG, JAWA BARAT , GARUT , CARINGIN , PURBAYANI 
BANDUNG, JAWA BARAT , GARUT , KARANGPAWITAN , SINDANGLAYA 
BANDUNG, JAWA BARAT , GARUT , BAYONGBONG , PANEMBONG 
BANDUNG, JAWA BARAT , GARUT , BANYURESMI , CIMAREME 
BANDUNG, JAWA BARAT , GARUT , MALANGBONG , SUKARATU 
BANDUNG, JAWA BARAT , GARUT , GARUT KOTA , PAKUWON 
BANDUNG, JAWA BARAT , GARUT , MALANGBONG , SUKAMANAH 
BANDUNG, JAWA BARAT , GARUT , SUKAWENING , MARIPARI 
BANDUNG, JAWA BARAT , GARUT , BUNGBULANG , MEKARJAYA 
BANDUNG, JAWA BARAT , GARUT , CISURUPAN , CISURUPAN 
BANDUNG, JAWA BARAT , GARUT , KERSAMANAH , SUKAMERANG 
BANDUNG, JAWA BARAT , GARUT , SELAAWI , CIRAPUHAN 
BANDUNG, JAWA BARAT , GARUT , PASIRWANGI , PASIRWANGI 
BANDUNG, JAWA BARAT , GARUT , CIBIUK , CIPAREUAN 
BANDUNG, JAWA BARAT , GARUT , KARANGPAWITAN , LEBAKJAYA 
BANDUNG, JAWA BARAT , GARUT , SUKAWENING , PASANGGRAHAN 
BANDUNG, JAWA BARAT , GARUT , BANYURESMI , SUKARAJA 
BANDUNG, JAWA BARAT , GARUT , CIKELET , PAMALAYAN 
BANDUNG, JAWA BARAT , GARUT , LELES , HARUMAN 
BANDUNG, JAWA BARAT , GARUT , TAROGONG KALER , JATI 
BANDUNG, JAWA BARAT , GARUT , TAROGONG KALER , CIMANGANTEN 
BANDUNG, JAWA BARAT , GARUT , CISURUPAN , CIDATAR 
BANDUNG, JAWA BARAT , GARUT , SUCINARAJA , SADANG 
BANDUNG, JAWA BARAT , GARUT , TAROGONG KALER , TANJUNG KAMUNING (TANJUNGKAMUNING) 
BANDUNG, JAWA BARAT , GARUT , BAYONGBONG , BAYONGBONG 
BANDUNG, JAWA BARAT , GARUT , SELAAWI , CIGAWIR 
BANDUNG, JAWA BARAT , GARUT , CIKAJANG , CIKANDANG 
BANDUNG, JAWA BARAT , GARUT , SUKARESMI , SUKARESMI 
BANDUNG, JAWA BARAT , GARUT , CILAWU , DAYEUHMANGGUNG 
BANDUNG, JAWA BARAT , GARUT , BANYURESMI , CIPICUNG 
BANDUNG, JAWA BARAT , GARUT , KARANGPAWITAN , SUCI 
BANDUNG, JAWA BARAT , GARUT , LELES , SUKARAME 
BANDUNG, JAWA BARAT , GARUT , PAMEUNGPEUK , PAMEUNGPEUK 
BANDUNG, JAWA BARAT , GARUT , CIHURIP , CIHURIP 
BANDUNG, JAWA BARAT , GARUT , KARANGTENGAH , CARINGIN 
BANDUNG, JAWA BARAT , GARUT , CILAWU , CILAWU 
BANDUNG, JAWA BARAT , GARUT , GARUT KOTA , KOTA WETAN (KOTAWETAN) 
BANDUNG, JAWA BARAT , GARUT , KADUNGORA , GANDAMEKAR 
BANDUNG, JAWA BARAT , GARUT , PAMEUNGPEUK , MANCAGAHAR 
BANDUNG, JAWA BARAT , GARUT , KARANGPAWITAN , SINDANGPALAY 
BANDUNG, JAWA BARAT , GARUT , BAYONGBONG , MULYASARI 
BANDUNG, JAWA BARAT , GARUT , PAMEUNGPEUK , PAAS 
BANDUNG, JAWA BARAT , GARUT , TAROGONG KIDUL , PATARUMAN 
BANDUNG, JAWA BARAT , GARUT , KARANGPAWITAN , SITUSAEUR 
BANDUNG, JAWA BARAT , GARUT , KARANGPAWITAN , KARANGPAWITAN 
BANDUNG, JAWA BARAT , GARUT , PASIRWANGI , PADAWAAS (PADAAWAS) 
BANDUNG, JAWA BARAT , GARUT , GARUT KOTA , SUKAMENTRI (SUKAMANTRI) 
BANDUNG, JAWA BARAT , GARUT , BANJARWANGI , BANJARWANGI 
BANDUNG, JAWA BARAT , GARUT , BANYURESMI , SUKASENANG 
BANDUNG, JAWA BARAT , GARUT , PAMEUNGPEUK , SIRNABAKTI 
BANDUNG, JAWA BARAT , GARUT , TAROGONG KIDUL , SUKAKARYA 
BANDUNG, JAWA BARAT , GARUT , CISEWU , CISEWU 
BANDUNG, JAWA BARAT , GARUT , KADUNGORA , CISAAT 
BANDUNG, JAWA BARAT , GARUT , SAMARANG , SUKAKARYA 
BANDUNG, JAWA BARAT , GARUT , BAYONGBONG , MEKARSARI 
BANDUNG, JAWA BARAT , GARUT , KARANGPAWITAN , JATISARI 
BANDUNG, JAWA BARAT , GARUT , CILAWU , NGAMPLANGSARI 
BANDUNG, JAWA BARAT , GARUT , LEUWIGOONG , TAMBAK SARI (TAMBAKSARI) 
BANDUNG, JAWA BARAT , GARUT , TAROGONG KALER , PANANJUNG 
BANDUNG, JAWA BARAT , GARUT , GARUT KOTA , SUKANEGLA 
BANDUNG, JAWA BARAT , GARUT , SUKAWENING , SUKALUYU 
BANDUNG, JAWA BARAT , GARUT , MALANGBONG , MALANGBONG 
BANDUNG, JAWA BARAT , GARUT , CIKAJANG , MEKARJAYA 
BANDUNG, JAWA BARAT , GARUT , CIKAJANG , GIRIJAYA 
BANDUNG, JAWA BARAT , GARUT , CIBATU , KERESEK 
BANDUNG, JAWA BARAT , GARUT , TAROGONG KALER , RANCABANGO 
BANDUNG, JAWA BARAT , GARUT , SINGAJAYA , SINGAJAYA 
BANDUNG, JAWA BARAT , SUMEDANG , TANJUNGSARI , JATISARI 
BANDUNG, JAWA BARAT , SUMEDANG , CIMANGGUNG , SINDANGPAKUON 
BANDUNG, JAWA BARAT , SUMEDANG , TANJUNGSARI , KUTAMANDIRI 
BANDUNG, JAWA BARAT , SUMEDANG , CIMANGGUNG , MANGUNARGA 
BANDUNG, JAWA BARAT , SUMEDANG , JATINANGOR , HEGARMANAH 
BANDUNG, JAWA BARAT , SUMEDANG , JATINANGOR , CIKERUH 
BANDUNG, JAWA BARAT , SUMEDANG , JATINANGOR , CIBEUSI 
BANDUNG, JAWA BARAT , SUMEDANG , TANJUNGSARI , GUDANG 
BANDUNG, JAWA BARAT , SUMEDANG , JATINANGOR , MEKARGALIH 
BANDUNG, JAWA BARAT , SUMEDANG , TANJUNGSARI , TANJUNGSARI 
BANDUNG, JAWA BARAT , SUMEDANG , CIMANGGUNG , SINDANGGALIH 
BANDUNG, JAWA BARAT , SUMEDANG , JATINANGOR , SAYANG 
BANDUNG, JAWA BARAT , SUMEDANG , JATINANGOR , CIPACING 
BANDUNG, JAWA BARAT , SUMEDANG , TANJUNGSARI , MARGALUYU 
BANDUNG, JAWA BARAT , SUMEDANG , JATINANGOR , CINTAMULYA (CINTA MULYA) 
BANDUNG, JAWA BARAT , SUMEDANG , JATINANGOR , CISEMPUR 
BANDUNG, JAWA BARAT , SUMEDANG , PAMULIHAN , MEKARBAKTI 
BANDUNG, JAWA BARAT , SUMEDANG , JATINANGOR , JATIROKE 
BANDUNG, JAWA BARAT , SUMEDANG , CIMANGGUNG , SUKADANA 
BANDUNG, JAWA BARAT , TASIKMALAYA , CIAWI , CIAWI 
BANDUNG, JAWA BARAT , TASIKMALAYA , KARANGNUNGGAL , KARANGMEKAR 
BANDUNG, JAWA BARAT , TASIKMALAYA , SUKARAJA , SUKAPURA 
BANDUNG, JAWA BARAT , TASIKMALAYA , PAGERAGEUNG , TANJUNGKERTA 
BANDUNG, JAWA BARAT , TASIKMALAYA , SINGAPARNA , SUKAMULYA 
BANDUNG, JAWA BARAT , TASIKMALAYA , SINGAPARNA , CINTARAJA 
BANDUNG, JAWA BARAT , TASIKMALAYA , CIAWI , PAKEMITAN 
BANDUNG, JAWA BARAT , TASIKMALAYA , SALOPA , MANDALAHAYU 
BANDUNG, JAWA BARAT , TASIKMALAYA , JAMANIS , TANJUNGMEKAR 
BANDUNG, JAWA BARAT , TASIKMALAYA , MANGUNREJA , MANGUNREJA 
BANDUNG, JAWA BARAT , TASIKMALAYA , SALAWU , SALAWU 
BANDUNG, JAWA BARAT , TASIKMALAYA , PADAKEMBANG , CISARUNI 
BANDUNG, JAWA BARAT , TASIKMALAYA , BANTARKALONG , SIMPANG 
BANDUNG, JAWA BARAT , TASIKMALAYA , CINEAM , CINEAM 
BANDUNG, JAWA BARAT , TASIKMALAYA , TARAJU , RAKSASARI 
BANDUNG, JAWA BARAT , TASIKMALAYA , MANONJAYA , CILANGKAP 
BANDUNG, JAWA BARAT , TASIKMALAYA , PADAKEMBANG , CILAMPUNGHILIR 
BANDUNG, JAWA BARAT , TASIKMALAYA , KADIPATEN , PAMOYANAN 
BANDUNG, JAWA BARAT , TASIKMALAYA , CISAYONG , MEKARWANGI 
BANDUNG, JAWA BARAT , TASIKMALAYA , JAMANIS , SINDANGRAJA 
BANDUNG, JAWA BARAT , TASIKMALAYA , SINGAPARNA , SINGAPARNA 
BANDUNG, JAWA BARAT , TASIKMALAYA , MANGUNREJA , MARGAJAYA 
BANDUNG, JAWA BARAT , TASIKMALAYA , CIPATUJAH , CIPATUJAH 
BANDUNG, JAWA BARAT , TASIKMALAYA , SALAWU , NEGLASARI 
BANDUNG, JAWA BARAT , TASIKMALAYA , CIBALONG , SINGAJAYA 
BANDUNG, JAWA BARAT , TASIKMALAYA , PAGERAGEUNG , PUTERAN 
BANDUNG, JAWA BARAT , TASIKMALAYA , CIGALONTANG , JAYAPURA (JAYAPUTRA) 
BANDUNG, JAWA BARAT , TASIKMALAYA , SALAWU , KARANGMUKTI 
BANDUNG, JAWA BARAT , TASIKMALAYA , RAJAPOLAH , TANJUNGPURA 
BANDUNG, JAWA BARAT , TASIKMALAYA , MANONJAYA , MANONJAYA 
BANDUNG, JAWA BARAT , TASIKMALAYA , KADIPATEN , KADIPATEN 
BANDUNG, JAWA BARAT , TASIKMALAYA , SUKARAME , SUKARAPIH 
BANDUNG, JAWA BARAT , TASIKMALAYA , KARANGNUNGGAL , CIKUKULU 
BANDUNG, JAWA BARAT , TASIKMALAYA , SUKARAME , SUKARAME 
BANDUNG, JAWA BARAT , TASIKMALAYA , SALAWU , MARGALAKSANA 
BANDUNG, JAWA BARAT , TASIKMALAYA , CIPATUJAH , TOBONGJAYA 
BANDUNG, JAWA BARAT , TASIKMALAYA , JAMANIS , GERESIK 
BANDUNG, JAWA BARAT , TASIKMALAYA , CIKALONG , KALAPAGENEP 
BANDUNG, JAWA BARAT , TASIKMALAYA , CIPATUJAH , CIHERAS 
BANDUNG, JAWA BARAT , TASIKMALAYA , SUKARATU , TAWANGBANTENG 
BANDUNG, JAWA BARAT , TASIKMALAYA , PUSPAHIANG , PUSPAHIANG 
BANDUNG, JAWA BARAT , TASIKMALAYA , SUKARATU , LINGGAJATI 
BANDUNG, JAWA BARAT , TASIKMALAYA , KARANGNUNGGAL , KARANGNUNGGAL 
BANDAR LAMPUNG, LAMPUNG , BANDAR LAMPUNG , TANJUNGKARANG TIMUR (TANJUNG KARANG TIMUR) , TANJUNG AGUNG 
BANDAR LAMPUNG, LAMPUNG , BANDAR LAMPUNG , WAY HALIM , JAGABAYA III 
BANDAR LAMPUNG, LAMPUNG , BANDAR LAMPUNG , TANJUNGKARANG PUSAT (TANJUNG KARANG PUSAT) , GOTONG ROYONG 
BANDAR LAMPUNG, LAMPUNG , BANDAR LAMPUNG , TELUKBETUNG TIMUR , PARWATA (PERWATA) 
BANDAR LAMPUNG, LAMPUNG , BANDAR LAMPUNG , PANJANG , PIDADA 
BANDAR LAMPUNG, LAMPUNG , BANDAR LAMPUNG , KEDATON , KEDATON 
BANDAR LAMPUNG, LAMPUNG , BANDAR LAMPUNG , TANJUNGKARANG PUSAT (TANJUNG KARANG PUSAT) , KALIAWI 
BANDAR LAMPUNG, LAMPUNG , BANDAR LAMPUNG , TELUKBETUNG UTARA , KUPANG TEBA 
BANDAR LAMPUNG, LAMPUNG , BANDAR LAMPUNG , TANJUNGKARANG BARAT (TANJUNG KARANG BARAT) , GEDONG AIR 
BANDAR LAMPUNG, LAMPUNG , BANDAR LAMPUNG , WAY HALIM , WAY HALIM PERMAI 
BANDAR LAMPUNG, LAMPUNG , BANDAR LAMPUNG , TANJUNGKARANG TIMUR (TANJUNG KARANG TIMUR) , KEBON JERUK (KEBONJERUK) 
BANDAR LAMPUNG, LAMPUNG , BANDAR LAMPUNG , TANJUNGKARANG BARAT (TANJUNG KARANG BARAT) , SUKAJAWA (SUKA JAWA) 
BANDAR LAMPUNG, LAMPUNG , BANDAR LAMPUNG , BUMI WARAS , BUMI RAYA 
BANDAR LAMPUNG, LAMPUNG , BANDAR LAMPUNG , KEMILING , SUMBER REJO 
BANDAR LAMPUNG, LAMPUNG , BANDAR LAMPUNG , ENGGAL , ENGGAL 
BANDAR LAMPUNG, LAMPUNG , BANDAR LAMPUNG , TANJUNGKARANG PUSAT (TANJUNG KARANG PUSAT) , PALAPA 
BANDAR LAMPUNG, LAMPUNG , BANDAR LAMPUNG , SUKARAME , SUKARAME 
BANDAR LAMPUNG, LAMPUNG , BANDAR LAMPUNG , TANJUNG SENANG , TANJUNG SENANG 
BANDAR LAMPUNG, LAMPUNG , BANDAR LAMPUNG , KEMILING , BERINGIN RAYA 
BANDAR LAMPUNG, LAMPUNG , BANDAR LAMPUNG , KEDAMAIAN , KALIBALAU KENCANA (KALI BALOK / BALAU KENCANA) 
BANDAR LAMPUNG, LAMPUNG , BANDAR LAMPUNG , LABUHAN RATU , SEPANG JAYA 
BANDAR LAMPUNG, LAMPUNG , BANDAR LAMPUNG , LANGKAPURA , LANGKAPURA (LANGKA PURA) 
BANDAR LAMPUNG, LAMPUNG , BANDAR LAMPUNG , TANJUNG SENANG , LABUHAN DALAM 
BANDAR LAMPUNG, LAMPUNG , BANDAR LAMPUNG , LABUHAN RATU , LABUHAN RATU 
BANDAR LAMPUNG, LAMPUNG , BANDAR LAMPUNG , TANJUNGKARANG TIMUR (TANJUNG KARANG TIMUR) , KOTA BARU 
BANDAR LAMPUNG, LAMPUNG , BANDAR LAMPUNG , TELUKBETUNG UTARA , GULAK GALIK 
BANDAR LAMPUNG, LAMPUNG , BANDAR LAMPUNG , ENGGAL , PAHOMAN 
BANDAR LAMPUNG, LAMPUNG , BANDAR LAMPUNG , SUKARAME , KORPRI RAYA 
BANDAR LAMPUNG, LAMPUNG , BANDAR LAMPUNG , BUMI WARAS , SUKARAJA 
BANDAR LAMPUNG, LAMPUNG , BANDAR LAMPUNG , SUKABUMI , CAMPANG RAYA 
BANDAR LAMPUNG, LAMPUNG , BANDAR LAMPUNG , TANJUNGKARANG BARAT (TANJUNG KARANG BARAT) , SEGALAMIDER (SEGALA MIDER) 
BANDAR LAMPUNG, LAMPUNG , BANDAR LAMPUNG , KEDAMAIAN , KEDAMAIAN 
BANDAR LAMPUNG, LAMPUNG , BANDAR LAMPUNG , WAY HALIM , GUNUNGSULAH (GUNUNG SULAH) 
BANDAR LAMPUNG, LAMPUNG , BANDAR LAMPUNG , KEDAMAIAN , TANJUNGBARU (TANJUNG BARU) 
BANDAR LAMPUNG, LAMPUNG , BANDAR LAMPUNG , RAJABASA , RAJABASA JAYA 
BANDAR LAMPUNG, LAMPUNG , BANDAR LAMPUNG , SUKARAME , WAY DADI 
BANDAR LAMPUNG, LAMPUNG , BANDAR LAMPUNG , SUKABUMI , SUKABUMI 
BANDAR LAMPUNG, LAMPUNG , BANDAR LAMPUNG , RAJABASA , RAJABASA 
BANDAR LAMPUNG, LAMPUNG , BANDAR LAMPUNG , RAJABASA , GEDONG MENENG 
BANDAR LAMPUNG, LAMPUNG , BANDAR LAMPUNG , ENGGAL , GUNUNGSARI (GUNUNG SARI) 
BANDAR LAMPUNG, LAMPUNG , BANDAR LAMPUNG , TELUKBETUNG SELATAN , PESAWAHAN 
BANDAR LAMPUNG, LAMPUNG , BANDAR LAMPUNG , KEDATON , PENENGAHAN 
BANDAR LAMPUNG, LAMPUNG , BANDAR LAMPUNG , TELUKBETUNG TIMUR , SUKAMAJU 
BANDAR LAMPUNG, LAMPUNG , BANDAR LAMPUNG , KEMILING , KEMILING PERMAI 
BANDAR LAMPUNG, LAMPUNG , BANDAR LAMPUNG , TANJUNGKARANG BARAT (TANJUNG KARANG BARAT) , SUKADANA HAM 
BANDAR LAMPUNG, LAMPUNG , BANDAR LAMPUNG , TANJUNG SENANG , PERUMNAS WAY KANDIS 
BANDAR LAMPUNG, LAMPUNG , BANDAR LAMPUNG , PANJANG , WAY LUNIK 
BANDAR LAMPUNG, LAMPUNG , BANDAR LAMPUNG , BUMI WARAS , GARUNTANG 
BANDAR LAMPUNG, LAMPUNG , BANDAR LAMPUNG , SUKABUMI , SUKABUMI INDAH 
BANDAR LAMPUNG, LAMPUNG , BANDAR LAMPUNG , RAJABASA , RAJABASA RAYA 
BANDAR LAMPUNG, LAMPUNG , BANDAR LAMPUNG , KEMILING , BERINGIN JAYA (BERINGIN RAYA) 
BANDAR LAMPUNG, LAMPUNG , BANDAR LAMPUNG , TELUKBETUNG UTARA , SUMUR BATU 
BANDAR LAMPUNG, LAMPUNG , BANDAR LAMPUNG , KEDAMAIAN , TANJUNGGADING (TANJUNG GADING) 
BANDAR LAMPUNG, LAMPUNG , BANDAR LAMPUNG , TELUKBETUNG SELATAN , SUMUR PUTRI 
BANDAR LAMPUNG, LAMPUNG , BANDAR LAMPUNG , WAY HALIM , PERUMNAS WAY HALIM 
BANDAR LAMPUNG, LAMPUNG , BANDAR LAMPUNG , PANJANG , SRENGSEM 
BANDAR LAMPUNG, LAMPUNG , BANDAR LAMPUNG , LABUHAN RATU , KAMPUNG BARU 
BANDAR LAMPUNG, LAMPUNG , BANDAR LAMPUNG , KEDAMAIAN , BUMI KEDAMAIAN 
BANDAR LAMPUNG, LAMPUNG , BANDAR LAMPUNG , LANGKAPURA , GUNUNGAGUNG (GUNUNG AGUNG) 
BANDAR LAMPUNG, LAMPUNG , BANDAR LAMPUNG , TANJUNGKARANG PUSAT (TANJUNG KARANG PUSAT) , DURIAN PAYUNG 
BANDAR LAMPUNG, LAMPUNG , BANDAR LAMPUNG , PANJANG , PANJANG SELATAN 
BANDAR LAMPUNG, LAMPUNG , BANDAR LAMPUNG , BUMI WARAS , BUMI WARAS 
BANDAR LAMPUNG, LAMPUNG , BANDAR LAMPUNG , KEDATON , SURABAYA 
BANDAR LAMPUNG, LAMPUNG , BANDAR LAMPUNG , SUKABUMI , WAY LAGA 
BANDAR LAMPUNG, LAMPUNG , BANDAR LAMPUNG , LANGKAPURA , LANGKAPURA BARU (LANGKA PURA BARU) 
BANDAR LAMPUNG, LAMPUNG , BANDAR LAMPUNG , TANJUNGKARANG PUSAT (TANJUNG KARANG PUSAT) , KELAPA TIGA 
BANDAR LAMPUNG, LAMPUNG , BANDAR LAMPUNG , WAY HALIM , JAGABAYA II 
BANDAR LAMPUNG, LAMPUNG , BANDAR LAMPUNG , TANJUNGKARANG PUSAT (TANJUNG KARANG PUSAT) , PASIR GINTUNG 
BANDAR LAMPUNG, LAMPUNG , BANDAR LAMPUNG , TELUKBETUNG BARAT , NEGERI OLOK GADING 
BANDAR LAMPUNG, LAMPUNG , BANDAR LAMPUNG , TELUKBETUNG SELATAN , TALANG 
BANDAR LAMPUNG, LAMPUNG , BANDAR LAMPUNG , KEMILING , SUMBER AGUNG 
BANDAR LAMPUNG, LAMPUNG , BANDAR LAMPUNG , TANJUNGKARANG TIMUR (TANJUNG KARANG TIMUR) , SAWAH BREBES 
BANDAR LAMPUNG, LAMPUNG , BANDAR LAMPUNG , TELUKBETUNG UTARA , PENGAJARAN 
BANDAR LAMPUNG, LAMPUNG , BANDAR LAMPUNG , PANJANG , PANJANG UTARA 
BANDAR LAMPUNG, LAMPUNG , BANDAR LAMPUNG , TELUKBETUNG UTARA , KUPANG KOTA 
BANDAR LAMPUNG, LAMPUNG , BANDAR LAMPUNG , TELUKBETUNG BARAT , BAKUNG 
BANDAR LAMPUNG, LAMPUNG , BANDAR LAMPUNG , BUMI WARAS , KANGKUNG 
BANDAR LAMPUNG, LAMPUNG , BANDAR LAMPUNG , SUKARAME , KORPRI JAYA 
BANDAR LAMPUNG, LAMPUNG , BANDAR LAMPUNG , KEDATON , SUKAMENANTI 
BANDAR LAMPUNG, LAMPUNG , BANDAR LAMPUNG , LANGKAPURA , GUNUNGTERANG (GUNUNG TERANG) 
BANDAR LAMPUNG, LAMPUNG , LAMPUNG BARAT , SEKINCAU , SEKINCAU 
BANDAR LAMPUNG, LAMPUNG , LAMPUNG BARAT , BALIK BUKIT , KUBU PERAHU 
BANDAR LAMPUNG, LAMPUNG , LAMPUNG BARAT , SUKAU , TANJUNG RAYA 
BANDAR LAMPUNG, LAMPUNG , LAMPUNG BARAT , KEBUN TEBU , PURA WIWITAN (PURAWIWITAN) 
BANDAR LAMPUNG, LAMPUNG , LAMPUNG BARAT , SUKAU , PAGAR DEWA 
BANDAR LAMPUNG, LAMPUNG , LAMPUNG BARAT , AIR HITAM , SUMBER ALAM 
BANDAR LAMPUNG, LAMPUNG , LAMPUNG BARAT , BALIK BUKIT , PASAR LIWA 
BANDAR LAMPUNG, LAMPUNG , LAMPUNG BARAT , SUMBER JAYA , WAY PETAY/PETAI 
BANDAR LAMPUNG, LAMPUNG , LAMPUNG BARAT , WAY TENONG , FAJAR BULAN (PAJAR BULAN) 
BANDAR LAMPUNG, LAMPUNG , LAMPUNG BARAT , BALIK BUKIT , GUNUNG SUGIH 
BANDAR LAMPUNG, LAMPUNG , LAMPUNG BARAT , BALIK BUKIT , PADANG CAHYA 
BANDAR LAMPUNG, LAMPUNG , LAMPUNG BARAT , BELALAU , KENALI 
BANDAR LAMPUNG, LAMPUNG , LAMPUNG BARAT , WAY TENONG , SUKARAJA 
BANDAR LAMPUNG, LAMPUNG , LAMPUNG BARAT , BALIK BUKIT , WAY MENGAKU 
BANDAR LAMPUNG, LAMPUNG , LAMPUNG BARAT , BATU KETULIS , BAKHU 
BANDAR LAMPUNG, LAMPUNG , LAMPUNG BARAT , GEDUNG SURIAN , CIPTA WARAS 
BANDAR LAMPUNG, LAMPUNG , LAMPUNG BARAT , SUMBER JAYA , SUKAPURA 
BANDAR LAMPUNG, LAMPUNG , LAMPUNG BARAT , BALIK BUKIT , PADANG DALOM 
BANDAR LAMPUNG, LAMPUNG , LAMPUNG BARAT , WAY TENONG , KARANG AGUNG 
BANDAR LAMPUNG, LAMPUNG , LAMPUNG BARAT , LUMBOK SEMINUNG , LOMBOK 
BANDAR LAMPUNG, LAMPUNG , LAMPUNG BARAT , WAY TENONG , PURALAKSANA (PURA LAKSANA) 
BANDAR LAMPUNG, LAMPUNG , LAMPUNG BARAT , SUMBER JAYA , TUGU SARI 
BANDAR LAMPUNG, LAMPUNG , LAMPUNG SELATAN , KALIANDA , KALIANDA 
BANDAR LAMPUNG, LAMPUNG , LAMPUNG SELATAN , NATAR , SUKA DAMAI (SUKADAMAI) 
BANDAR LAMPUNG, LAMPUNG , LAMPUNG SELATAN , NATAR , HAJIMENA 
BANDAR LAMPUNG, LAMPUNG , LAMPUNG SELATAN , KATIBUNG , TANJUNG RATU (TANJUNGRATU) 
BANDAR LAMPUNG, LAMPUNG , LAMPUNG SELATAN , KALIANDA , WAY URANG (WAYURANG) 
BANDAR LAMPUNG, LAMPUNG , LAMPUNG SELATAN , NATAR , NATAR 
BANDAR LAMPUNG, LAMPUNG , LAMPUNG SELATAN , MERBAU MATARAM , SUBAN 
BANDAR LAMPUNG, LAMPUNG , LAMPUNG SELATAN , TANJUNG BINTANG , SERDANG 
BANDAR LAMPUNG, LAMPUNG , LAMPUNG SELATAN , RAJA BASA (RAJABASA) , WAY MULI (WAYMULI) 
BANDAR LAMPUNG, LAMPUNG , LAMPUNG SELATAN , KATIBUNG , PARDASUKA 
BANDAR LAMPUNG, LAMPUNG , LAMPUNG SELATAN , BAKAUHENI , BAKAUHENI 
BANDAR LAMPUNG, LAMPUNG , LAMPUNG SELATAN , WAY SULAN , SUMBER AGUNG (SUMBERAGUNG) 
BANDAR LAMPUNG, LAMPUNG , LAMPUNG SELATAN , NATAR , BUMI SARI (BUMISARI) 
BANDAR LAMPUNG, LAMPUNG , LAMPUNG SELATAN , PENENGAHAN , BELAMBANGAN 
BANDAR LAMPUNG, LAMPUNG , LAMPUNG SELATAN , NATAR , MERAK BATIN 
BANDAR LAMPUNG, LAMPUNG , LAMPUNG SELATAN , KETAPANG , PEMATANG PASIR 
BANDAR LAMPUNG, LAMPUNG , LAMPUNG SELATAN , PALAS , REJO MULYO 
BANDAR LAMPUNG, LAMPUNG , LAMPUNG SELATAN , KATIBUNG , TANJUNTANJUNG AGUNG (TANJUNGAGUNG) 
BANDAR LAMPUNG, LAMPUNG , LAMPUNG SELATAN , KATIBUNG , RANGAI TRI TUNGGAL 
BANDAR LAMPUNG, LAMPUNG , LAMPUNG SELATAN , NATAR , PEMANGGILAN 
BANDAR LAMPUNG, LAMPUNG , LAMPUNG SELATAN , KALIANDA , WAI LUBUK 
BANDAR LAMPUNG, LAMPUNG , LAMPUNG SELATAN , CANDIPURO , BERINGIN KENCANA 
BANDAR LAMPUNG, LAMPUNG , LAMPUNG SELATAN , PALAS , BUMI DAYA 
BANDAR LAMPUNG, LAMPUNG , LAMPUNG SELATAN , KATIBUNG , TARAHAN 
BANDAR LAMPUNG, LAMPUNG , LAMPUNG SELATAN , NATAR , BERANTI/BRANTI RAYA 
BANDAR LAMPUNG, LAMPUNG , LAMPUNG SELATAN , JATI AGUNG , KARANG SARI 
BANDAR LAMPUNG, LAMPUNG , LAMPUNG SELATAN , MERBAU MATARAM , TALANG JAWA 
BANDAR LAMPUNG, LAMPUNG , LAMPUNG SELATAN , KALIANDA , MERAK BELATUNG (MERAK BELANTUNG) 
BANDAR LAMPUNG, LAMPUNG , LAMPUNG SELATAN , SIDOMULYO , SIDOREJO 
BANDAR LAMPUNG, LAMPUNG , LAMPUNG SELATAN , TANJUNG BINTANG , JATI BARU (JATIBARU) 
BANDAR LAMPUNG, LAMPUNG , LAMPUNG SELATAN , SIDOMULYO , SIDOMULYO 
BANDAR LAMPUNG, LAMPUNG , LAMPUNG SELATAN , PALAS , PALAS PASEMAH 
BANDAR LAMPUNG, LAMPUNG , LAMPUNG SELATAN , KETAPANG , KETAPANG 
BANDAR LAMPUNG, LAMPUNG , LAMPUNG SELATAN , SIDOMULYO , SIDODADI 
BANDAR LAMPUNG, LAMPUNG , LAMPUNG SELATAN , NATAR , HADUYANG 
BANDAR LAMPUNG, LAMPUNG , LAMPUNG SELATAN , NATAR , BANJAR NEGERI (BANJARNEGERI) 
BANDAR LAMPUNG, LAMPUNG , LAMPUNG SELATAN , KATIBUNG , BABATAN 
BANDAR LAMPUNG, LAMPUNG , LAMPUNG SELATAN , NATAR , CANDI MAS 
BANDAR LAMPUNG, LAMPUNG , LAMPUNG SELATAN , TANJUNG BINTANG , PURWODADI SIMPANG 
BANDAR LAMPUNG, LAMPUNG , LAMPUNG SELATAN , KETAPANG , SUMUR 
BANDAR LAMPUNG, LAMPUNG , LAMPUNG SELATAN , TANJUNG BINTANG , SINDANG SARI 
BANDAR LAMPUNG, LAMPUNG , LAMPUNG SELATAN , JATI AGUNG , FAJAR BARU 
BANDAR LAMPUNG, LAMPUNG , LAMPUNG SELATAN , KALIANDA , KEDATON 
BANDAR LAMPUNG, LAMPUNG , LAMPUNG SELATAN , TANJUNG SARI , KERTOSARI 
BANDAR LAMPUNG, LAMPUNG , LAMPUNG SELATAN , RAJA BASA (RAJABASA) , CANTI 
BANDAR LAMPUNG, LAMPUNG , LAMPUNG SELATAN , MERBAU MATARAM , MERBAU MATARAM 
BANDAR LAMPUNG, LAMPUNG , LAMPUNG SELATAN , JATI AGUNG , JATI MULYO (JATIMULYO) 
BANDAR LAMPUNG, LAMPUNG , LAMPUNG SELATAN , TANJUNG SARI , WAWASAN 
BANDAR LAMPUNG, LAMPUNG , LAMPUNG SELATAN , PALAS , SUKARAJA 
BANDAR LAMPUNG, LAMPUNG , LAMPUNG SELATAN , TANJUNG BINTANG , SUKANEGARA 
BANDAR LAMPUNG, LAMPUNG , LAMPUNG SELATAN , PENENGAHAN , PENENGAHAN (PANENGAHAN) 
BANDAR LAMPUNG, LAMPUNG , LAMPUNG SELATAN , CANDIPURO , CINTA MULYA (CINTAMULYA) 
BANDAR LAMPUNG, LAMPUNG , LAMPUNG SELATAN , WAY SULAN , KARANG PUCUNG 
BANDAR LAMPUNG, LAMPUNG , LAMPUNG SELATAN , BAKAUHENI , HATTA (HATA) 
BANDAR LAMPUNG, LAMPUNG , LAMPUNG SELATAN , CANDIPURO , TITIWANGI (CANDIPURO) 
BANDAR LAMPUNG, LAMPUNG , LAMPUNG SELATAN , SIDOMULYO , SUKAMARGA 
BANDAR LAMPUNG, LAMPUNG , LAMPUNG SELATAN , JATI AGUNG , WAY HUI (WAY HUWI) 
BANDAR LAMPUNG, LAMPUNG , LAMPUNG SELATAN , SRAGI , BAKTIRASA (BAKTI RASA) 
BANDAR LAMPUNG, LAMPUNG , LAMPUNG SELATAN , MERBAU MATARAM , TANJUNG BARU 
BANDAR LAMPUNG, LAMPUNG , LAMPUNG SELATAN , NATAR , TANJUNG SARI (TANJUNGSARI) 
BANDAR LAMPUNG, LAMPUNG , LAMPUNG SELATAN , CANDIPURO , KARYA MULYA SARI 
BANDAR LAMPUNG, LAMPUNG , LAMPUNG SELATAN , SIDOMULYO , KOTA DALAM 
BANDAR LAMPUNG, LAMPUNG , LAMPUNG SELATAN , PENENGAHAN , RAWI 
BANDAR LAMPUNG, LAMPUNG , LAMPUNG SELATAN , SRAGI , KUALA SEKAMPUNG 
BANDAR LAMPUNG, LAMPUNG , LAMPUNG SELATAN , PENENGAHAN , KURIPAN 
BANDAR LAMPUNG, LAMPUNG , LAMPUNG SELATAN , JATI AGUNG , KARANG ANYAR 
BANDAR LAMPUNG, LAMPUNG , LAMPUNG SELATAN , WAY PANJI , SIDORENO (SIDO RENO) 
BANDAR LAMPUNG, LAMPUNG , LAMPUNG SELATAN , WAY PANJI , SIDOHARJO (SIDO HARJO) 
BANDAR LAMPUNG, LAMPUNG , LAMPUNG SELATAN , JATI AGUNG , REJOMULYO 
BANDAR LAMPUNG, LAMPUNG , LAMPUNG SELATAN , JATI AGUNG , SIDOASRI (SIDODADI ASRI) 
BANDAR LAMPUNG, LAMPUNG , LAMPUNG SELATAN , TANJUNG BINTANG , WAY GALIH 
BANDAR LAMPUNG, LAMPUNG , LAMPUNG SELATAN , PENENGAHAN , PASURUAN 
BANDAR LAMPUNG, LAMPUNG , LAMPUNG SELATAN , NATAR , KRAWANG SARI 
BANDAR LAMPUNG, LAMPUNG , LAMPUNG SELATAN , NATAR , NEGARA RATU 
BANDAR LAMPUNG, LAMPUNG , LAMPUNG SELATAN , JATI AGUNG , MARGA/MARGO AGUNG 
BANDAR LAMPUNG, LAMPUNG , LAMPUNG SELATAN , NATAR , HAJIMENA 
BANDAR LAMPUNG, LAMPUNG ,  , KALIANDA , TAJIMALELA 
BANDAR LAMPUNG, LAMPUNG , LAMPUNG TENGAH , TERBANGGI BESAR , BANDAR JAYA TIMUR 
BANDAR LAMPUNG, LAMPUNG , LAMPUNG TENGAH , TERBANGGI BESAR , BANDAR JAYA BARAT 
BANDAR LAMPUNG, LAMPUNG , LAMPUNG TENGAH , PUNGGUR , TANGGUL ANGIN 
BANDAR LAMPUNG, LAMPUNG , LAMPUNG TENGAH , KOTA GAJAH , KOTA GAJAH 
BANDAR LAMPUNG, LAMPUNG , LAMPUNG TENGAH , SEPUTIH AGUNG , SIMPANG AGUNG 
BANDAR LAMPUNG, LAMPUNG , LAMPUNG TENGAH , WAY PANGUBUAN , LEMPUYANG BANDAR 
BANDAR LAMPUNG, LAMPUNG , LAMPUNG TENGAH , TERUSAN NUNYAI , BANDAR AGUNG 
BANDAR LAMPUNG, LAMPUNG , LAMPUNG TENGAH , KALIREJO , PONCO WARNO 
BANDAR LAMPUNG, LAMPUNG , LAMPUNG TENGAH , SEPUTIH BANYAK , TANJUNG HARAPAN 
BANDAR LAMPUNG, LAMPUNG , LAMPUNG TENGAH , BANDAR SURABAYA , SIDODADI (SIDO DADI) 
BANDAR LAMPUNG, LAMPUNG , LAMPUNG TENGAH , SENDANG AGUNG , SENDANG AGUNG 
BANDAR LAMPUNG, LAMPUNG , LAMPUNG TENGAH , RUMBIA , RENO BASUKI 
BANDAR LAMPUNG, LAMPUNG , LAMPUNG TENGAH , SEPUTIH RAMAN , RUKTI HARJO 
BANDAR LAMPUNG, LAMPUNG , LAMPUNG TENGAH , TERBANGGI BESAR , YUKUM JAYA 
BANDAR LAMPUNG, LAMPUNG , LAMPUNG TENGAH , SEPUTIH MATARAM , BUMI SETIA MATARAM 
BANDAR LAMPUNG, LAMPUNG , LAMPUNG TENGAH , SEPUTIH SURABAYA , GAYA BARU I (GAYA BARU SATU) 
BANDAR LAMPUNG, LAMPUNG , LAMPUNG TENGAH , GUNUNG SUGIH , GUNUNG SUGIH 
BANDAR LAMPUNG, LAMPUNG , LAMPUNG TENGAH , BUMI RATU NUBAN , SUKA JAWA (SUKAJAWA) 
BANDAR LAMPUNG, LAMPUNG , LAMPUNG TENGAH , TERUSAN NUNYAI , GUNUNG BATIN BARU 
BANDAR LAMPUNG, LAMPUNG , LAMPUNG TENGAH , TRIMURJO , TEMPURAN 
BANDAR LAMPUNG, LAMPUNG , LAMPUNG TENGAH , GUNUNG SUGIH , TERBANGGI AGUNG 
BANDAR LAMPUNG, LAMPUNG , LAMPUNG TENGAH , WAY PANGUBUAN , CANDI REJO 
BANDAR LAMPUNG, LAMPUNG , LAMPUNG TENGAH , BANGUN REJO , BANGUN REJO 
BANDAR LAMPUNG, LAMPUNG , LAMPUNG TENGAH , BANDAR MATARAM , SENDANG AGUNG MATARAM 
BANDAR LAMPUNG, LAMPUNG , LAMPUNG TENGAH , GUNUNG SUGIH , SEPUTIH JAYA 
BANDAR LAMPUNG, LAMPUNG , LAMPUNG TENGAH , PUTRA RUMBIA , BINA KARYA UTAMA 
BANDAR LAMPUNG, LAMPUNG , LAMPUNG TENGAH , TERBANGGI BESAR , INDRA PUTRA SUBING 
BANDAR LAMPUNG, LAMPUNG , LAMPUNG TENGAH , SEPUTIH AGUNG , DONO ARUM 
BANDAR LAMPUNG, LAMPUNG , LAMPUNG TENGAH , SEPUTIH BANYAK , SETIA BAKTI 
BANDAR LAMPUNG, LAMPUNG , LAMPUNG TENGAH , BUMI NABUNG , SRI KENCONO 
BANDAR LAMPUNG, LAMPUNG , LAMPUNG TENGAH , BANDAR MATARAM , JATIDATAR MATARAM (JATI DATAR MATARAM) 
BANDAR LAMPUNG, LAMPUNG , LAMPUNG TENGAH , SEPUTIH MATARAM , QURNIA MATARAM 
BANDAR LAMPUNG, LAMPUNG , LAMPUNG TENGAH , TRIMURJO , ADI PURO (ADIPURO) 
BANDAR LAMPUNG, LAMPUNG , LAMPUNG TENGAH , KALIREJO , KALIREJO 
BANDAR LAMPUNG, LAMPUNG , LAMPUNG TENGAH , TRIMURJO , SIMBAR WARINGIN 
BANDAR LAMPUNG, LAMPUNG , LAMPUNG TENGAH , PUBIAN , PADANG REJO 
BANDAR LAMPUNG, LAMPUNG , LAMPUNG TENGAH , SEPUTIH AGUNG , SULUSUBAN 
BANDAR LAMPUNG, LAMPUNG , LAMPUNG TENGAH , GUNUNG SUGIH , TERBANGGI SUBING 
BANDAR LAMPUNG, LAMPUNG , LAMPUNG TENGAH , BUMI RATU NUBAN , BUMI RAHARJO (BUMIRAHARJO) 
BANDAR LAMPUNG, LAMPUNG , LAMPUNG TENGAH , BUMI RATU NUBAN , WATES 
BANDAR LAMPUNG, LAMPUNG , LAMPUNG TENGAH , TERUSAN NUNYAI , GUNUNG BATIN ILIR 
BANDAR LAMPUNG, LAMPUNG , LAMPUNG TENGAH , RUMBIA , RUKTI BASUKI 
BANDAR LAMPUNG, LAMPUNG , LAMPUNG TENGAH , TERBANGGI BESAR , NAMBAH DADI 
BANDAR LAMPUNG, LAMPUNG , LAMPUNG TENGAH , BANDAR SURABAYA , GAYA BARU V (GAYA BARU LIMA) 
BANDAR LAMPUNG, LAMPUNG , LAMPUNG TENGAH , PADANG RATU , SRI AGUNG 
BANDAR LAMPUNG, LAMPUNG , LAMPUNG TIMUR , PEKALONGAN , PEKALONGAN 
BANDAR LAMPUNG, LAMPUNG , LAMPUNG TIMUR , SEKAMPUNG UDIK , PUGUNG RAHARJO 
BANDAR LAMPUNG, LAMPUNG , LAMPUNG TIMUR , BANDAR SRIBHAWONO (BANDAR SRIBAWONO) , SRIBHAWONO (SRI BAWONO / BHAWONO) 
BANDAR LAMPUNG, LAMPUNG , LAMPUNG TIMUR , WAY JEPARA , LABUHAN RATU DUA (II) 
BANDAR LAMPUNG, LAMPUNG , LAMPUNG TIMUR , LABUHAN MARINGGAI , MUARA GADING MAS 
BANDAR LAMPUNG, LAMPUNG , LAMPUNG TIMUR , PURBOLINGGO , TAMAN FAJAR (TAMAN PAJAR) 
BANDAR LAMPUNG, LAMPUNG , LAMPUNG TIMUR , LABUHAN RATU , LABUHAN RATU 
BANDAR LAMPUNG, LAMPUNG , LAMPUNG TIMUR , GUNUNG PELINDUNG , PELINDUNG JAYA 
BANDAR LAMPUNG, LAMPUNG , LAMPUNG TIMUR , LABUHAN MARINGGAI , KARYA MAKMUR 
BANDAR LAMPUNG, LAMPUNG , LAMPUNG TIMUR , PURBOLINGGO , TANJUNG INTEN 
BANDAR LAMPUNG, LAMPUNG , LAMPUNG TIMUR , BANDAR SRIBHAWONO (BANDAR SRIBAWONO) , SRIMENANTI (SRI MENANTI) 
BANDAR LAMPUNG, LAMPUNG , LAMPUNG TIMUR , SUKADANA , SUKADANA 
BANDAR LAMPUNG, LAMPUNG , LAMPUNG TIMUR , SEKAMPUNG UDIK , SIDOREJO 
BANDAR LAMPUNG, LAMPUNG , LAMPUNG TIMUR , LABUHAN MARINGGAI , SRIGADING (SRI GADING) 
BANDAR LAMPUNG, LAMPUNG , LAMPUNG TIMUR , BRAJA SELEBAH (BRAJA SLEBAH) , BRAJA HARJOSARI 
BANDAR LAMPUNG, LAMPUNG , LAMPUNG TIMUR , PURBOLINGGO , TAMAN ASRI 
BANDAR LAMPUNG, LAMPUNG , LAMPUNG TIMUR , JABUNG , GUNUNG MEKAR 
BANDAR LAMPUNG, LAMPUNG , LAMPUNG TIMUR , LABUHAN RATU , RAJABASA LAMA (RAJA BASA LAMA) 
BANDAR LAMPUNG, LAMPUNG , LAMPUNG TIMUR , MATARAM BARU , MATARAM BARU 
BANDAR LAMPUNG, LAMPUNG , LAMPUNG TIMUR , WAY JEPARA , LABUHAN RATU SATU (I) 
BANDAR LAMPUNG, LAMPUNG , LAMPUNG TIMUR , BATANGHARI , BATANGHARJO (BATANG HARJO) 
BANDAR LAMPUNG, LAMPUNG , LAMPUNG TIMUR , PEKALONGAN , ADIREJO 
BANDAR LAMPUNG, LAMPUNG , LAMPUNG TIMUR , RAMAN UTARA , KOTA RAMAN 
BANDAR LAMPUNG, LAMPUNG , LAMPUNG TIMUR , PASIR SAKTI , MULYO SARI 
BANDAR LAMPUNG, LAMPUNG , LAMPUNG TIMUR , BUMI AGUNG , DONOMULYO 
BANDAR LAMPUNG, LAMPUNG , LAMPUNG TIMUR , PEKALONGAN , GANTI WARNO 
BANDAR LAMPUNG, LAMPUNG , LAMPUNG TIMUR , SEKAMPUNG , HARGOMULYO 
BANDAR LAMPUNG, LAMPUNG , LAMPUNG TIMUR , SEKAMPUNG , SUMBER GEDE 
BANDAR LAMPUNG, LAMPUNG , LAMPUNG TIMUR , PEKALONGAN , SIRAMAN 
BANDAR LAMPUNG, LAMPUNG , LAMPUNG TIMUR , LABUHAN MARINGGAI , LABUHAN MARINGGAI (LABUHAN MARINGAI) 
BANDAR LAMPUNG, LAMPUNG , LAMPUNG TIMUR , PASIR SAKTI , PASIR SAKTI 
BANDAR LAMPUNG, LAMPUNG , LAMPUNG TIMUR , PASIR SAKTI , LABUHAN RATU 
BANDAR LAMPUNG, LAMPUNG , LAMPUNG TIMUR , SUKADANA , SUKADANA ILIR 
BANDAR LAMPUNG, LAMPUNG , LAMPUNG TIMUR , SUKADANA , MUARA JAYA 
BANDAR LAMPUNG, LAMPUNG , LAMPUNG TIMUR , WAWAY KARYA , JEMBRANA 
BANDAR LAMPUNG, LAMPUNG , LAMPUNG TIMUR , BANDAR SRIBHAWONO (BANDAR SRIBAWONO) , SADAR SRIWIJAYA 
BANDAR LAMPUNG, LAMPUNG , LAMPUNG TIMUR , SEKAMPUNG UDIK , GUNUNG PASIR JAYA 
BANDAR LAMPUNG, LAMPUNG , LAMPUNG TIMUR , WAY BUNGUR (PURBOLINGGO UTARA) , TEGAL OMBO 
BANDAR LAMPUNG, LAMPUNG , LAMPUNG TIMUR , BATANGHARI , BANJAREJO (BANJAR REJO) 
BANDAR LAMPUNG, LAMPUNG , LAMPUNG TIMUR , MARGA TIGA (MARGATIGA) , NEGERI JEMANTEN 
BANDAR LAMPUNG, LAMPUNG , LAMPUNG TIMUR , WAY JEPARA , BRAJA ASRI 
BANDAR LAMPUNG, LAMPUNG , LAMPUNG TIMUR , SUKADANA , MATARAM MARGA 
BANDAR LAMPUNG, LAMPUNG , LAMPUNG TIMUR , WAWAY KARYA , KARANG ANOM 
BANDAR LAMPUNG, LAMPUNG , LAMPUNG TIMUR , SEKAMPUNG UDIK , GUNUNG SUGIH BESAR 
BANDAR LAMPUNG, LAMPUNG , LAMPUNG TIMUR , MATARAM BARU , TULUNG PASIK (TULUNGPASIK) 
BANDAR LAMPUNG, LAMPUNG , LAMPUNG TIMUR , SUKADANA , PAKUAN AJI 
BANDAR LAMPUNG, LAMPUNG , LAMPUNG TIMUR , BRAJA SELEBAH (BRAJA SLEBAH) , BRAJA INDAH 
BANDAR LAMPUNG, LAMPUNG , LAMPUNG TIMUR , BANDAR SRIBHAWONO (BANDAR SRIBAWONO) , BANDAR AGUNG 
BANDAR LAMPUNG, LAMPUNG , LAMPUNG TIMUR , BATANGHARI NUBAN , SUKARAJA NUBAN 
BANDAR LAMPUNG, LAMPUNG , LAMPUNG TIMUR , SEKAMPUNG , SAMBIKARTO 
BANDAR LAMPUNG, LAMPUNG , LAMPUNG TIMUR , WAWAY KARYA , SUMBEREJO (SUMBER REJO) 
BANDAR LAMPUNG, LAMPUNG , LAMPUNG TIMUR , BATANGHARI , BALEKENCONO (BALAI KENCONO) 
BANDAR LAMPUNG, LAMPUNG , LAMPUNG TIMUR , BATANGHARI NUBAN , PURWOSARI 
BANDAR LAMPUNG, LAMPUNG , LAMPUNG TIMUR , BATANGHARI NUBAN , KEDATON (KEDATON INDUK) 
BANDAR LAMPUNG, LAMPUNG , LAMPUNG TIMUR , LABUHAN MARINGGAI , KARYA TANI (KARYATANI) 
BANDAR LAMPUNG, LAMPUNG , LAMPUNG TIMUR , PURBOLINGGO , TAMAN BOGO 
BANDAR LAMPUNG, LAMPUNG , LAMPUNG TIMUR , WAY JEPARA , JEPARA 
BANDAR LAMPUNG, LAMPUNG , LAMPUNG TIMUR , RAMAN UTARA , RAMAN ENDRA 
BANDAR LAMPUNG, LAMPUNG , LAMPUNG TIMUR , MARGA TIGA (MARGATIGA) , SUKADANA BARU 
BANDAR LAMPUNG, LAMPUNG , LAMPUNG TIMUR , PEKALONGAN , SIRAMAN 
BANDAR LAMPUNG, LAMPUNG , LAMPUNG UTARA , KOTABUMI , KOTA GAPURA 
BANDAR LAMPUNG, LAMPUNG , LAMPUNG UTARA , BUKIT KEMUNING , BUKIT KEMUNING 
BANDAR LAMPUNG, LAMPUNG , LAMPUNG UTARA , ABUNG BARAT , OGAN LIMA 
BANDAR LAMPUNG, LAMPUNG , LAMPUNG UTARA , KOTABUMI UTARA , MADUKORO 
BANDAR LAMPUNG, LAMPUNG , LAMPUNG UTARA , ABUNG SEMULI , SEMULI JAYA 
BANDAR LAMPUNG, LAMPUNG , LAMPUNG UTARA , KOTABUMI SELATAN , TANJUNGAMAN (TANJUNG AMAN) 
BANDAR LAMPUNG, LAMPUNG , LAMPUNG UTARA , KOTABUMI SELATAN , KOTA ALAM 
BANDAR LAMPUNG, LAMPUNG , LAMPUNG UTARA , KOTABUMI , KOTABUMI UDIK 
BANDAR LAMPUNG, LAMPUNG , LAMPUNG UTARA , BUNGA MAYANG , NEGARA TULANG BAWANG 
BANDAR LAMPUNG, LAMPUNG , LAMPUNG UTARA , KOTABUMI , SRI BASUKI (SRIBASUKI) 
BANDAR LAMPUNG, LAMPUNG , LAMPUNG UTARA , BUKIT KEMUNING , SUKA MENANTI 
BANDAR LAMPUNG, LAMPUNG , LAMPUNG UTARA , BUKIT KEMUNING , MUARA AMAN 
BANDAR LAMPUNG, LAMPUNG , LAMPUNG UTARA , SUNGKAI UTARA , NEGARA RATU 
BANDAR LAMPUNG, LAMPUNG , LAMPUNG UTARA , SUNGKAI SELATAN , GEDUNG KETAPANG 
BANDAR LAMPUNG, LAMPUNG , LAMPUNG UTARA , KOTABUMI UTARA , KALI CINTA 
BANDAR LAMPUNG, LAMPUNG , LAMPUNG UTARA , ABUNG SELATAN , KALIBALANGAN 
BANDAR LAMPUNG, LAMPUNG , LAMPUNG UTARA , ABUNG TIMUR , PUNGGUK LAMA 
BANDAR LAMPUNG, LAMPUNG , LAMPUNG UTARA , KOTABUMI , REJO SARI (REJOSARI) 
BANDAR LAMPUNG, LAMPUNG , LAMPUNG UTARA , ABUNG SELATAN , BUMI RAYA (BUMI RAYA PEMEKARAN) 
BANDAR LAMPUNG, LAMPUNG , LAMPUNG UTARA , TANJUNG RAJA , TANJUNG RAJA 
BANDAR LAMPUNG, LAMPUNG , LAMPUNG UTARA , BLAMBANGAN PAGAR , TANJUNG IMAN (TANJUNGIMAN) 
BANDAR LAMPUNG, LAMPUNG , LAMPUNG UTARA , ABUNG SELATAN , CANDIMAS (CANDI MAS) 
BANDAR LAMPUNG, LAMPUNG , LAMPUNG UTARA , ABUNG SURAKARTA , BANDAR SAKTI 
BANDAR LAMPUNG, LAMPUNG , MESUJI , SIMPANG PEMATANG , SIMPANG PEMATANG 
BANDAR LAMPUNG, LAMPUNG , MESUJI , MESUJI TIMUR , TANJUNG MENENG 
BANDAR LAMPUNG, LAMPUNG , MESUJI , SIMPANG PEMATANG , JAYA SAKTI 
BANDAR LAMPUNG, LAMPUNG , MESUJI , SIMPANG PEMATANG , SIMPANG MESUJI 
BANDAR LAMPUNG, LAMPUNG , MESUJI , SIMPANG PEMATANG , REJO BINANGUN 
BANDAR LAMPUNG, LAMPUNG , MESUJI , MESUJI , SUNGAI BADAK 
BANDAR LAMPUNG, LAMPUNG , MESUJI , PANCA JAYA , MUKTI KARYA 
BANDAR LAMPUNG, LAMPUNG , MESUJI , WAY SERDANG , GEDUNG BOGA 
BANDAR LAMPUNG, LAMPUNG , MESUJI , SIMPANG PEMATANG , AGUNG BATIN 
BANDAR LAMPUNG, LAMPUNG , MESUJI , MESUJI , SIDO MULYO 
BANDAR LAMPUNG, LAMPUNG , MESUJI , TANJUNG RAYA , BANGUN JAYA 
BANDAR LAMPUNG, LAMPUNG , MESUJI , WAY SERDANG , BUKO POSO 
BANDAR LAMPUNG, LAMPUNG , MESUJI , RAWA JITU UTARA , PANGGUNG JAYA 
BANDAR LAMPUNG, LAMPUNG , MESUJI , TANJUNG RAYA , BRABASAN 
BANDAR LAMPUNG, LAMPUNG , METRO , METRO TIMUR , YOSOREJO 
BANDAR LAMPUNG, LAMPUNG , METRO , METRO PUSAT , YOSOMULYO 
BANDAR LAMPUNG, LAMPUNG , METRO , METRO BARAT , GANJAR AGUNG 
BANDAR LAMPUNG, LAMPUNG , METRO , METRO UTARA , PURWOSARI (PURWO SARI) 
BANDAR LAMPUNG, LAMPUNG , METRO , METRO TIMUR , TEJO AGUNG 
BANDAR LAMPUNG, LAMPUNG , METRO , METRO BARAT , GANJAR ASRI 
BANDAR LAMPUNG, LAMPUNG , METRO , METRO PUSAT , METRO 
BANDAR LAMPUNG, LAMPUNG , METRO , METRO PUSAT , IMOPURO 
BANDAR LAMPUNG, LAMPUNG , METRO , METRO SELATAN , REJOMULYO 
BANDAR LAMPUNG, LAMPUNG , METRO , METRO PUSAT , HADIMULYO TIMUR 
BANDAR LAMPUNG, LAMPUNG , METRO , METRO UTARA , BANJARSARI (BANJAR SARI) 
BANDAR LAMPUNG, LAMPUNG , METRO , METRO BARAT , MULYOJATI 
BANDAR LAMPUNG, LAMPUNG , METRO , METRO TIMUR , YOSODADI 
BANDAR LAMPUNG, LAMPUNG , METRO , METRO TIMUR , IRING MULYO (IRINGMULYO) 
BANDAR LAMPUNG, SUMATERA SELATAN , OGAN KOMERING ILIR , MESUJI MAKMUR , BINA KARSA (BINAKARSA / BHINA KARSA) 
BANDAR LAMPUNG, SUMATERA SELATAN , OGAN KOMERING ILIR , MESUJI MAKMUR , CAHAYA MAS 
BANDAR LAMPUNG, SUMATERA SELATAN , OGAN KOMERING ULU , LUBUK RAJA , BATU MARTA I (BATUMARTA I) 
BANDAR LAMPUNG, SUMATERA SELATAN , OGAN KOMERING ULU , BATURAJA TIMUR , KEMALARAJA (KEMALA RAJA) 
BANDAR LAMPUNG, SUMATERA SELATAN , OGAN KOMERING ULU , BATURAJA TIMUR , SUKARAYA 
BANDAR LAMPUNG, SUMATERA SELATAN , OGAN KOMERING ULU , BATURAJA TIMUR , SUKAJADI 
BANDAR LAMPUNG, SUMATERA SELATAN , OGAN KOMERING ULU , BATURAJA TIMUR , PASAR BARU 
BANDAR LAMPUNG, SUMATERA SELATAN , OGAN KOMERING ULU , PENINJAUAN , PENINJAUAN 
BANDAR LAMPUNG, SUMATERA SELATAN , OGAN KOMERING ULU , PENINJAUAN , MENDALA 
BANDAR LAMPUNG, SUMATERA SELATAN , OGAN KOMERING ULU , LUBUK BATANG , LUBUK BATANG BARU 
BANDAR LAMPUNG, SUMATERA SELATAN , OGAN KOMERING ULU , PENINJAUAN , LUBUK RUKAM 
BANDAR LAMPUNG, SUMATERA SELATAN , OGAN KOMERING ULU , BATURAJA TIMUR , TANJUNG BARU 
BANDAR LAMPUNG, SUMATERA SELATAN , OGAN KOMERING ULU , BATURAJA BARAT , AIR GADING 
BANDAR LAMPUNG, SUMATERA SELATAN , OGAN KOMERING ULU , BATURAJA TIMUR , BATURAJA PERMAI 
BANDAR LAMPUNG, SUMATERA SELATAN , OGAN KOMERING ULU , KEDATON PENINJAUAN RAYA , SINAR KEDATON 
BANDAR LAMPUNG, SUMATERA SELATAN , OGAN KOMERING ULU , BATURAJA BARAT , TANJUNGAGUNG (TANJUNG AGUNG) 
BANDAR LAMPUNG, SUMATERA SELATAN , OGAN KOMERING ULU , SEMIDANG AJI , ULAK PANDAN 
BANDAR LAMPUNG, SUMATERA SELATAN , OGAN KOMERING ULU , SINAR PENINJAUAN , KARYA MUKTI 
BANDAR LAMPUNG, SUMATERA SELATAN , OGAN KOMERING ULU , LUBUK RAJA , BATU MARTA II (BATUMARTA II) 
BANDAR LAMPUNG, SUMATERA SELATAN , OGAN KOMERING ULU , BATURAJA TIMUR , KEMELAK BINDUNG LANGIT 
BANDAR LAMPUNG, SUMATERA SELATAN , OGAN KOMERING ULU , BATURAJA TIMUR , BATURAJA LAMA 
BANDAR LAMPUNG, SUMATERA SELATAN , OGAN KOMERING ULU , BATURAJA TIMUR , AIR PAOH/PAUH 
BANDAR LAMPUNG, SUMATERA SELATAN , OGAN KOMERING ULU , SOSOH BUAY RAYAP , PENANTIAN 
BANDAR LAMPUNG, SUMATERA SELATAN , OGAN KOMERING ULU , PENGANDONAN , GUNUNG LIWAT 
BANDAR LAMPUNG, SUMATERA SELATAN , OGAN KOMERING ULU , SEMIDANG AJI , SELEMAN 
BANDAR LAMPUNG, SUMATERA SELATAN , OGAN KOMERING ULU SELATAN , SIMPANG , SIMPANGAN 
BANDAR LAMPUNG, SUMATERA SELATAN , OGAN KOMERING ULU SELATAN , BANDING AGUNG , BANDAR AGUNG RANAU 
BANDAR LAMPUNG, SUMATERA SELATAN , OGAN KOMERING ULU SELATAN , BUAY PEMATANG RIBU RANAU TENGAH , SIMPANG SENDER TIMUR 
BANDAR LAMPUNG, SUMATERA SELATAN , OGAN KOMERING ULU SELATAN , MUARA DUA KISAM (MUARADUA KISAM) , MUARADUA KISAM (MUARA DUA KISAM) 
BANDAR LAMPUNG, SUMATERA SELATAN , OGAN KOMERING ULU SELATAN , MUARA DUA (MUARADUA) , BATU BELANG JAYA 
BANDAR LAMPUNG, SUMATERA SELATAN , OGAN KOMERING ULU SELATAN , PULAU BERINGIN , PULAU BERINGIN UTARA 
BANDAR LAMPUNG, SUMATERA SELATAN , OGAN KOMERING ULU SELATAN , WARKUK RANAU SELATAN , KOTA BATU 
BANDAR LAMPUNG, SUMATERA SELATAN , OGAN KOMERING ULU SELATAN , BUAY RAWAN , SUKAJAYA 
BANDAR LAMPUNG, SUMATERA SELATAN , OGAN KOMERING ULU SELATAN , BUAY PEMACA , KARET JAYA 
BANDAR LAMPUNG, SUMATERA SELATAN , OGAN KOMERING ULU SELATAN , MUARA DUA (MUARADUA) , BUMI AGUNG 
BANDAR LAMPUNG, SUMATERA SELATAN , OGAN KOMERING ULU SELATAN , BUAY SANDANG AJI , GUNUNG TERANG 
BANDAR LAMPUNG, SUMATERA SELATAN , OGAN KOMERING ULU SELATAN , PULAU BERINGIN , KEMU 
BANDAR LAMPUNG, SUMATERA SELATAN , OGAN KOMERING ULU SELATAN , BANDING AGUNG , SIPATUHU 
BANDAR LAMPUNG, SUMATERA SELATAN , OGAN KOMERING ULU SELATAN , BUAY PEMATANG RIBU RANAU TENGAH , SIMPANG SENDER 
BANDAR LAMPUNG, SUMATERA SELATAN , OGAN KOMERING ULU SELATAN , MUARA DUA (MUARADUA) , BATU BELANG 2 (BATU BELANG DUA) 
BANDAR LAMPUNG, SUMATERA SELATAN , OGAN KOMERING ULU SELATAN , MUARA DUA (MUARADUA) , PANCUR PUNGAH 
BANDAR LAMPUNG, SUMATERA SELATAN , OGAN KOMERING ULU SELATAN , KISAM TINGGI , PULAU PANGGUNG 
BANDAR LAMPUNG, SUMATERA SELATAN , OGAN KOMERING ULU SELATAN , BUAY PEMACA , TANJUNG DURIAN 
BANDAR LAMPUNG, SUMATERA SELATAN , OGAN KOMERING ULU SELATAN , WARKUK RANAU SELATAN , GUNUNG RAYA 
BANDAR LAMPUNG, SUMATERA SELATAN , OGAN KOMERING ULU SELATAN , SUNGAI ARE , SIMPANG LUAS 
BANDAR LAMPUNG, SUMATERA SELATAN , OGAN KOMERING ULU SELATAN , MUARA DUA KISAM (MUARADUA KISAM) , PAGAR DEWA 
BANDAR LAMPUNG, SUMATERA SELATAN , OGAN KOMERING ULU TIMUR , BELITANG , GUMAWANG 
BANDAR LAMPUNG, SUMATERA SELATAN , OGAN KOMERING ULU TIMUR , SEMENDAWAI SUKU III , SRIWANGI 
BANDAR LAMPUNG, SUMATERA SELATAN , OGAN KOMERING ULU TIMUR , BELITANG MULYA , PURWODADI 
BANDAR LAMPUNG, SUMATERA SELATAN , OGAN KOMERING ULU TIMUR , BUAY MADANG , SUMBER AGUNG 
BANDAR LAMPUNG, SUMATERA SELATAN , OGAN KOMERING ULU TIMUR , MARTAPURA , PASAR MARTAPURA 
BANDAR LAMPUNG, SUMATERA SELATAN , OGAN KOMERING ULU TIMUR , BELITANG II , DARMA BUANA 
BANDAR LAMPUNG, SUMATERA SELATAN , OGAN KOMERING ULU TIMUR , MADANG SUKU III , BATU MARTA VI (BATUMARTA VI) 
BANDAR LAMPUNG, SUMATERA SELATAN , OGAN KOMERING ULU TIMUR , BELITANG MADANG RAYA , TULUS AYU 
BANDAR LAMPUNG, SUMATERA SELATAN , OGAN KOMERING ULU TIMUR , BELITANG , TEGAL REJO 
BANDAR LAMPUNG, SUMATERA SELATAN , OGAN KOMERING ULU TIMUR , BELITANG , SIDO MULYO (SIDOMULYO) 
BANDAR LAMPUNG, SUMATERA SELATAN , OGAN KOMERING ULU TIMUR , MADANG SUKU II , SUKA NEGARA (SUKANEGARA) 
BANDAR LAMPUNG, SUMATERA SELATAN , OGAN KOMERING ULU TIMUR , MADANG SUKU I , JAYA BAKTI 
BANDAR LAMPUNG, SUMATERA SELATAN , OGAN KOMERING ULU TIMUR , BUAY PEMUKA PELIUNG , PEMETUNG BESUKI (PEMETUNG BASUKI) 
BANDAR LAMPUNG, SUMATERA SELATAN , OGAN KOMERING ULU TIMUR , BELITANG MADANG RAYA , TANAH MERAH 
BANDAR LAMPUNG, SUMATERA SELATAN , OGAN KOMERING ULU TIMUR , CEMPAKA , CAMPANG TIGA JAYA 
BANDAR LAMPUNG, SUMATERA SELATAN , OGAN KOMERING ULU TIMUR , BELITANG MADANG RAYA , TUGU MULYO 
BANDAR LAMPUNG, SUMATERA SELATAN , OGAN KOMERING ULU TIMUR , MARTAPURA , PAKU SENGKUNYIT 
BANDAR LAMPUNG, SUMATERA SELATAN , OGAN KOMERING ULU TIMUR , MARTAPURA , KOTA BARU 
BANDAR LAMPUNG, SUMATERA SELATAN , OGAN KOMERING ULU TIMUR , MARTAPURA , SUNAGITUHA JAYA (SUNGAI TUHA JAYA) 
BANDAR LAMPUNG, SUMATERA SELATAN , OGAN KOMERING ULU TIMUR , MARTAPURA , TERUKIS RAHAYU 
BANDAR LAMPUNG, SUMATERA SELATAN , OGAN KOMERING ULU TIMUR , BELITANG MADANG RAYA , JATI MULYO I 
BANDAR LAMPUNG, SUMATERA SELATAN , OGAN KOMERING ULU TIMUR , BELITANG III , NUSA BAKTI 
BANDAR LAMPUNG, SUMATERA SELATAN , OGAN KOMERING ULU TIMUR , MARTAPURA , PERJAYA 
BANDAR LAMPUNG, SUMATERA SELATAN , OGAN KOMERING ULU TIMUR , BELITANG , TAWANG REJO 
BANDAR LAMPUNG, SUMATERA SELATAN , OGAN KOMERING ULU TIMUR , BELITANG MULYA , TULUNG SARI 
BANDAR LAMPUNG, SUMATERA SELATAN , OGAN KOMERING ULU TIMUR , CEMPAKA , CEMPAKA 
BANDAR LAMPUNG, SUMATERA SELATAN , OGAN KOMERING ULU TIMUR , BELITANG , SIDO RAHAYU 
BANDAR LAMPUNG, SUMATERA SELATAN , OGAN KOMERING ULU TIMUR , MARTAPURA , KOTABARU SELATAN (KOTA BARU SELATAN) 
BANDAR LAMPUNG, SUMATERA SELATAN , OGAN KOMERING ULU TIMUR , SEMENDAWAI BARAT , SUKA NEGERI 
BANDAR LAMPUNG, SUMATERA SELATAN , OGAN KOMERING ULU TIMUR , BUAY MADANG , TEBAT JAYA 
BANDAR LAMPUNG, SUMATERA SELATAN , OGAN KOMERING ULU TIMUR , MADANG SUKU II , KARANG NEGARA 
BANDAR LAMPUNG, SUMATERA SELATAN , OGAN KOMERING ULU TIMUR , BELITANG MULYA , SUGIH WARAS 
BANDAR LAMPUNG, SUMATERA SELATAN , OGAN KOMERING ULU TIMUR , MARTAPURA , DUSUN MARTAPURA 
BANDAR LAMPUNG, SUMATERA SELATAN , OGAN KOMERING ULU TIMUR , BUAY MADANG TIMUR , SUMEDANG SARI 
BANDAR LAMPUNG, SUMATERA SELATAN , OGAN KOMERING ULU TIMUR , MADANG SUKU I , RASUAN 
BANDAR LAMPUNG, SUMATERA SELATAN , OGAN KOMERING ULU TIMUR , MADANG SUKU III , KARYA MAKMUR 
BANDAR LAMPUNG, SUMATERA SELATAN , OGAN KOMERING ULU TIMUR , BELITANG MADANG RAYA , TUGU HARUM 
BANDAR LAMPUNG, LAMPUNG , PESAWARAN , GEDONG TATAAN , GEDUNG TATAAN 
BANDAR LAMPUNG, LAMPUNG , PESAWARAN , KEDONDONG , PASAR BARU 
BANDAR LAMPUNG, LAMPUNG , PESAWARAN , TELUK PANDAN , HANURA 
BANDAR LAMPUNG, LAMPUNG , PESAWARAN , GEDONG TATAAN , BERNUNG 
BANDAR LAMPUNG, LAMPUNG , PESAWARAN , PADANG CERMIN , PADANG CERMIN 
BANDAR LAMPUNG, LAMPUNG , PESAWARAN , TEGINENENG , BUMI AGUNG (BUMIAGUNG) 
BANDAR LAMPUNG, LAMPUNG , PESAWARAN , WAY LIMA , CIMANUK 
BANDAR LAMPUNG, LAMPUNG , PESAWARAN , GEDONG TATAAN , KURUNGAN NYAWA 
BANDAR LAMPUNG, LAMPUNG , PESAWARAN , GEDONG TATAAN , PAMPANGAN 
BANDAR LAMPUNG, LAMPUNG , PESAWARAN , WAY RATAI , BUNUT 
BANDAR LAMPUNG, LAMPUNG , PESAWARAN , TELUK PANDAN , GEBANG 
BANDAR LAMPUNG, LAMPUNG , PESAWARAN , TEGINENENG , TRIMULYO 
BANDAR LAMPUNG, LAMPUNG , PESAWARAN , NEGERI KATON , TRI RAHAYU 
BANDAR LAMPUNG, LAMPUNG , PESAWARAN , NEGERI KATON , NEGARA SAKA (NEGARASAKA) 
BANDAR LAMPUNG, LAMPUNG , PESAWARAN , WAY RATAI , WATES WAY RATAI 
BANDAR LAMPUNG, LAMPUNG , PESAWARAN , GEDONG TATAAN , SUKARAJA 
BANDAR LAMPUNG, LAMPUNG , PESAWARAN , MARGA PUNDUH , SUKAJAYA PUNDUH (SUKA JAYA PUNDUH) 
BANDAR LAMPUNG, LAMPUNG , PESAWARAN , PADANG CERMIN , SANGGI 
BANDAR LAMPUNG, LAMPUNG , PESAWARAN , TELUK PANDAN , SUKAJAYA LEMPASING 
BANDAR LAMPUNG, LAMPUNG , PESAWARAN , GEDONG TATAAN , WIYONO 
BANDAR LAMPUNG, LAMPUNG , PESAWARAN , KEDONDONG , KEDONDONG 
BANDAR LAMPUNG, LAMPUNG , PESAWARAN , WAY KHILAU , GUNUNG SARI (GUNUNGSARI) 
BANDAR LAMPUNG, LAMPUNG , PESAWARAN , GEDONG TATAAN , TAMAN SARI (TAMANSARI) 
BANDAR LAMPUNG, LAMPUNG , PESAWARAN , GEDONG TATAAN , NEGERI SAKTI 
BANDAR LAMPUNG, LAMPUNG , PESAWARAN , TEGINENENG , REJO AGUNG (REJOAGUNG) 
BANDAR LAMPUNG, LAMPUNG , PESAWARAN , WAY LIMA , SIDODADI 
BANDAR LAMPUNG, LAMPUNG , PESAWARAN , TEGINENENG , GERNING 
BANDAR LAMPUNG, LAMPUNG , PESAWARAN , NEGERI KATON , PUJO RAHAYU (PUJORAHAYU) 
BANDAR LAMPUNG, LAMPUNG , PESAWARAN , WAY KHILAU , SUKA JAYA (SUKAJAYA) 
BANDAR LAMPUNG, LAMPUNG , PESAWARAN , PUNDUH PIDADA , BANGUN REJO 
BANDAR LAMPUNG, LAMPUNG , PESAWARAN , NEGERI KATON , TRESNO MAJU (TRISNO MAJU) 
BANDAR LAMPUNG, LAMPUNG , PESAWARAN , TEGINENENG , BATANG HARI OGAN 
BANDAR LAMPUNG, LAMPUNG , PESAWARAN , GEDONG TATAAN , KARANG ANYAR 
BANDAR LAMPUNG, LAMPUNG , PESISIR BARAT , PESISIR TENGAH , PASAR KRUI 
BANDAR LAMPUNG, LAMPUNG , PESISIR BARAT , NGAMBUR , NEGERI RATU NGAMBUR 
BANDAR LAMPUNG, LAMPUNG , PESISIR BARAT , PESISIR UTARA , NEGERI RATU 
BANDAR LAMPUNG, LAMPUNG , PESISIR BARAT , NGARAS (BENGKUNAT BELIMBING) , PARDASUKA 
BANDAR LAMPUNG, LAMPUNG , PESISIR BARAT , PESISIR SELATAN , BIHA 
BANDAR LAMPUNG, LAMPUNG , PESISIR BARAT , BANGKUNAT (BENGKUNAT) , PEMERIHAN 
BANDAR LAMPUNG, LAMPUNG , PESISIR BARAT , KARYA PENGGAWA , PENGGAWA V TENGAH 
BANDAR LAMPUNG, LAMPUNG , PESISIR BARAT , PESISIR TENGAH , SERAI / SERAY 
BANDAR LAMPUNG, LAMPUNG , PESISIR BARAT , KRUI SELATAN , PADANG HALUAN 
BANDAR LAMPUNG, LAMPUNG , PESISIR BARAT , PESISIR SELATAN , MARANG 
BANDAR LAMPUNG, LAMPUNG , PESISIR BARAT , PESISIR SELATAN , PELITA JAYA 
BANDAR LAMPUNG, LAMPUNG , PRINGSEWU , PRINGSEWU , PRINGSEWU UTARA 
BANDAR LAMPUNG, LAMPUNG , PRINGSEWU , PRINGSEWU , PRINGSEWU BARAT 
BANDAR LAMPUNG, LAMPUNG , PRINGSEWU , PARDASUKA , PUJODADI 
BANDAR LAMPUNG, LAMPUNG , PRINGSEWU , ADILUWIH (ADI LUWIH) , ADILUWIH (ADI LUWIH) 
BANDAR LAMPUNG, LAMPUNG , PRINGSEWU , GADING REJO , WONODADI 
BANDAR LAMPUNG, LAMPUNG , PRINGSEWU , PRINGSEWU , SIDOHARJO 
BANDAR LAMPUNG, LAMPUNG , PRINGSEWU , GADING REJO , TAMBAHREJO (TAMBAK REJO) 
BANDAR LAMPUNG, LAMPUNG , PRINGSEWU , BANYUMAS , SUKAMULYA 
BANDAR LAMPUNG, LAMPUNG , PRINGSEWU , AMBARAWA , AMBARAWA 
BANDAR LAMPUNG, LAMPUNG , PRINGSEWU , SUKOHARJO , WARINGINSARI BARAT (WARINGIN SARI BARAT) 
BANDAR LAMPUNG, LAMPUNG , PRINGSEWU , PRINGSEWU , PODOMORO 
BANDAR LAMPUNG, LAMPUNG , PRINGSEWU , GADING REJO , GADINGREJO (GADING REJO) 
BANDAR LAMPUNG, LAMPUNG , PRINGSEWU , PAGELARAN , PATOMAN 
BANDAR LAMPUNG, LAMPUNG , PRINGSEWU , PARDASUKA , PARDASUKA 
BANDAR LAMPUNG, LAMPUNG , PRINGSEWU , PAGELARAN , GUMUK MAS 
BANDAR LAMPUNG, LAMPUNG , PRINGSEWU , PRINGSEWU , PRINGSEWU TIMUR 
BANDAR LAMPUNG, LAMPUNG , PRINGSEWU , AMBARAWA , MARGODADI 
BANDAR LAMPUNG, LAMPUNG , PRINGSEWU , GADING REJO , WATES 
BANDAR LAMPUNG, LAMPUNG , PRINGSEWU , AMBARAWA , SUMBER AGUNG 
BANDAR LAMPUNG, LAMPUNG , PRINGSEWU , PRINGSEWU , FAJARESUK (PAJAR ESUK) 
BANDAR LAMPUNG, LAMPUNG , PRINGSEWU , PAGELARAN , BUMI RATU 
BANDAR LAMPUNG, LAMPUNG , PRINGSEWU , PRINGSEWU , PAJAR/FAJAR AGUNG 
BANDAR LAMPUNG, LAMPUNG , PRINGSEWU , SUKOHARJO , PANGGUNGREJO (PANGGUNG REJO) 
BANDAR LAMPUNG, LAMPUNG , PRINGSEWU , GADING REJO , GADING REJO UTARA (GADINGREJO UTARA) 
BANDAR LAMPUNG, LAMPUNG , PRINGSEWU , AMBARAWA , TANJUNG ANOM 
BANDAR LAMPUNG, LAMPUNG , PRINGSEWU , PARDASUKA , PARDASUKA TIMUR 
BANDAR LAMPUNG, LAMPUNG , PRINGSEWU , GADING REJO , BULOKARTO (BULUKARTO) 
BANDAR LAMPUNG, LAMPUNG , PRINGSEWU , PAGELARAN , PAGELARAN 
BANDAR LAMPUNG, LAMPUNG , PRINGSEWU , SUKOHARJO , SUKOHARJO III 
BANDAR LAMPUNG, LAMPUNG , PRINGSEWU , ADILUWIH (ADI LUWIH) , SRIKATON 
BANDAR LAMPUNG, LAMPUNG , PRINGSEWU , GADING REJO , PAREREJO 
BANDAR LAMPUNG, LAMPUNG , PRINGSEWU , SUKOHARJO , KEPUTRAN 
BANDAR LAMPUNG, LAMPUNG , PRINGSEWU , GADING REJO , KEDIRI 
BANDAR LAMPUNG, LAMPUNG , PRINGSEWU , GADING REJO , TULUNG AGUNG 
BANDAR LAMPUNG, LAMPUNG , PRINGSEWU , GADING REJO , TEGALSARI 
BANDAR LAMPUNG, LAMPUNG , TANGGAMUS , KOTA AGUNG (KOTA AGUNG PUSAT) , KURIPAN 
BANDAR LAMPUNG, LAMPUNG , TANGGAMUS , GISTING , GISTING BAWAH 
BANDAR LAMPUNG, LAMPUNG , TANGGAMUS , WONOSOBO , KUNYAYAN 
BANDAR LAMPUNG, LAMPUNG , TANGGAMUS , WONOSOBO , WONOSOBO 
BANDAR LAMPUNG, LAMPUNG , TANGGAMUS , TALANG PADANG , TALANG PADANG 
BANDAR LAMPUNG, LAMPUNG , TANGGAMUS , SUMBER REJO (SUMBEREJO) , SUMBER REJO 
BANDAR LAMPUNG, LAMPUNG , TANGGAMUS , BULOK , SUKARAMA (SUKAMARA) 
BANDAR LAMPUNG, LAMPUNG , TANGGAMUS , PULAU PANGGUNG , TEKAD 
BANDAR LAMPUNG, LAMPUNG , TANGGAMUS , TALANG PADANG , BANDING AGUNG 
BANDAR LAMPUNG, LAMPUNG , TANGGAMUS , GISTING , GISTING ATAS 
BANDAR LAMPUNG, LAMPUNG , TANGGAMUS , PULAU PANGGUNG , PULAU PANGGUNG 
BANDAR LAMPUNG, LAMPUNG , TANGGAMUS , PUGUNG , WAY MANAK 
BANDAR LAMPUNG, LAMPUNG , TANGGAMUS , SEMAKA , SEDAYU 
BANDAR LAMPUNG, LAMPUNG , TANGGAMUS , KOTA AGUNG TIMUR , KAGUNGAN 
BANDAR LAMPUNG, LAMPUNG , TANGGAMUS , TALANG PADANG , SUKA NEGERI 
BANDAR LAMPUNG, LAMPUNG , TANGGAMUS , KOTA AGUNG (KOTA AGUNG PUSAT) , TERBAYA 
BANDAR LAMPUNG, LAMPUNG , TANGGAMUS , SUMBER REJO (SUMBEREJO) , SIMPANG KANAN 
BANDAR LAMPUNG, LAMPUNG , TANGGAMUS , KOTA AGUNG (KOTA AGUNG PUSAT) , PASAR MADANG 
BANDAR LAMPUNG, LAMPUNG , TANGGAMUS , KOTA AGUNG BARAT , KANDANG BESI 
BANDAR LAMPUNG, LAMPUNG , TANGGAMUS , TALANG PADANG , SUKARAME 
BANDAR LAMPUNG, LAMPUNG , TANGGAMUS , KOTA AGUNG TIMUR , KAMPUNG BARU 
BANDAR LAMPUNG, LAMPUNG , TANGGAMUS , GISTING , KUTA DALOM (KOTA DALOM / DALAM) 
BANDAR LAMPUNG, LAMPUNG , TANGGAMUS , WONOSOBO , DADIREJO 
BANDAR LAMPUNG, LAMPUNG , TANGGAMUS , GUNUNG ALIP , BANJAR NEGERI 
BANDAR LAMPUNG, LAMPUNG , TULANG BAWANG , BANJAR AGUNG , DWI WARGA TUNGGAL JAYA 
BANDAR LAMPUNG, LAMPUNG , TULANG BAWANG , MENGGALA , MENGGALA KOTA 
BANDAR LAMPUNG, LAMPUNG , TULANG BAWANG , DENTE TELADAS , PASIRAN JAYA 
BANDAR LAMPUNG, LAMPUNG , TULANG BAWANG , RAWA JITU SELATAN (RAWAJITU SELATAN) , GEDUNG KARYA JITU 
BANDAR LAMPUNG, LAMPUNG , TULANG BAWANG , DENTE TELADAS , SUNGAI NIBUNG 
BANDAR LAMPUNG, LAMPUNG , TULANG BAWANG , PENAWAR TAMA , BOGATAMA (BOGA TAMA) 
BANDAR LAMPUNG, LAMPUNG , TULANG BAWANG , BANJAR AGUNG , TUNGGAL WARGA 
BANDAR LAMPUNG, LAMPUNG , TULANG BAWANG , MENGGALA , UJUNG GUNUNG ILIR 
BANDAR LAMPUNG, LAMPUNG , TULANG BAWANG , DENTE TELADAS , PENDOWO ASRI 
BANDAR LAMPUNG, LAMPUNG , TULANG BAWANG , GEDUNG AJI BARU , SUKA BHAKTI 
BANDAR LAMPUNG, LAMPUNG , TULANG BAWANG , MERAKSA AJI , KARYA BHAKTI (KARYA BAKTI) 
BANDAR LAMPUNG, LAMPUNG , TULANG BAWANG , DENTE TELADAS , WAY DENTE 
BANDAR LAMPUNG, LAMPUNG , TULANG BAWANG , BANJAR AGUNG , BANJAR DEWA 
BANDAR LAMPUNG, LAMPUNG , TULANG BAWANG , PENAWAR TAMA , SIDOHARJO 
BANDAR LAMPUNG, LAMPUNG , TULANG BAWANG , BANJAR MARGO , PENAWAR JAYA 
BANDAR LAMPUNG, LAMPUNG , TULANG BAWANG , MENGGALA TIMUR , MENGGALA 
BANDAR LAMPUNG, LAMPUNG , TULANG BAWANG , MENGGALA TIMUR , LEBUH DALAM (LEBUH DALEM) 
BANDAR LAMPUNG, LAMPUNG , TULANG BAWANG , BANJAR MARGO , BUJUK AGUNG 
BANDAR LAMPUNG, LAMPUNG , TULANG BAWANG , PENAWAR TAMA , SIDOMULYO 
BANDAR LAMPUNG, LAMPUNG , TULANG BAWANG , MERAKSA AJI , SUKARAME 
BANDAR LAMPUNG, LAMPUNG , TULANG BAWANG , RAWA JITU SELATAN (RAWAJITU SELATAN) , MEDASARI (MEDA SARI) 
BANDAR LAMPUNG, LAMPUNG , TULANG BAWANG , BANJAR AGUNG , BANJAR AGUNG 
BANDAR LAMPUNG, LAMPUNG , TULANG BAWANG , GEDUNG AJI BARU , SIDOMUKTI (SIDO MUKTI) 
BANDAR LAMPUNG, LAMPUNG , TULANG BAWANG BARAT , TULANG BAWANG TENGAH , PANARAGAN JAYA 
BANDAR LAMPUNG, LAMPUNG , TULANG BAWANG BARAT , TUMIJAJAR , DAYA MURNI 
BANDAR LAMPUNG, LAMPUNG , TULANG BAWANG BARAT , TUMIJAJAR , MURNI JAYA 
BANDAR LAMPUNG, LAMPUNG , TULANG BAWANG BARAT , TULANG BAWANG TENGAH , MULYO ASRI 
BANDAR LAMPUNG, LAMPUNG , TULANG BAWANG BARAT , TULANG BAWANG UDIK , KARTA RAHARJA 
BANDAR LAMPUNG, LAMPUNG , TULANG BAWANG BARAT , TULANG BAWANG TENGAH , PENUMANGAN 
BANDAR LAMPUNG, LAMPUNG , TULANG BAWANG BARAT , WAY KENANGA , INDRALOKA II 
BANDAR LAMPUNG, LAMPUNG , TULANG BAWANG BARAT , TUMIJAJAR , MARGO MULYO 
BANDAR LAMPUNG, LAMPUNG , TULANG BAWANG BARAT , GUNUNG TERANG , GUNUNG AGUNG 
BANDAR LAMPUNG, LAMPUNG , TULANG BAWANG BARAT , LAMBU KIBANG , KIBANG BUDI JAYA 
BANDAR LAMPUNG, LAMPUNG , TULANG BAWANG BARAT , GUNUNG AGUNG , SUKA JAYA 
BANDAR LAMPUNG, LAMPUNG , TULANG BAWANG BARAT , GUNUNG AGUNG , TUNAS JAYA 
BANDAR LAMPUNG, LAMPUNG , TULANG BAWANG BARAT , GUNUNG TERANG , MULYO JADI 
BANDAR LAMPUNG, LAMPUNG , TULANG BAWANG BARAT , TULANG BAWANG TENGAH , MULYA KENCANA 
BANDAR LAMPUNG, LAMPUNG , TULANG BAWANG BARAT , TULANG BAWANG TENGAH , PULUNG KENCANA 
BANDAR LAMPUNG, LAMPUNG , TULANG BAWANG BARAT , TULANG BAWANG TENGAH , PANARAGAN 
BANDAR LAMPUNG, LAMPUNG , TULANG BAWANG BARAT , GUNUNG AGUNG , MULYA SARI 
BANDAR LAMPUNG, LAMPUNG , WAY KANAN , BUMI AGUNG , PISANG BARU 
BANDAR LAMPUNG, LAMPUNG , WAY KANAN , BLAMBANGAN UMPU , BUMI RATU 
BANDAR LAMPUNG, LAMPUNG , WAY KANAN , NEGERI AGUNG , KALI PAPAN 
BANDAR LAMPUNG, LAMPUNG , WAY KANAN , PAKUAN RATU , BUMI MULYA 
BANDAR LAMPUNG, LAMPUNG , WAY KANAN , BARADATU , TIUH BALAK 
BANDAR LAMPUNG, LAMPUNG , WAY KANAN , KASUI , KASUI PASAR 
BANDAR LAMPUNG, LAMPUNG , WAY KANAN , BUMI AGUNG , BUMI AGUNG 
BANDAR LAMPUNG, LAMPUNG , WAY KANAN , BLAMBANGAN UMPU , NEGERI BUMI PUTRA 
BANDAR LAMPUNG, LAMPUNG , WAY KANAN , BLAMBANGAN UMPU , KARANG UMPU 
BANDAR LAMPUNG, LAMPUNG , WAY KANAN , BARADATU , BANJAR NEGARA 
BANDAR LAMPUNG, LAMPUNG , WAY KANAN , BARADATU , MEKAR ASRI 
BANDAR LAMPUNG, LAMPUNG , WAY KANAN , PAKUAN RATU , SERUPA INDAH 
BANDAR LAMPUNG, LAMPUNG , WAY KANAN , BARADATU , TIUH BALAK PASAR 
BANDAR LAMPUNG, LAMPUNG , WAY KANAN , BANJIT , BALI SADAR UTARA 
BANDAR LAMPUNG, LAMPUNG , WAY KANAN , WAY TUBA , WAY PISANG 
BANDAR LAMPUNG, LAMPUNG , WAY KANAN , BUAY BAHUGA , SUKA BUMI (SUKABUMI) 
BANDAR LAMPUNG, LAMPUNG , WAY KANAN , BLAMBANGAN UMPU , BLAMBANGAN UMPU 
BANDAR LAMPUNG, LAMPUNG , WAY KANAN , BANJIT , PASAR BANJIT (PASIR BANJIT) 
BANDAR LAMPUNG, LAMPUNG , WAY KANAN , WAY TUBA , WAY TUBA 
BANDAR LAMPUNG, LAMPUNG , WAY KANAN , PAKUAN RATU , SUKABUMI 
BANDAR LAMPUNG, LAMPUNG , WAY KANAN , NEGARA BATIN , PURWA AGUNG 
BALI & LOMBOK, BALI , BADUNG , KUTA UTARA , DALUNG 
BALI & LOMBOK, BALI , BADUNG , KUTA UTARA , KEROBOKAN KAJA 
BALI & LOMBOK, BALI , BADUNG , KUTA UTARA , CANGGU 
BALI & LOMBOK, BALI , BADUNG , KUTA SELATAN , BENOA 
BALI & LOMBOK, BALI , BADUNG , KUTA , KUTA 
BALI & LOMBOK, BALI , BADUNG , MENGWI , ABIANBASE 
BALI & LOMBOK, BALI , BADUNG , MENGWI , MENGWI 
BALI & LOMBOK, BALI , BADUNG , ABIANSEMAL , SIBANG KAJA 
BALI & LOMBOK, BALI , BADUNG , KUTA UTARA , TIBUBENENG 
BALI & LOMBOK, BALI , BADUNG , KUTA SELATAN , JIMBARAN 
BALI & LOMBOK, BALI , BADUNG , KUTA SELATAN , TANJUNG BENOA 
BALI & LOMBOK, BALI , BADUNG , MENGWI , KAPAL 
BALI & LOMBOK, BALI , BADUNG , MENGWI , MUNGGU 
BALI & LOMBOK, BALI , BADUNG , KUTA , LEGIAN 
BALI & LOMBOK, BALI , BADUNG , KUTA SELATAN , UNGASAN 
BALI & LOMBOK, BALI , BADUNG , MENGWI , GULINGAN 
BALI & LOMBOK, BALI , BADUNG , MENGWI , PENARUNGAN 
BALI & LOMBOK, BALI , BADUNG , ABIANSEMAL , ANGANTAKA 
BALI & LOMBOK, BALI , BADUNG , KUTA , KEDONGANAN 
BALI & LOMBOK, BALI , BADUNG , MENGWI , MENGWITANI 
BALI & LOMBOK, BALI , BADUNG , KUTA , TUBAN 
BALI & LOMBOK, BALI , BADUNG , MENGWI , BUDUK 
BALI & LOMBOK, BALI , BADUNG , ABIANSEMAL , DARMASABA 
BALI & LOMBOK, BALI , BADUNG , KUTA UTARA , KEROBOKAN 
BALI & LOMBOK, BALI , BADUNG , MENGWI , WERDI BHUWANA 
BALI & LOMBOK, BALI , BADUNG , KUTA UTARA , KEROBOKAN KELOD 
BALI & LOMBOK, BALI , BADUNG , ABIANSEMAL , DAUH YEH CANI 
BALI & LOMBOK, BALI , BADUNG , PETANG , CARANGSARI 
BALI & LOMBOK, BALI , BADUNG , KUTA SELATAN , PECATU 
BALI & LOMBOK, BALI , BADUNG , MENGWI , SEMBUNG 
BALI & LOMBOK, BALI , BADUNG , MENGWI , CEMAGI 
BALI & LOMBOK, BALI , BADUNG , ABIANSEMAL , BONGKASA 
BALI & LOMBOK, BALI , BADUNG , ABIANSEMAL , ABIANSEMAL 
BALI & LOMBOK, BALI , BADUNG , MENGWI , SEMPIDI 
BALI & LOMBOK, BALI , BADUNG , ABIANSEMAL , BLAHKIUH 
BALI & LOMBOK, BALI , BADUNG , ABIANSEMAL , MEKAR BHUWANA 
BALI & LOMBOK, BALI , BADUNG , MENGWI , LUKLUK 
BALI & LOMBOK, BALI , BADUNG , ABIANSEMAL , MAMBAL 
BALI & LOMBOK, BALI , BADUNG , KUTA SELATAN , KUTUH 
BALI & LOMBOK, BALI , BADUNG , PETANG , PETANG 
BALI & LOMBOK, BALI , BADUNG , KUTA , SEMINYAK 
BALI & LOMBOK, BALI , BADUNG , MENGWI , KUWUN (KUWUM) 
BALI & LOMBOK, BALI , BADUNG , ABIANSEMAL , SANGEH 
BALI & LOMBOK, BALI , BADUNG , PETANG , PELAGA 
BALI & LOMBOK, BALI , BADUNG , MENGWI , PERERENAN 
BALI & LOMBOK, BALI , BANGLI , BANGLI , KAWAN 
BALI & LOMBOK, BALI , BANGLI , KINTAMANI , KINTAMANI 
BALI & LOMBOK, BALI , BANGLI , BANGLI , CEMPAGA 
BALI & LOMBOK, BALI , BANGLI , SUSUT , SUSUT 
BALI & LOMBOK, BALI , BANGLI , KINTAMANI , BATUR UTARA 
BALI & LOMBOK, BALI , BANGLI , SUSUT , TIGA 
BALI & LOMBOK, BALI , BANGLI , KINTAMANI , BATUR TENGAH 
BALI & LOMBOK, BALI , BANGLI , KINTAMANI , BATUR SELATAN 
BALI & LOMBOK, BALI , BANGLI , BANGLI , BEBALANG 
BALI & LOMBOK, BALI , BANGLI , KINTAMANI , KEDISAN 
BALI & LOMBOK, BALI , BANGLI , KINTAMANI , SEKARDADI 
BALI & LOMBOK, BALI , BANGLI , TEMBUKU , BANGBANG 
BALI & LOMBOK, BALI , BANGLI , BANGLI , TAMANBALI (TAMAN BALI) 
BALI & LOMBOK, BALI , BANGLI , KINTAMANI , DAUSA 
BALI & LOMBOK, BALI , BANGLI , KINTAMANI , BELANTIH 
BALI & LOMBOK, BALI , BULELENG , BULELENG , BANYUASARI (BANYUASRI) 
BALI & LOMBOK, BALI , BULELENG , BULELENG , PENARUKAN 
BALI & LOMBOK, BALI , BULELENG , BULELENG , KALIBUKBUK 
BALI & LOMBOK, BALI , BULELENG , SAWAN , SANGSIT 
BALI & LOMBOK, BALI , BULELENG , BULELENG , KAMPUNG ANYAR 
BALI & LOMBOK, BALI , BULELENG , SERIRIT , SERIRIT 
BALI & LOMBOK, BALI , BULELENG , SUKASADA , SUKASADA 
BALI & LOMBOK, BALI , BULELENG , BULELENG , BANJAR JAWA 
BALI & LOMBOK, BALI , BULELENG , BULELENG , KALIUNTU 
BALI & LOMBOK, BALI , BULELENG , BANJAR , BANJAR 
BALI & LOMBOK, BALI , BULELENG , BULELENG , BANYUNING 
BALI & LOMBOK, BALI , BULELENG , GEROKGAK , PENGULON 
BALI & LOMBOK, BALI , BULELENG , BULELENG , BANJAR BALI 
BALI & LOMBOK, BALI , BULELENG , BULELENG , PEMARON 
BALI & LOMBOK, BALI , BULELENG , GEROKGAK , PENYAMBANGAN (PENYABANGAN) 
BALI & LOMBOK, BALI , BULELENG , GEROKGAK , GEROKGAK 
BALI & LOMBOK, BALI , BULELENG , SERIRIT , TANGGUWISIA 
BALI & LOMBOK, BALI , BULELENG , GEROKGAK , TINGA-TINGA (TINGA TINGA) 
BALI & LOMBOK, BALI , BULELENG , SAWAN , BUNGKULAN 
BALI & LOMBOK, BALI , BULELENG , SERIRIT , SULANYAH 
BALI & LOMBOK, BALI , BULELENG , GEROKGAK , MUSI 
BALI & LOMBOK, BALI , BULELENG , BANJAR , TEMUKUS 
BALI & LOMBOK, BALI , BULELENG , GEROKGAK , BANYUPOH 
BALI & LOMBOK, BALI , BULELENG , BULELENG , ANTURAN 
BALI & LOMBOK, BALI , BULELENG , BULELENG , JINENGDALEM 
BALI & LOMBOK, BALI , BULELENG , SERIRIT , LOKAPAKSA 
BALI & LOMBOK, BALI , BULELENG , TEJAKULA , SEMBIRAN 
BALI & LOMBOK, BALI , BULELENG , TEJAKULA , LES 
BALI & LOMBOK, BALI , BULELENG , SUKASADA , WANAGIRI 
BALI & LOMBOK, BALI , BULELENG , BULELENG , ASTINA 
BALI & LOMBOK, BALI , BULELENG , BULELENG , BANJAR TEGAL 
BALI & LOMBOK, BALI , BULELENG , TEJAKULA , BONDALEM 
BALI & LOMBOK, BALI , BULELENG , SAWAN , KEROBOKAN 
BALI & LOMBOK, BALI , BULELENG , SUKASADA , SAMBANGAN 
BALI & LOMBOK, BALI , BULELENG , BULELENG , BHAKTI SERAGA (BAKTISERAGA) 
BALI & LOMBOK, BALI , BULELENG , GEROKGAK , PEJARAKAN 
BALI & LOMBOK, BALI , BULELENG , SUKASADA , AMBENGAN 
BALI & LOMBOK, BALI , BULELENG , BULELENG , LILIGUNDI 
BALI & LOMBOK, BALI , BULELENG , SAWAN , SINABUN 
BALI & LOMBOK, BALI , BULELENG , KUBUTAMBAHAN , KUBUTAMBAHAN 
BALI & LOMBOK, BALI , BULELENG , BANJAR , BANYUATIS 
BALI & LOMBOK, BALI , BULELENG , BULELENG , TUKADMUNGGA 
BALI & LOMBOK, BALI , BULELENG , BUSUNG BIU (BUSUNGBBUSUNG BIU (BUSUNGBIU) , BUSUNGBIU 
BALI & LOMBOK, BALI , BULELENG , GEROKGAK , PATAS 
BALI & LOMBOK, BALI , BULELENG , SUKASADA , PANJI ANOM 
BALI & LOMBOK, BALI , DENPASAR , DENPASAR UTARA , UBUNG KAJA 
BALI & LOMBOK, BALI , DENPASAR , DENPASAR BARAT , PADANG SAMBIAN KAJA (PADANGSAMBIAN KAJA) 
BALI & LOMBOK, BALI , DENPASAR , DENPASAR BARAT , DAUH PURI KLOD/KELOD 
BALI & LOMBOK, BALI , DENPASAR , DENPASAR UTARA , PEGUYANGAN 
BALI & LOMBOK, BALI , DENPASAR , DENPASAR SELATAN , PANJER 
BALI & LOMBOK, BALI , DENPASAR , DENPASAR SELATAN , SESETAN 
BALI & LOMBOK, BALI , DENPASAR , DENPASAR TIMUR , SUMERTA KAUH 
BALI & LOMBOK, BALI , DENPASAR , DENPASAR UTARA , TONJA 
BALI & LOMBOK, BALI , DENPASAR , DENPASAR BARAT , PADANGSAMBIAN KLOD/KELOD 
BALI & LOMBOK, BALI , DENPASAR , DENPASAR SELATAN , RENON 
BALI & LOMBOK, BALI , DENPASAR , DENPASAR TIMUR , SUMERTA KELOD/KLOD 
BALI & LOMBOK, BALI , DENPASAR , DENPASAR SELATAN , SIDAKARYA 
BALI & LOMBOK, BALI , DENPASAR , DENPASAR UTARA , PEGUYANGAN KAJA 
BALI & LOMBOK, BALI , DENPASAR , DENPASAR TIMUR , PENATIH 
BALI & LOMBOK, BALI , DENPASAR , DENPASAR BARAT , PADANGSAMBIAN 
BALI & LOMBOK, BALI , DENPASAR , DENPASAR TIMUR , SUMERTA KAJA 
BALI & LOMBOK, BALI , DENPASAR , DENPASAR TIMUR , KESIMAN PETILAN 
BALI & LOMBOK, BALI , DENPASAR , DENPASAR BARAT , TEGAL KERTHA 
BALI & LOMBOK, BALI , DENPASAR , DENPASAR UTARA , PEMECUTAN KAJA 
BALI & LOMBOK, BALI , DENPASAR , DENPASAR UTARA , DANGIN PURI KANGIN 
BALI & LOMBOK, BALI , DENPASAR , DENPASAR UTARA , PEGUYANGAN KANGIN 
BALI & LOMBOK, BALI , DENPASAR , DENPASAR SELATAN , PEMOGAN 
BALI & LOMBOK, BALI , DENPASAR , DENPASAR BARAT , PEMECUTAN KLOD/KELOD 
BALI & LOMBOK, BALI , DENPASAR , DENPASAR TIMUR , KESIMAN KERTALANGU 
BALI & LOMBOK, BALI , DENPASAR , DENPASAR SELATAN , PEDUNGAN 
BALI & LOMBOK, BALI , DENPASAR , DENPASAR SELATAN , SANSANUR 
BALI & LOMBOK, BALI , DENPASAR , DENPASAR UTARA , UBUNG 
BALI & LOMBOK, BALI , DENPASAR , DENPASAR BARAT , DAUH PURI 
BALI & LOMBOK, BALI , DENPASAR , DENPASAR SELATAN , SANUR KAJA 
BALI & LOMBOK, BALI , DENPASAR , DENPASAR BARAT , PEMECUTAN 
BALI & LOMBOK, BALI , DENPASAR , DENPASAR BARAT , DAUH PURI KAUH 
BALI & LOMBOK, BALI , DENPASAR , DENPASAR BARAT , TEGAL HARUM 
BALI & LOMBOK, BALI , DENPASAR , DENPASAR UTARA , DANGIN PURI KAJA 
BALI & LOMBOK, BALI , DENPASAR , DENPASAR SELATAN , SANUR KAUH 
BALI & LOMBOK, BALI , DENPASAR , DENPASAR TIMUR , DANGIN PURI 
BALI & LOMBOK, BALI , DENPASAR , DENPASAR UTARA , DAUH PURI KAJA 
BALI & LOMBOK, BALI , DENPASAR , DENPASAR TIMUR , KESIMAN 
BALI & LOMBOK, BALI , DENPASAR , DENPASAR TIMUR , PENATIH DANGIN PURI 
BALI & LOMBOK, BALI , DENPASAR , DENPASAR TIMUR , SUMERTA 
BALI & LOMBOK, BALI , DENPASAR , DENPASAR TIMUR , DANGIN PURI KELOD (DANGIN PURI KLOD) 
BALI & LOMBOK, BALI ,  , DENPASAR TIMUR , SUMERTA KAUH 
BALI & LOMBOK, BALI , GIANYAR , SUKAWATI , SUKAWATI 
BALI & LOMBOK, BALI , GIANYAR , UBUD , PELIATAN 
BALI & LOMBOK, BALI , GIANYAR , GIANYAR , GIANYAR 
BALI & LOMBOK, BALI , GIANYAR , SUKAWATI , CELUK 
BALI & LOMBOK, BALI , GIANYAR , BELAH BATUH (BLAHBATUH) , BLAHBATUH 
BALI & LOMBOK, BALI , GIANYAR , SUKAWATI , GUWANG 
BALI & LOMBOK, BALI , GIANYAR , TAMPAKSIRING (TAMPAK SIRING) , TAMPAKSIRING 
BALI & LOMBOK, BALI , GIANYAR , GIANYAR , BENG 
BALI & LOMBOK, BALI , GIANYAR , SUKAWATI , BATUBULAN 
BALI & LOMBOK, BALI , GIANYAR , UBUD , MAS 
BALI & LOMBOK, BALI , GIANYAR , UBUD , UBUD 
BALI & LOMBOK, BALI , GIANYAR , BELAH BATUH (BLAHBATUH) , BEDULU 
BALI & LOMBOK, BALI , GIANYAR , SUKAWATI , SINGAPADU TENGAH 
BALI & LOMBOK, BALI , GIANYAR , GIANYAR , LEBIH 
BALI & LOMBOK, BALI , GIANYAR , TAMPAKSIRING (TAMPAK SIRING) , PEJENG 
BALI & LOMBOK, BALI , GIANYAR , TAMPAKSIRING (TAMPAK SIRING) , MANUKAYA 
BALI & LOMBOK, BALI , GIANYAR , UBUD , KEDEWATAN 
BALI & LOMBOK, BALI , GIANYAR , UBUD , SINGAKERTA (SINGEKERTA) 
BALI & LOMBOK, BALI , GIANYAR , UBUD , LODTUNDUH 
BALI & LOMBOK, BALI , GIANYAR , SUKAWATI , SINGAPADU KALER 
BALI & LOMBOK, BALI , GIANYAR , PAYANGAN , MELINGGIH 
BALI & LOMBOK, BALI , GIANYAR , GIANYAR , ABIANBASE 
BALI & LOMBOK, BALI , GIANYAR , TEGALLALANG , SEBATU 
BALI & LOMBOK, BALI , GIANYAR , BELAH BATUH (BLAHBATUH) , BONA 
BALI & LOMBOK, BALI , GIANYAR , SUKAWATI , BATUAN KALER 
BALI & LOMBOK, BALI , GIANYAR , TAMPAKSIRING (TAMPAK SIRING) , PEJENG KAJA 
BALI & LOMBOK, BALI , GIANYAR , UBUD , PETULU 
BALI & LOMBOK, BALI , GIANYAR , SUKAWATI , KETEWEL 
BALI & LOMBOK, BALI , GIANYAR , SUKAWATI , SINGAPADU 
BALI & LOMBOK, BALI , GIANYAR , BELAH BATUH (BLAHBATUH) , KERAMAS 
BALI & LOMBOK, BALI , GIANYAR , TEGALLALANG , TEGALLALANG 
BALI & LOMBOK, BALI , GIANYAR , BELAH BATUH (BLAHBATUH) , BURUAN 
BALI & LOMBOK, BALI , GIANYAR , TAMPAKSIRING (TAMPAK SIRING) , SANDING 
BALI & LOMBOK, BALI , GIANYAR , GIANYAR , SIDAN 
BALI & LOMBOK, BALI , GIANYAR , PAYANGAN , MELINGGIH KELOD 
BALI & LOMBOK, BALI , GIANYAR , GIANYAR , TEGAL TUGU 
BALI & LOMBOK, BALI , GIANYAR , BELAH BATUH (BLAHBATUH) , SABA 
BALI & LOMBOK, BALI , GIANYAR , BELAH BATUH (BLAHBATUH) , PERING 
BALI & LOMBOK, BALI , GIANYAR , GIANYAR , TEMESI 
BALI & LOMBOK, BALI , GIANYAR , SUKAWATI , BATUBULAN KANGIN 
BALI & LOMBOK, BALI , GIANYAR , SUKAWATI , KEMENUH 
BALI & LOMBOK, BALI , GIANYAR , GIANYAR , SAMPLANGAN 
BALI & LOMBOK, BALI , GIANYAR , SUKAWATI , BATUAN 
BALI & LOMBOK, BALI , GIANYAR , SUKAWATI , SUKAWATI 
BALI & LOMBOK, BALI , GIANYAR , UBUD , SINGAKERTA (SINGEKERTA) 
BALI & LOMBOK, BALI , JEMBRANA , PEKUTATAN , GUMBRIH 
BALI & LOMBOK, BALI , JEMBRANA , NEGARA , LELATENG 
BALI & LOMBOK, BALI , JEMBRANA , MELAYA , GILIMANUK 
BALI & LOMBOK, BALI , JEMBRANA , JEMBRANA , DAUHWARU 
BALI & LOMBOK, BALI , JEMBRANA , NEGARA , PENGAMBENGAN 
BALI & LOMBOK, BALI , JEMBRANA , JEMBRANA , DANGIN TUKADAYA 
BALI & LOMBOK, BALI , JEMBRANA , JEMBRANA , PENDEM 
BALI & LOMBOK, BALI , JEMBRANA , NEGARA , BALER BALE AGUNG 
BALI & LOMBOK, BALI , JEMBRANA , MENDOYO , PENYARINGAN 
BALI & LOMBOK, BALI , JEMBRANA , NEGARA , BANYU BIRU (BANYUBIRU) 
BALI & LOMBOK, BALI , JEMBRANA , MENDOYO , MENDOYO DANGIN TUKAD 
BALI & LOMBOK, BALI , JEMBRANA , NEGARA , KALIAKAH 
BALI & LOMBOK, BALI , JEMBRANA , NEGARA , TEGAL BADENG TIMUR 
BALI & LOMBOK, BALI , JEMBRANA , PEKUTATAN , PEKUTATAN 
BALI & LOMBOK, BALI , JEMBRANA , JEMBRANA , LOLOAN TIMUR 
BALI & LOMBOK, BALI , JEMBRANA , MENDOYO , TEGALCANGKRING (TEGAL CANGKRING) 
BALI & LOMBOK, BALI , JEMBRANA , MENDOYO , YEHEMBANG KAUH (YEH EMBANG KAUH) 
BALI & LOMBOK, BALI , JEMBRANA , MELAYA , MELAYA 
BALI & LOMBOK, BALI , KARANGASEM , KARANGASEM (KARANG ASEM) , SUBAGAN 
BALI & LOMBOK, BALI , KARANGASEM , KARANGASEM (KARANG ASEM) , PADANG KERTA 
BALI & LOMBOK, BALI , KARANGASEM , KARANGASEM (KARANG ASEM) , BUGBUG 
BALI & LOMBOK, BALI , KARANGASEM , MANGGIS , ANTIGA 
BALI & LOMBOK, BALI , KARANGASEM , KARANGASEM (KARANG ASEM) , KARANG ASEM (KARANGASEM) 
BALI & LOMBOK, BALI , KARANGASEM , ABANG , ABABI 
BALI & LOMBOK, BALI , KARANGASEM , KUBU , TULAMBEN 
BALI & LOMBOK, BALI , KARANGASEM , ABANG , PURWAKERTI 
BALI & LOMBOK, BALI , KARANGASEM , ABANG , BUNUTAN 
BALI & LOMBOK, BALI , KARANGASEM , KUBU , TIANYAR (TIANYAR TIMUR) 
BALI & LOMBOK, BALI , KARANGASEM , RENDANG , RENDANG 
BALI & LOMBOK, BALI , KARANGASEM , BEBANDEM , BUNGAYA KANGIN 
BALI & LOMBOK, BALI , KARANGASEM , KUBU , TIANYAR BARAT 
BALI & LOMBOK, BALI , KARANGASEM , SELAT , MUNCAN 
BALI & LOMBOK, BALI , KLUNGKUNG , KLUNGKUNG , SEMARAPURA KLOD/KELOD 
BALI & LOMBOK, BALI , KLUNGKUNG , KLUNGKUNG , SEMARAPURA TENGAH 
BALI & LOMBOK, BALI , KLUNGKUNG , KLUNGKUNG , SEMARAPURA KAUH 
BALI & LOMBOK, BALI , KLUNGKUNG , BANJARANGKAN , BANJARANGKAN 
BALI & LOMBOK, BALI , KLUNGKUNG , BANJARANGKAN , TAKMUNG 
BALI & LOMBOK, BALI , KLUNGKUNG , DAWAN , SAMPALAN KELOD (SAMPALAN KLOD) 
BALI & LOMBOK, BALI , KLUNGKUNG , BANJARANGKAN , NEGARI 
BALI & LOMBOK, NUSA TENGGARA BARAT (NTB) , LOMBOK BARAT , NARMADA , NYUR LEMBANG 
BALI & LOMBOK, NUSA TENGGARA BARAT (NTB) , LOMBOK BARAT , BATU LAYAR , SENGGIGI 
BALI & LOMBOK, NUSA TENGGARA BARAT (NTB) , LOMBOK BARAT , LEMBAR , LEMBAR 
BALI & LOMBOK, NUSA TENGGARA BARAT (NTB) , LOMBOK BARAT , GUNUNGSARI , GUNUNGSARI (GUNUNG SARI) 
BALI & LOMBOK, NUSA TENGGARA BARAT (NTB) , LOMBOK BARAT , NARMADA , NARMADA 
BALI & LOMBOK, NUSA TENGGARA BARAT (NTB) , LOMBOK BARAT , LABUAPI , PERAMPUAN 
BALI & LOMBOK, NUSA TENGGARA BARAT (NTB) , LOMBOK BARAT , LEMBAR , JEMBATAN KEMBAR 
BALI & LOMBOK, NUSA TENGGARA BARAT (NTB) , LOMBOK BARAT , LINGSAR , LINGSAR 
BALI & LOMBOK, NUSA TENGGARA BARAT (NTB) , LOMBOK BARAT , GERUNG , BELEKE 
BALI & LOMBOK, NUSA TENGGARA BARAT (NTB) , LOMBOK BARAT , GUNUNGSARI , MIDANG 
BALI & LOMBOK, NUSA TENGGARA BARAT (NTB) , LOMBOK BARAT , BATU LAYAR , BATULAYAR (BATU LAYAR) 
BALI & LOMBOK, NUSA TENGGARA BARAT (NTB) , LOMBOK BARAT , LABUAPI , TELAGAWARU 
BALI & LOMBOK, NUSA TENGGARA BARAT (NTB) , LOMBOK BARAT , NARMADA , LEMBUAK 
BALI & LOMBOK, NUSA TENGGARA BARAT (NTB) , LOMBOK BARAT , BATU LAYAR , SANDIK 
BALI & LOMBOK, NUSA TENGGARA BARAT (NTB) , LOMBOK BARAT , BATU LAYAR , MENINTING 
BALI & LOMBOK, NUSA TENGGARA BARAT (NTB) , LOMBOK BARAT , GUNUNGSARI , KEKERI 
BALI & LOMBOK, NUSA TENGGARA BARAT (NTB) , LOMBOK BARAT , KEDIRI , RUMAK 
BALI & LOMBOK, NUSA TENGGARA BARAT (NTB) , LOMBOK BARAT , LABUAPI , BENGKEL 
BALI & LOMBOK, NUSA TENGGARA BARAT (NTB) , LOMBOK BARAT , LABUAPI , BAJUR 
BALI & LOMBOK, NUSA TENGGARA BARAT (NTB) , LOMBOK BARAT , GUNUNGSARI , JATISELA 
BALI & LOMBOK, NUSA TENGGARA BARAT (NTB) , LOMBOK BARAT , KEDIRI , KEDIRI 
BALI & LOMBOK, NUSA TENGGARA BARAT (NTB) , LOMBOK BARAT , SEKOTONG , SEKOTONG TENGAH 
BALI & LOMBOK, NUSA TENGGARA BARAT (NTB) , LOMBOK BARAT , LABUAPI , BAGIK POLAK BARAT 
BALI & LOMBOK, NUSA TENGGARA BARAT (NTB) , LOMBOK BARAT , GERUNG , GERUNG SELATAN 
BALI & LOMBOK, NUSA TENGGARA BARAT (NTB) , LOMBOK BARAT , LABUAPI , TERONG TAWAH 
BALI & LOMBOK, NUSA TENGGARA BARAT (NTB) , LOMBOK TENGAH , BATUKLIANG , MANTANG 
BALI & LOMBOK, NUSA TENGGARA BARAT (NTB) , LOMBOK TENGAH , KOPANG , KOPANG REMBIGA 
BALI & LOMBOK, NUSA TENGGARA BARAT (NTB) , LOMBOK TENGAH , PRAYA , PERAPEN 
BALI & LOMBOK, NUSA TENGGARA BARAT (NTB) , LOMBOK TENGAH , PRAYA BARAT , BATUJAI 
BALI & LOMBOK, NUSA TENGGARA BARAT (NTB) , LOMBOK TENGAH , PRAYA , RENTENG 
BALI & LOMBOK, NUSA TENGGARA BARAT (NTB) , LOMBOK TENGAH , PRAYA , PRAYA 
BALI & LOMBOK, NUSA TENGGARA BARAT (NTB) , LOMBOK TENGAH , PRINGGARATA , BAGU 
BALI & LOMBOK, NUSA TENGGARA BARAT (NTB) , LOMBOK TENGAH , PRAYA BARAT , PENUJAK 
BALI & LOMBOK, NUSA TENGGARA BARAT (NTB) , LOMBOK TENGAH , JONGGAT , UBUNG 
BALI & LOMBOK, NUSA TENGGARA BARAT (NTB) , LOMBOK TENGAH , PRINGGARATA , PEMEPEK 
BALI & LOMBOK, NUSA TENGGARA BARAT (NTB) , LOMBOK TENGAH , PUJUT , KUTA 
BALI & LOMBOK, NUSA TENGGARA BARAT (NTB) , LOMBOK TENGAH , PRAYA TIMUR , MUJUR 
BALI & LOMBOK, NUSA TENGGARA BARAT (NTB) , LOMBOK TENGAH , PRINGGARATA , PRINGARATA 
BALI & LOMBOK, NUSA TENGGARA BARAT (NTB) , LOMBOK TENGAH , JONGGAT , PUYUNG 
BALI & LOMBOK, NUSA TENGGARA BARAT (NTB) , LOMBOK TENGAH , KOPANG , DARMAJI 
BALI & LOMBOK, NUSA TENGGARA BARAT (NTB) , LOMBOK TENGAH , KOPANG , MONTONG GAMANG 
BALI & LOMBOK, NUSA TENGGARA BARAT (NTB) , LOMBOK TENGAH , PUJUT , TANAK AWU 
BALI & LOMBOK, NUSA TENGGARA BARAT (NTB) , LOMBOK TENGAH , BATUKLIANG UTARA , TERATAK 
BALI & LOMBOK, NUSA TENGGARA BARAT (NTB) , LOMBOK TENGAH , PRAYA , LENENG 
BALI & LOMBOK, NUSA TENGGARA BARAT (NTB) , LOMBOK TENGAH , PRAYA BARAT DAYA , DAREK 
BALI & LOMBOK, NUSA TENGGARA BARAT (NTB) , LOMBOK TENGAH , PRAYA TIMUR , SENGKERANG 
BALI & LOMBOK, NUSA TENGGARA BARAT (NTB) , LOMBOK TENGAH , PRAYA , SEMAYAN 
BALI & LOMBOK, NUSA TENGGARA BARAT (NTB) , LOMBOK TENGAH , PUJUT , SEGALA ANYAR 
BALI & LOMBOK, NUSA TENGGARA BARAT (NTB) , LOMBOK TENGAH , PRAYA , BUNUT BAOK 
BALI & LOMBOK, NUSA TENGGARA BARAT (NTB) , LOMBOK TENGAH , PRAYA TENGAH , LAJUT 
BALI & LOMBOK, NUSA TENGGARA BARAT (NTB) , LOMBOK TENGAH , JONGGAT , BONJERUK 
BALI & LOMBOK, NUSA TENGGARA BARAT (NTB) , LOMBOK TENGAH , KOPANG , MUNCAN 
BALI & LOMBOK, NUSA TENGGARA BARAT (NTB) , LOMBOK TENGAH , PRAYA , TIWUGALIH 
BALI & LOMBOK, NUSA TENGGARA BARAT (NTB) , LOMBOK TENGAH , JANAPRIA , JANAPRIA 
BALI & LOMBOK, NUSA TENGGARA BARAT (NTB) , LOMBOK TENGAH , BATUKLIANG UTARA , AIK BUKAK (BUKAQ) 
BALI & LOMBOK, NUSA TENGGARA BARAT (NTB) , LOMBOK TENGAH , PUJUT , SENGKOL 
BALI & LOMBOK, NUSA TENGGARA BARAT (NTB) , LOMBOK TIMUR , LABUHAN HAJI , LABUHAN HAJI 
BALI & LOMBOK, NUSA TENGGARA BARAT (NTB) , LOMBOK TIMUR , MASBAGIK , PAOKMOTONG (PAOK MOTONG) 
BALI & LOMBOK, NUSA TENGGARA BARAT (NTB) , LOMBOK TIMUR , LABUHAN HAJI , TANJUNG 
BALI & LOMBOK, NUSA TENGGARA BARAT (NTB) , LOMBOK TIMUR , SAKRA , RUMBUK 
BALI & LOMBOK, NUSA TENGGARA BARAT (NTB) , LOMBOK TIMUR , KERUAK , KERUAK 
BALI & LOMBOK, NUSA TENGGARA BARAT (NTB) , LOMBOK TIMUR , SELONG , MAJIDI 
BALI & LOMBOK, NUSA TENGGARA BARAT (NTB) , LOMBOK TIMUR , SELONG , SELONG (SELONG KOTA) 
BALI & LOMBOK, NUSA TENGGARA BARAT (NTB) , LOMBOK TIMUR , SELONG , PANCOR 
BALI & LOMBOK, NUSA TENGGARA BARAT (NTB) , LOMBOK TIMUR , SELONG , KELAYU UTARA 
BALI & LOMBOK, NUSA TENGGARA BARAT (NTB) , LOMBOK TIMUR , MASBAGIK , MASBAGIK SELATAN 
BALI & LOMBOK, NUSA TENGGARA BARAT (NTB) , LOMBOK TIMUR , WANASABA , WANASABA 
BALI & LOMBOK, NUSA TENGGARA BARAT (NTB) , LOMBOK TIMUR , PRINGGABAYA , LABUHAN LOMBOK 
BALI & LOMBOK, NUSA TENGGARA BARAT (NTB) , LOMBOK TIMUR , SAKRA , SAKRA 
BALI & LOMBOK, NUSA TENGGARA BARAT (NTB) , LOMBOK TIMUR , PRINGGABAYA , APIT AIK (APITAIK) 
BALI & LOMBOK, NUSA TENGGARA BARAT (NTB) , LOMBOK TIMUR , SELONG , RAKAM 
BALI & LOMBOK, NUSA TENGGARA BARAT (NTB) , LOMBOK TIMUR , TERARA , KALIANYAR 
BALI & LOMBOK, NUSA TENGGARA BARAT (NTB) , LOMBOK TIMUR , PRINGGABAYA , BATUYANG 
BALI & LOMBOK, NUSA TENGGARA BARAT (NTB) , LOMBOK TIMUR , LABUHAN HAJI , KORLEKO 
BALI & LOMBOK, NUSA TENGGARA BARAT (NTB) , LOMBOK TIMUR , SAKRA BARASAKRA BARAT , RENSING 
BALI & LOMBOK, NUSA TENGGARA BARAT (NTB) , LOMBOK TIMUR , PRINGGABAYA , PRINGGABAYA 
BALI & LOMBOK, NUSA TENGGARA BARAT (NTB) , LOMBOK TIMUR , PRINGGABAYA , SERUNI MUMBUL 
BALI & LOMBOK, NUSA TENGGARA BARAT (NTB) , LOMBOK TIMUR , MASBAGIK , MASBAGIK UTARA 
BALI & LOMBOK, NUSA TENGGARA BARAT (NTB) , LOMBOK TIMUR , SURALAGA , SURALAGA 
BALI & LOMBOK, NUSA TENGGARA BARAT (NTB) , LOMBOK TIMUR , KERUAK , TANJUNG LUAR 
BALI & LOMBOK, NUSA TENGGARA BARAT (NTB) , LOMBOK TIMUR , MASBAGIK , DANGER 
BALI & LOMBOK, NUSA TENGGARA BARAT (NTB) , LOMBOK TIMUR , AIKMEL , AIKMEL 
BALI & LOMBOK, NUSA TENGGARA BARAT (NTB) , LOMBOK TIMUR , MASBAGIK , MASBAGIK UTARA BARU 
BALI & LOMBOK, NUSA TENGGARA BARAT (NTB) , LOMBOK TIMUR , SIKUR , SIKUR 
BALI & LOMBOK, NUSA TENGGARA BARAT (NTB) , LOMBOK TIMUR , SUELA (SUWELA) , SUELA (SUWELA) 
BALI & LOMBOK, NUSA TENGGARA BARAT (NTB) , LOMBOK TIMUR , LABUHAN HAJI , PENEDA GANDOR (PENEDAGANDOR) 
BALI & LOMBOK, NUSA TENGGARA BARAT (NTB) , LOMBOK TIMUR , PRINGGASELA , PRINGGASELA 
BALI & LOMBOK, NUSA TENGGARA BARAT (NTB) , LOMBOK TIMUR , SEMBALUN , SEMBALUN BUMBUNG 
BALI & LOMBOK, NUSA TENGGARA BARAT (NTB) , LOMBOK TIMUR , SIKUR , KOTA RAJA (KOTARAJA) 
BALI & LOMBOK, NUSA TENGGARA BARAT (NTB) , LOMBOK TIMUR , TERARA , JENGGIK 
BALI & LOMBOK, NUSA TENGGARA BARAT (NTB) , LOMBOK TIMUR , WANASABA , MAMBEN DAYA 
BALI & LOMBOK, NUSA TENGGARA BARAT (NTB) , LOMBOK TIMUR , PRINGGABAYA , POHGADING 
BALI & LOMBOK, NUSA TENGGARA BARAT (NTB) , LOMBOK TIMUR , SUKAMULIA , DASAN LEKONG 
BALI & LOMBOK, NUSA TENGGARA BARAT (NTB) , LOMBOK TIMUR , SUELA (SUWELA) , KETANGGA 
BALI & LOMBOK, NUSA TENGGARA BARAT (NTB) , LOMBOK TIMUR , PRINGGASELA , REMPUNG 
BALI & LOMBOK, NUSA TENGGARA BARAT (NTB) , LOMBOK TIMUR , AIKMEL , KALIJAGA TIMUR 
BALI & LOMBOK, NUSA TENGGARA BARAT (NTB) , LOMBOK TIMUR , SUKAMULIA , SUKAMULIA 
BALI & LOMBOK, NUSA TENGGARA BARAT (NTB) , LOMBOK TIMUR , SURALAGA , ANJANI 
BALI & LOMBOK, NUSA TENGGARA BARAT (NTB) , LOMBOK TIMUR , WANASABA , KARANG BARU 
BALI & LOMBOK, NUSA TENGGARA BARAT (NTB) , LOMBOK TIMUR , SAKRA BARASAKRA BARAT , GUNUNG RAJAK 
BALI & LOMBOK, NUSA TENGGARA BARAT (NTB) , LOMBOK TIMUR , SAMBALIA (SAMBELIA) , SUGIAN 
BALI & LOMBOK, NUSA TENGGARA BARAT (NTB) , LOMBOK TIMUR , LABUHAN HAJI , IJOBALIT 
BALI & LOMBOK, NUSA TENGGARA BARAT (NTB) , LOMBOK TIMUR , JEROWARU , JEROWARU 
BALI & LOMBOK, NUSA TENGGARA BARAT (NTB) , LOMBOK TIMUR , SAKRA TIMUR , LEPAK 
BALI & LOMBOK, NUSA TENGGARA BARAT (NTB) , LOMBOK TIMUR , SEMBALUN , SEMBALUN LAWANG 
BALI & LOMBOK, NUSA TENGGARA BARAT (NTB) , LOMBOK TIMUR , TERARA , TERARA 
BALI & LOMBOK, NUSA TENGGARA BARAT (NTB) , LOMBOK UTARA , TANJUNG , SOKONG 
BALI & LOMBOK, NUSA TENGGARA BARAT (NTB) , LOMBOK UTARA , PEMENANG , PEMENANG BARAT 
BALI & LOMBOK, NUSA TENGGARA BARAT (NTB) , LOMBOK UTARA , TANJUNG , TANJUNG 
BALI & LOMBOK, NUSA TENGGARA BARAT (NTB) , LOMBOK UTARA , GANGGA , GENGGELANG 
BALI & LOMBOK, NUSA TENGGARA BARAT (NTB) , MATARAM , CAKRANEGARA , CAKRANEGARA BARAT 
BALI & LOMBOK, NUSA TENGGARA BARAT (NTB) , MATARAM , SELAPARANG (SELAPRANG) , DASAN AGUNG 
BALI & LOMBOK, NUSA TENGGARA BARAT (NTB) , MATARAM , MATARAM , PAGESANGAN 
BALI & LOMBOK, NUSA TENGGARA BARAT (NTB) , MATARAM , AMPENAN , AMPENAN UTARA 
BALI & LOMBOK, NUSA TENGGARA BARAT (NTB) , MATARAM , MATARAM , MATARAM TIMUR 
BALI & LOMBOK, NUSA TENGGARA BARAT (NTB) , MATARAM , SELAPARANG (SELAPRANG) , KARANG BARU 
BALI & LOMBOK, NUSA TENGGARA BARAT (NTB) , MATARAM , SELAPARANG (SELAPRANG) , REMBIGA 
BALI & LOMBOK, NUSA TENGGARA BARAT (NTB) , MATARAM , SANDUBAYA (SANDUJAYA) , BERTAIS 
BALI & LOMBOK, NUSA TENGGARA BARAT (NTB) , MATARAM , SEKARBELA , KEKALIK JAYA 
BALI & LOMBOK, NUSA TENGGARA BARAT (NTB) , MATARAM , CAKRANEGARA , SAPTA MARGA 
BALI & LOMBOK, NUSA TENGGARA BARAT (NTB) , MATARAM , SELAPARANG (SELAPRANG) , MONJOK BARAT 
BALI & LOMBOK, NUSA TENGGARA BARAT (NTB) , MATARAM , SEKARBELA , KARANG PULE 
BALI & LOMBOK, NUSA TENGGARA BARAT (NTB) , MATARAM , MATARAM , PEJANGGIK 
BALI & LOMBOK, NUSA TENGGARA BARAT (NTB) , MATARAM , CAKRANEGARA , KARANG TALIWANG 
BALI & LOMBOK, NUSA TENGGARA BARAT (NTB) , MATARAM , SEKARBELA , JEMPONG BARU (JEMPANG BARU) 
BALI & LOMBOK, NUSA TENGGARA BARAT (NTB) , MATARAM , SELAPARANG (SELAPRANG) , GOMONG 
BALI & LOMBOK, NUSA TENGGARA BARAT (NTB) , MATARAM , AMPENAN , AMPENAN TENGAH 
BALI & LOMBOK, NUSA TENGGARA BARAT (NTB) , MATARAM , AMPENAN , PEJERUK 
BALI & LOMBOK, NUSA TENGGARA BARAT (NTB) , MATARAM , CAKRANEGARA , CAKRANEGARA TIMUR 
BALI & LOMBOK, NUSA TENGGARA BARAT (NTB) , MATARAM , AMPENAN , TAMAN SARI (TAMANSARI) 
BALI & LOMBOK, NUSA TENGGARA BARAT (NTB) , MATARAM , SELAPARANG (SELAPRANG) , MONJOK TIMUR 
BALI & LOMBOK, NUSA TENGGARA BARAT (NTB) , MATARAM , MATARAM , PUNIA 
BALI & LOMBOK, NUSA TENGGARA BARAT (NTB) , MATARAM , AMPENAN , AMPENAN SELATAN 
BALI & LOMBOK, NUSA TENGGARA BARAT (NTB) , MATARAM , SANDUBAYA (SANDUJAYA) , MANDALIKA 
BALI & LOMBOK, NUSA TENGGARA BARAT (NTB) , MATARAM , MATARAM , PAGESANGAN TIMUR 
BALI & LOMBOK, NUSA TENGGARA BARAT (NTB) , MATARAM , CAKRANEGARA , CAKRANEGARA SELATAN 
BALI & LOMBOK, NUSA TENGGARA BARAT (NTB) , MATARAM , SANDUBAYA (SANDUJAYA) , SELAGALAS 
BALI & LOMBOK, NUSA TENGGARA BARAT (NTB) , MATARAM , SELAPARANG (SELAPRANG) , MATARAM BARAT 
BALI & LOMBOK, NUSA TENGGARA BARAT (NTB) , MATARAM , MATARAM , PAGUTAN 
BALI & LOMBOK, NUSA TENGGARA BARAT (NTB) , MATARAM , SELAPARANG (SELAPRANG) , MONJOK 
BALI & LOMBOK, NUSA TENGGARA BARAT (NTB) , MATARAM , AMPENAN , BINTARO 
BALI & LOMBOK, NUSA TENGGARA BARAT (NTB) , MATARAM , SANDUBAYA (SANDUJAYA) , DASAN CERMEN 
BALI & LOMBOK, NUSA TENGGARA BARAT (NTB) , MATARAM , SEKARBELA , TANJUNG KARANG PERMAI 
BALI & LOMBOK, NUSA TENGGARA BARAT (NTB) , MATARAM , CAKRANEGARA , MAYURA 
BALI & LOMBOK, NUSA TENGGARA BARAT (NTB) , MATARAM , CAKRANEGARA , CILINAYA 
BALI & LOMBOK, NUSA TENGGARA BARAT (NTB) , MATARAM , AMPENAN , DAYAN PEKEN (DOYAN PEKEN) 
BALI & LOMBOK, NUSA TENGGARA BARAT (NTB) , MATARAM , SANDUBAYA (SANDUJAYA) , ABIAN TUBUH BARU 
BALI & LOMBOK, NUSA TENGGARA BARAT (NTB) , MATARAM , SELAPARANG (SELAPRANG) , DASAN AGUNG BARU 
BALI & LOMBOK, NUSA TENGGARA BARAT (NTB) , MATARAM , MATARAM , PAGUTAN TIMUR 
BALI & LOMBOK, NUSA TENGGARA BARAT (NTB) ,  , MATARAM , PAGESANGAN BARAT 
BALI & LOMBOK, NUSA TENGGARA BARAT (NTB) , SUMBAWA , UTAN , MOTONG 
BALI & LOMBOK, NUSA TENGGARA BARAT (NTB) , SUMBAWA , SUMBAWA , PEKAT 
BALI & LOMBOK, NUSA TENGGARA BARAT (NTB) , SUMBAWA , SUMBAWA , BRANG BIJI 
BALI & LOMBOK, NUSA TENGGARA BARAT (NTB) , SUMBAWA , SUMBAWA , LEMPEH 
BALI & LOMBOK, NUSA TENGGARA BARAT (NTB) , SUMBAWA , SUMBAWA , BUGIS 
BALI & LOMBOK, NUSA TENGGARA BARAT (NTB) , SUMBAWA , SUMBAWA , UMA SIMA 
BALI & LOMBOK, NUSA TENGGARA BARAT (NTB) , SUMBAWA , LABUHAN BADAS , LABUHAN SUMBAWA (LABUAN SUMBAWA) 
BALI & LOMBOK, NUSA TENGGARA BARAT (NTB) , SUMBAWA , ALAS , BARU 
BALI & LOMBOK, NUSA TENGGARA BARAT (NTB) , SUMBAWA , SUMBAWA , BRANG BARA 
BALI & LOMBOK, NUSA TENGGARA BARAT (NTB) , SUMBAWA , SUMBAWA , SEKETENG 
BALI & LOMBOK, NUSA TENGGARA BARAT (NTB) , SUMBAWA , EMPANG , EMPANG BAWA (EMPANG BAWAH) 
BALI & LOMBOK, NUSA TENGGARA BARAT (NTB) , SUMBAWA , ALAS , DALAM 
BALI & LOMBOK, NUSA TENGGARA BARAT (NTB) , SUMBAWA , ALAS BARAT , USAR MAPIN 
BALI & LOMBOK, NUSA TENGGARA BARAT (NTB) , SUMBAWA , LABUHAN BADAS , KARANG DIMA 
BALI & LOMBOK, NUSA TENGGARA BARAT (NTB) , SUMBAWA , LAPE (LAPE LOPOK) , LAPE 
BALI & LOMBOK, NUSA TENGGARA BARAT (NTB) , SUMBAWA , UTAN , JOROK 
BALI & LOMBOK, NUSA TENGGARA BARAT (NTB) , SUMBAWA , BUER , LABUHAN BURUNG 
BALI & LOMBOK, NUSA TENGGARA BARAT (NTB) , SUMBAWA , UNTER IWES (UNTERWIRIS) , KERATO 
BALI & LOMBOK, NUSA TENGGARA BARAT (NTB) , SUMBAWA , MOYO UTARA , SEBEWE 
BALI & LOMBOK, NUSA TENGGARA BARAT (NTB) , SUMBAWA , LOPOK , LANGAM 
BALI & LOMBOK, NUSA TENGGARA BARAT (NTB) , SUMBAWA , LABANGKA , LABANGKA 
BALI & LOMBOK, NUSA TENGGARA BARAT (NTB) , SUMBAWA , RHEE , RHEE 
BALI & LOMBOK, NUSA TENGGARA BARAT (NTB) , SUMBAWA , MARONGE , LABUHAN SANGORO 
BALI & LOMBOK, NUSA TENGGARA BARAT (NTB) , SUMBAWA BARAT , TALIWANG , SAMPIR 
BALI & LOMBOK, NUSA TENGGARA BARAT (NTB) , SUMBAWA BARAT , TALIWANG , DALAM 
BALI & LOMBOK, NUSA TENGGARA BARAT (NTB) , SUMBAWA BARAT , MALUK , PASIR PUTIH 
BALI & LOMBOK, NUSA TENGGARA BARAT (NTB) , SUMBAWA BARAT , TALIWANG , MENALA 
BALI & LOMBOK, NUSA TENGGARA BARAT (NTB) , SUMBAWA BARAT , TALIWANG , KUANG 
BALI & LOMBOK, NUSA TENGGARA BARAT (NTB) , SUMBAWA BARAT , MALUK , MALUK 
BALI & LOMBOK, NUSA TENGGARA BARAT (NTB) , SUMBAWA BARAT , MALUK , BUKIT DAMAI 
BALI & LOMBOK, NUSA TENGGARA BARAT (NTB) , SUMBAWA BARAT , POTO TANO , POTO TANO 
BALI & LOMBOK, NUSA TENGGARA BARAT (NTB) , SUMBAWA BARAT , BRANG ENE , MANEMENG 
BALI & LOMBOK, NUSA TENGGARA BARAT (NTB) , SUMBAWA BARAT , SEKONGKANG , SEKONGKANG ATAS 
BALI & LOMBOK, NUSA TENGGARA BARAT (NTB) , SUMBAWA BARAT , TALIWANG , TELAGA BERTONG 
BALI & LOMBOK, NUSA TENGGARA BARAT (NTB) , SUMBAWA BARAT , JEREWEH , BERU 
BALI & LOMBOK, NUSA TENGGARA BARAT (NTB) , SUMBAWA BARAT , SATELUK (SETELUK) , SETELUK TENGAH 
BALI & LOMBOK, NUSA TENGGARA BARAT (NTB) , SUMBAWA BARAT , SEKONGKANG , KEMUNING 
BALI & LOMBOK, NUSA TENGGARA BARAT (NTB) , SUMBAWA BARAT , SATELUK (SETELUK) , AIR SUNING 
BALI & LOMBOK, BALI , TABANAN , KEDIRI , BANJAR ANYAR 
BALI & LOMBOK, BALI , TABANAN , TABANAN , DEJAN PEKEN (DAJAN PEKEN) 
BALI & LOMBOK, BALI , TABANAN , TABANAN , DAUH PEKEN 
BALI & LOMBOK, BALI , TABANAN , KEDIRI , ABIAN TUWUNG 
BALI & LOMBOK, BALI , TABANAN , BATURITI , BATURITI 
BALI & LOMBOK, BALI , TABANAN , KERAMBITAN , SAMSAM 
BALI & LOMBOK, BALI , TABANAN , KERAMBITAN , KERAMBITAN 
BALI & LOMBOK, BALI , TABANAN , PUPUAN , PUPUAN 
BALI & LOMBOK, BALI , TABANAN , KEDIRI , CEPAKA 
BALI & LOMBOK, BALI , TABANAN , BATURITI , CANDIKUNING 
BALI & LOMBOK, BALI , TABANAN , KERAMBITAN , KUKUH 
BALI & LOMBOK, BALI , TABANAN , KEDIRI , NYITDAH 
BALI & LOMBOK, BALI , TABANAN , TABANAN , DENBANTAS 
BALI & LOMBOK, BALI , TABANAN , SALAMADEG TIMUR (SALEMADEG TIMUR) , MEGATI 
BALI & LOMBOK, BALI , TABANAN , TABANAN , GUBUG 
BALI & LOMBOK, BALI , TABANAN , SALAMADEG TIMUR (SALEMADEG TIMUR) , BANTAS 
BALI & LOMBOK, BALI , TABANAN , TABANAN , BONGAN (BOONGAN) 
BALI & LOMBOK, BALI , TABANAN , BATURITI , BATUNYA 
BALI & LOMBOK, BALI , TABANAN , MARGA , BATANNYUH 
BALI & LOMBOK, BALI , TABANAN , TABANAN , WANASARI 
BALI & LOMBOK, BALI , TABANAN , KEDIRI , BERABAN 
BALI & LOMBOK, BALI , TABANAN , SALEMADEG BARAT , ANTOSARI 
BALI & LOMBOK, BALI , TABANAN , PUPUAN , PUJUNGAN 
BALI & LOMBOK, BALI , TABANAN , KERAMBITAN , MELILING 
BALI & LOMBOK, BALI , TABANAN , MARGA , MARGA 
BALI & LOMBOK, BALI , TABANAN , MARGA , KUKUH 
BALI & LOMBOK, BALI , TABANAN , BATURITI , PEREAN TENGAH 
BALI & LOMBOK, BALI , TABANAN , SELEMADEG , BEREMBENG 
BALI & LOMBOK, BALI , TABANAN , SELEMADEG , ANTAP 
BALI & LOMBOK, BALI , TABANAN , SALEMADEG BARAT , LALANGLINGGAH (LALANG LINGGAH) 
BALI & LOMBOK, BALI , TABANAN , KEDIRI , PANDAK GEDE 
BALI & LOMBOK, BALI , TABANAN , TABANAN , SUDIMARA 
BALI & LOMBOK, BALI , TABANAN , BATURITI , LUWUS 
BALI & LOMBOK, BALI , TABANAN , PENEBEL , SENGANAN 
BALI & LOMBOK, BALI , TABANAN , PENEBEL , PITRA 
BALI & LOMBOK, BALI , TABANAN , KERAMBITAN , SEMBUNG GEDE 
BALI & LOMBOK, BALI , TABANAN , TABANAN , DELOD PEKEN 
BALI & LOMBOK, BALI , TABANAN , KEDIRI , KEDIRI 
BALI & LOMBOK, BALI , TABANAN , PENEBEL , PENATAHAN 
BALI & LOMBOK, BALI , TABANAN , SELEMADEG , BAJERA 
BALI & LOMBOK, BALI , TABANAN , KEDIRI , NYAMBU 
BALI & LOMBOK, BALI , TABANAN , KEDIRI , PANDAK BANDUNG 
BALI & LOMBOK, BALI , TABANAN , TABANAN , DEJAN PEKEN (DAJAN PEKEN) 
ACEH, ACEH (NAD) , ACEH BARAT , JOHAN PAHWALAN (JOHAN PAHLAWAN) , UJONG BAROH 
ACEH, ACEH (NAD) , ACEH BARAT , JOHAN PAHWALAN (JOHAN PAHLAWAN) , UJUNG KALAK 
ACEH, ACEH (NAD) , ACEH BARAT , MEUREUBO , UJONG DRIEN 
ACEH, ACEH (NAD) , ACEH BARAT , JOHAN PAHLAWAN , SEUNEBOK 
ACEH, ACEH (NAD) , ACEH BARAT , JOHAN PAHWALAN (JOHAN PAHLAWAN) , SUAK RAYA 
ACEH, ACEH (NAD) , ACEH BARAT , MEUREUBO , PASI PINANG 
ACEH, ACEH (NAD) , ACEH BARAT , SAMATIGA , COT DARAT 
ACEH, ACEH (NAD) , ACEH BARAT , MEUREUBO , PEUNAGA RAYEUK 
ACEH, ACEH (NAD) , ACEH BARAT , JOHAN PAHWALAN (JOHAN PAHLAWAN) , SEUNEUGOK (SEUNEUBOK) 
ACEH, ACEH (NAD) , ACEH BARAT , MEUREUBO , GUNONG KLENG 
ACEH, ACEH (NAD) , ACEH BARAT , JOHAN PAHWALAN (JOHAN PAHLAWAN) , DRIEN RAMPAK 
ACEH, ACEH (NAD) , ACEH BARAT , JOHAN PAHWALAN (JOHAN PAHLAWAN) , KUTA PADANG 
ACEH, ACEH (NAD) , ACEH BARAT , JOHAN PAHWALAN (JOHAN PAHLAWAN) , GAMPA 
ACEH, ACEH (NAD) , ACEH BARAT , KAWAY XVI , KEUDE ARON 
ACEH, ACEH (NAD) , ACEH BESAR , DARUL IMARAH , LAMPEUNEURUT UJONG BLANG 
ACEH, ACEH (NAD) , ACEH BESAR , DARUL IMARAH , GUE GAJAH 
ACEH, ACEH (NAD) , ACEH BESAR , DARUL IMARAH , LAMPEUNEURUT GAMPONG 
ACEH, ACEH (NAD) , ACEH BESAR , PEUKAN BADA , AJUEN 
ACEH, ACEH (NAD) , ACEH BESAR , BLANG BINTANG (BLANK BINTANG) , COT MADHI/MADI 
ACEH, ACEH (NAD) , ACEH BESAR , KRUENG BARONA JAYA , MEUNASAH INTAN 
ACEH, ACEH (NAD) , ACEH BESAR , SUKAMAKMUR (SUKA MAKMUR) , ANEUK GALONG TITI 
ACEH, ACEH (NAD) , ACEH BESAR , PEUKAN BADA , BEURADEUN 
ACEH, ACEH (NAD) , ACEH BESAR , PEUKAN BADA , PAYA TIENG 
ACEH, ACEH (NAD) , ACEH BESAR , BAITUSSALAM , CADEK 
ACEH, ACEH (NAD) , ACEH BESAR , LEMBAH SEULAWAH , SUKA DAMAI (SUKADAMAI) 
ACEH, ACEH (NAD) , ACEH BESAR , BAITUSSALAM , KAJHU 
ACEH, ACEH (NAD) , ACEH BESAR , BAITUSSALAM , LAMPINEUNG 
ACEH, ACEH (NAD) , ACEH BESAR , DARUL IMARAH , LAMREUNG 
ACEH, ACEH (NAD) , ACEH BESAR , INGIN JAYA , JURONG PEUJERA (JURONG PEUJEURA) 
ACEH, ACEH (NAD) , ACEH BESAR , DARUL IMARAH , LAMCOT 
ACEH, ACEH (NAD) , ACEH BESAR , DARUL IMARAH , PUNIE 
ACEH, ACEH (NAD) , ACEH BESAR , INGIN JAYA , PANTEE 
ACEH, ACEH (NAD) , ACEH BESAR , DARUL IMARAH , LAM BLANG TRIENG 
ACEH, ACEH (NAD) , ACEH BESAR , KUTA BARO , BABAH JURONG 
ACEH, ACEH (NAD) , ACEH BESAR , INGIN JAYA , MEUNASAH MANYET 
ACEH, ACEH (NAD) , ACEH BESAR , DARUL IMARAH , JEUMPET AJUEN/AJUN 
ACEH, ACEH (NAD) , ACEH BESAR , INGIN JAYA , LAMPREH LAMTEUNGOH (LAMPREH L. TEUNGOH) 
ACEH, ACEH (NAD) , ACEH JAYA , TEUNOM , PANTON 
ACEH, ACEH (NAD) , ACEH JAYA , KRUENG SABEE , KEUTAPANG 
ACEH, ACEH (NAD) , ACEH JAYA , KRUENG SABEE , DAYAH BARO 
ACEH, ACEH (NAD) , ACEH JAYA , JAYA , GLE PUTOH 
ACEH, ACEH (NAD) , ACEH TENGAH , BEBESEN , SIMPANG EMPAT 
ACEH, ACEH (NAD) , ACEH TENGAH , LAUT TAWAR (LUT TAWAR) , BALE ATU 
ACEH, ACEH (NAD) , ACEH TENGAH , KEBAYAKAN , GUNUNG BUKIT 
ACEH, ACEH (NAD) , ACEH TENGAH , BEBESEN , BLANG KOLAK II 
ACEH, ACEH (NAD) , ACEH UTARA , LHOKSUKON , KOTA LHOKSUKON 
ACEH, ACEH (NAD) , ACEH UTARA , SAMUDERA , BLANG PEURIA 
ACEH, ACEH (NAD) , ACEH UTARA , MATANGKULI , KEUDE MATANG KULI 
ACEH, ACEH (NAD) , ACEH UTARA , SYAMTALIRA BAYU , BLANG BAYU 
ACEH, ACEH (NAD) , ACEH UTARA , TANAH JAMBO AYE , KOTA PANTON LABU 
ACEH, ACEH (NAD) , ACEH UTARA , LHOKSUKON , TRIENG MATANG UBI 
ACEH, ACEH (NAD) , BANDA ACEH , MEURAXA , PUNGE JURONG 
ACEH, ACEH (NAD) , BANDA ACEH , BANDA RAYA , PEUNITI 
ACEH, ACEH (NAD) , BANDA ACEH , LUENG BATA , BLANG CUT 
ACEH, ACEH (NAD) , BANDA ACEH , ULEE KARENG , IEMASEN ULEE KARENG 
ACEH, ACEH (NAD) , BANDA ACEH , KUTA ALAM , KUTA ALAM 
ACEH, ACEH (NAD) , BANDA ACEH , BAITURRAHMAN , KAMPUNG BARU 
ACEH, ACEH (NAD) , BANDA ACEH , JAYA BARU , EMPEROM 
ACEH, ACEH (NAD) , BANDA ACEH , LUENG BATA , SUKADAMAI 
ACEH, ACEH (NAD) , BANDA ACEH , MEURAXA , COT LAMKUWEUEH 
ACEH, ACEH (NAD) , BANDA ACEH , KUTA RAJA , LAMPASEH KOTA 
ACEH, ACEH (NAD) , BANDA ACEH , JAYA BARU , LAMPOH DAYA 
ACEH, ACEH (NAD) , BANDA ACEH , LUENG BATA , LUENG BATA 
ACEH, ACEH (NAD) , BANDA ACEH , BANDA RAYA , LAMPUOT 
ACEH, ACEH (NAD) , BANDA ACEH , BAITURRAHMAN , NEUSU JAYA 
ACEH, ACEH (NAD) , BANDA ACEH , SYIAH KUALA , RUKOH 
ACEH, ACEH (NAD) , BANDA ACEH , KUTA ALAM , LAKSANA 
ACEH, ACEH (NAD) , BANDA ACEH , BAITURRAHMAN , NEUSU ACEH 
ACEH, ACEH (NAD) , BANDA ACEH , ULEE KARENG , LAMBHUK 
ACEH, ACEH (NAD) , BANDA ACEH , KUTA ALAM , BEURAWE 
ACEH, ACEH (NAD) , BANDA ACEH , SYIAH KUALA , GAMPONG PEURADA 
ACEH, ACEH (NAD) , BANDA ACEH , BANDA RAYA , GEUCEU KAYEE JATO 
ACEH, ACEH (NAD) , BANDA ACEH , KUTA ALAM , BANDAR BARU 
ACEH, ACEH (NAD) , BENER MERIAH , BUKIT , BLANG SENTANG 
ACEH, ACEH (NAD) , BENER MERIAH , TIMANG GAJAH , LAMPAHAN 
ACEH, ACEH (NAD) , BENER MERIAH , BANDAR , MUTIARA 
ACEH, ACEH (NAD) , BENER MERIAH , WIH PESAM , LUT KUCAK 
ACEH, ACEH (NAD) , BENER MERIAH , WIH PESAM , SIMPANG BALIK 
ACEH, ACEH (NAD) , BIREUEN , PEUSANGAN , MATANG GLUMPANG II MEUNASAH DAYAH 
ACEH, ACEH (NAD) , BIREUEN , KOTA JUANG , BANDAR BIREUEN 
ACEH, ACEH (NAD) , BIREUEN , KOTA JUANG , BIREUN MEUNASAH CAPA 
ACEH, ACEH (NAD) , BIREUEN , KOTA JUANG , BIREUN MEUNASAH BLANG 
ACEH, ACEH (NAD) , BIREUEN , PEUDADA , MEUNASAH 
ACEH, ACEH (NAD) , BIREUEN , GANDA PURA , GAMPONG KEUDE LAPANG 
ACEH, ACEH (NAD) , BIREUEN , SAMALANGA , SANGSO 
ACEH, ACEH (NAD) , BIREUEN , JEUNIEB , MEUNASAH KOTA 
ACEH, ACEH (NAD) , BIREUEN , JULI , JULI COT MEURAK 
ACEH, ACEH (NAD) , BIREUEN , KOTA JUANG , GEULANGGANG TEUNGOH 
ACEH, ACEH (NAD) , LHOKSEUMAWE , BANDA SAKTI , KUTA BLANG 
ACEH, ACEH (NAD) , LHOKSEUMAWE , BLANG MANGAT , MESJID PUNTEUET 
ACEH, ACEH (NAD) , LHOKSEUMAWE , MUARA DUA  , UTEUN KOT  
ACEH, ACEH (NAD) , LHOKSEUMAWE , MUARA DUA , UTEUN KOT 
ACEH, ACEH (NAD) , NAGAN RAYA , KUALA , SIMPANG PEUT 
ACEH, ACEH (NAD) , NAGAN RAYA , SEUNAGAN , KUTA PAYA 
ACEH, ACEH (NAD) , NAGAN RAYA , SEUNAGAN , PAROM 
ACEH, ACEH (NAD) , NAGAN RAYA , DARUL MAKMUR , TUWI BUYA 
ACEH, ACEH (NAD) , NAGAN RAYA , KUALA , BLANG TEUNGOH 
ACEH, ACEH (NAD) , NAGAN RAYA , KUALA , BLANG MUKO 
ACEH, ACEH (NAD) , NAGAN RAYA , KUALA PESISIR , LANGKAK 
ACEH, ACEH (NAD) , NAGAN RAYA , SUKA MAKMUE , LUENG BARO 
ACEH, ACEH (NAD) , NAGAN RAYA , SEUNAGAN TIMUR , KEUDE LINTEUNG 
ACEH, ACEH (NAD) , NAGAN RAYA , DARUL MAKMUR , PULO TEUNGOH 
ACEH, ACEH (NAD) , NAGAN RAYA , BEUTONG , BLANG SEUMOT 
ACEH, ACEH (NAD) , NAGAN RAYA , DARUL MAKMUR , KUTA TRIENG 
ACEH, ACEH (NAD) , NAGAN RAYA , KUALA , UJONG PATIHAH (UJONG FATIHAH) 
ACEH, ACEH (NAD) , PIDIE , KOTA SIGLI , BLOK SAWAH 
ACEH, ACEH (NAD) , PIDIE , MUTIARA TIMUR , GAMPONG LADA 
ACEH, ACEH (NAD) , PIDIE , MUTIARA , BLANG LILUE (BLANG LILEUE) 
ACEH, ACEH (NAD) , PIDIE , SAKTI , PASAR KOTA BAKTI 
ACEH, ACEH (NAD) , PIDIE , PIDIE , PALOH 
ACEH, ACEH (NAD) , PIDIE , GRONG GRONG GRONG , GINTONG 
ACEH, ACEH (NAD) , PIDIE , GEULUMPANG TIGA , SUKON MESJID 
ACEH, ACEH (NAD) , PIDIE , KOTA SIGLI , KRAMAT LUAR 
ACEH, ACEH (NAD) , PIDIE JAYA , BANDAR BARU , KEUDE LUENG PUTU 
ACEH, ACEH (NAD) , PIDIE JAYA , MEUREUDU , KOTA MEUREUDU 
ACEH, ACEH (NAD) , PIDIE JAYA , BANDAR DUA , GAMPONG ULEE GLE (GAMPONG ULEE GLEE) 
ACEH, ACEH (NAD) , PIDIE JAYA , MEUREUDU , DAYAH TIMU 
ACEH, ACEH (NAD) , PIDIE JAYA , TRIENGGADENG , SAGOE (SAGOU) 